fecha_hora,pozo_id,equipo_id,tipo_lodo,viscosidad_funnel,densidad_lpg,caudal_gpm,malla_api
2026-05-01 00:00:00,PZ-001,EQ-001,OBM,49.0,12.6,625.8,170
2026-05-01 06:00:00,PZ-001,EQ-001,OBM,60.3,9.1,818.2,140
2026-05-01 12:00:00,PZ-001,EQ-001,WBM,50.4,10.7,675.8,200
2026-05-01 18:00:00,PZ-001,EQ-001,WBM,80.9,10.8,664.4,140
2026-05-02 00:00:00,PZ-001,EQ-001,WBM,65.5,9.2,763.3,200
2026-05-02 06:00:00,PZ-001,EQ-001,OBM,66.9,15.5,348.7,200
2026-05-02 12:00:00,PZ-001,EQ-001,WBM,57.5,10.9,755.8,140
2026-05-02 18:00:00,PZ-001,EQ-001,OBM,52.4,11.1,390.9,100
2026-05-03 00:00:00,PZ-001,EQ-001,OBM,48.9,9.0,748.5,100
2026-05-03 06:00:00,PZ-001,EQ-001,OBM,67.3,15.5,658.1,200
2026-05-03 12:00:00,PZ-001,EQ-001,OBM,54.9,9.4,471.0,230
2026-05-03 18:00:00,PZ-001,EQ-001,OBM,79.9,12.3,365.8,170
2026-05-04 00:00:00,PZ-001,EQ-001,OBM,74.7,12.5,587.5,140
2026-05-04 06:00:00,PZ-001,EQ-001,WBM,41.4,13.5,472.9,200
2026-05-04 12:00:00,PZ-001,EQ-001,WBM,58.5,14.3,425.8,170
2026-05-04 18:00:00,PZ-001,EQ-001,OBM,68.1,11.1,358.0,200
2026-05-05 00:00:00,PZ-001,EQ-001,WBM,80.2,12.8,744.1,200
2026-05-05 06:00:00,PZ-001,EQ-001,OBM,52.2,13.5,300.3,230
2026-05-05 12:00:00,PZ-001,EQ-001,WBM,63.0,11.9,422.2,170
2026-05-05 18:00:00,PZ-001,EQ-001,WBM,47.6,10.5,607.0,200
2026-05-06 00:00:00,PZ-001,EQ-001,OBM,83.3,10.8,573.5,100
2026-05-06 06:00:00,PZ-001,EQ-001,OBM,52.0,15.8,526.1,230
2026-05-06 12:00:00,PZ-001,EQ-001,OBM,70.6,12.7,546.3,200
2026-05-06 18:00:00,PZ-001,EQ-001,WBM,50.9,14.6,558.7,140
2026-05-07 00:00:00,PZ-001,EQ-001,OBM,44.1,14.8,476.4,230
2026-05-07 06:00:00,PZ-001,EQ-001,WBM,49.9,14.0,745.2,200
2026-05-07 12:00:00,PZ-001,EQ-001,WBM,71.1,11.7,815.2,100
2026-05-07 18:00:00,PZ-001,EQ-001,OBM,49.4,12.8,682.7,200
2026-05-08 00:00:00,PZ-001,EQ-001,OBM,63.2,10.8,847.9,200
2026-05-08 06:00:00,PZ-001,EQ-001,OBM,48.5,11.0,685.2,170
2026-05-08 12:00:00,PZ-001,EQ-001,OBM,79.9,15.0,814.6,200
2026-05-08 18:00:00,PZ-001,EQ-001,OBM,40.4,9.7,664.9,230
2026-05-09 00:00:00,PZ-001,EQ-001,WBM,61.9,12.1,847.0,200
2026-05-09 06:00:00,PZ-001,EQ-001,WBM,54.6,14.2,657.3,170
2026-05-09 12:00:00,PZ-001,EQ-001,OBM,44.2,11.6,445.9,230
2026-05-09 18:00:00,PZ-001,EQ-001,OBM,59.5,11.5,654.8,100
2026-05-10 00:00:00,PZ-001,EQ-001,OBM,52.6,9.2,655.0,100
2026-05-10 06:00:00,PZ-001,EQ-001,OBM,52.6,15.2,711.2,230
2026-05-10 12:00:00,PZ-001,EQ-001,OBM,83.5,15.7,769.2,230
2026-05-10 18:00:00,PZ-001,EQ-001,OBM,56.8,11.8,764.3,170
2026-05-11 00:00:00,PZ-001,EQ-001,WBM,67.7,15.9,377.0,170
2026-05-11 06:00:00,PZ-001,EQ-001,WBM,78.2,10.0,689.9,230
2026-05-11 12:00:00,PZ-001,EQ-001,OBM,51.5,13.3,344.9,100
2026-05-11 18:00:00,PZ-001,EQ-001,WBM,43.2,11.8,327.9,170
2026-05-12 00:00:00,PZ-001,EQ-001,WBM,44.2,13.0,319.8,100
2026-05-12 06:00:00,PZ-001,EQ-001,OBM,77.8,15.0,437.6,140
2026-05-12 12:00:00,PZ-001,EQ-001,WBM,45.7,12.7,723.5,200
2026-05-12 18:00:00,PZ-001,EQ-001,OBM,77.9,10.4,526.2,170
2026-05-13 00:00:00,PZ-001,EQ-001,OBM,83.9,12.6,477.6,100
2026-05-13 06:00:00,PZ-001,EQ-001,OBM,73.5,10.8,401.4,100
2026-05-13 12:00:00,PZ-001,EQ-001,WBM,81.2,12.1,431.9,100
2026-05-13 18:00:00,PZ-001,EQ-001,WBM,83.0,14.2,604.9,230
2026-05-14 00:00:00,PZ-001,EQ-001,WBM,56.0,14.3,307.9,200
2026-05-14 06:00:00,PZ-001,EQ-001,WBM,78.5,13.9,560.8,140
2026-05-14 12:00:00,PZ-001,EQ-001,OBM,55.6,12.3,657.4,140
2026-05-14 18:00:00,PZ-001,EQ-001,OBM,42.0,11.6,644.2,140
2026-05-15 00:00:00,PZ-001,EQ-001,OBM,70.8,13.3,819.1,140
2026-05-15 06:00:00,PZ-001,EQ-001,OBM,82.3,13.0,513.5,200
2026-05-15 12:00:00,PZ-001,EQ-001,OBM,76.9,13.4,751.2,140
2026-05-15 18:00:00,PZ-001,EQ-001,WBM,49.7,11.6,321.4,140
2026-05-16 00:00:00,PZ-001,EQ-001,WBM,54.4,14.9,312.8,140
2026-05-16 06:00:00,PZ-001,EQ-001,OBM,71.2,11.4,815.2,200
2026-05-16 12:00:00,PZ-001,EQ-001,WBM,73.8,14.6,844.8,200
2026-05-16 18:00:00,PZ-001,EQ-001,OBM,55.3,15.5,772.1,100
2026-05-17 00:00:00,PZ-001,EQ-001,OBM,50.7,11.6,593.9,200
2026-05-17 06:00:00,PZ-001,EQ-001,WBM,80.3,11.7,306.0,100
2026-05-17 12:00:00,PZ-001,EQ-001,WBM,83.1,13.7,565.4,140
2026-05-17 18:00:00,PZ-001,EQ-001,OBM,53.2,11.3,669.9,200
2026-05-18 00:00:00,PZ-001,EQ-001,OBM,45.1,15.5,835.8,140
2026-05-18 06:00:00,PZ-001,EQ-001,OBM,55.8,9.8,378.6,140
2026-05-18 12:00:00,PZ-001,EQ-001,OBM,77.7,12.0,422.4,100
2026-05-18 18:00:00,PZ-001,EQ-001,OBM,43.7,9.6,842.7,230
2026-05-19 00:00:00,PZ-001,EQ-001,OBM,82.6,15.9,714.4,200
2026-05-19 06:00:00,PZ-001,EQ-001,OBM,51.2,11.3,538.9,230
2026-05-19 12:00:00,PZ-001,EQ-001,OBM,42.5,9.8,364.6,100
2026-05-19 18:00:00,PZ-001,EQ-001,OBM,50.7,11.8,562.7,100
2026-05-20 00:00:00,PZ-001,EQ-001,WBM,83.3,9.1,833.4,230
2026-05-20 06:00:00,PZ-001,EQ-001,WBM,81.6,15.4,439.1,170
2026-05-20 12:00:00,PZ-001,EQ-001,OBM,68.3,13.9,550.0,230
2026-05-20 18:00:00,PZ-001,EQ-001,WBM,73.2,15.4,827.3,200
2026-05-21 00:00:00,PZ-001,EQ-001,WBM,47.6,13.5,513.5,200
2026-05-21 06:00:00,PZ-001,EQ-001,WBM,83.8,15.9,684.0,100
2026-05-21 12:00:00,PZ-001,EQ-001,OBM,67.1,10.9,373.3,170
2026-05-21 18:00:00,PZ-001,EQ-001,OBM,72.7,13.3,530.0,140
2026-05-22 00:00:00,PZ-001,EQ-001,WBM,58.5,14.4,564.2,100
2026-05-22 06:00:00,PZ-001,EQ-001,OBM,57.7,14.8,613.0,100
2026-05-22 12:00:00,PZ-001,EQ-001,OBM,52.3,9.4,775.6,100
2026-05-22 18:00:00,PZ-001,EQ-001,OBM,81.1,13.1,699.4,140
2026-05-23 00:00:00,PZ-001,EQ-001,WBM,60.3,9.9,824.7,230
2026-05-23 06:00:00,PZ-001,EQ-001,OBM,74.1,9.3,447.8,140
2026-05-23 12:00:00,PZ-001,EQ-001,OBM,77.4,11.2,749.0,200
2026-05-23 18:00:00,PZ-001,EQ-001,OBM,58.2,9.9,315.8,230
2026-05-24 00:00:00,PZ-001,EQ-001,OBM,49.6,10.0,308.0,140
2026-05-24 06:00:00,PZ-001,EQ-001,WBM,59.7,15.3,491.5,100
2026-05-24 12:00:00,PZ-001,EQ-001,WBM,68.0,15.0,822.2,200
2026-05-24 18:00:00,PZ-001,EQ-001,OBM,74.6,9.5,325.2,230
2026-05-25 00:00:00,PZ-001,EQ-001,WBM,66.1,11.4,595.5,170
2026-05-25 06:00:00,PZ-001,EQ-001,OBM,48.2,11.4,793.2,170
2026-05-25 12:00:00,PZ-001,EQ-001,OBM,67.1,10.6,752.0,140
2026-05-25 18:00:00,PZ-001,EQ-001,WBM,44.0,9.8,553.4,140
2026-05-26 00:00:00,PZ-001,EQ-001,WBM,54.9,11.3,350.8,100
2026-05-26 06:00:00,PZ-001,EQ-001,OBM,47.1,11.6,301.4,200
2026-05-26 12:00:00,PZ-001,EQ-001,OBM,48.3,10.5,503.8,140
2026-05-26 18:00:00,PZ-001,EQ-001,OBM,72.4,9.4,381.3,170
2026-05-27 00:00:00,PZ-001,EQ-001,OBM,63.0,12.7,358.9,140
2026-05-27 06:00:00,PZ-001,EQ-001,WBM,44.7,14.2,400.3,100
2026-05-27 12:00:00,PZ-001,EQ-001,WBM,64.1,10.6,488.6,100
2026-05-27 18:00:00,PZ-001,EQ-001,OBM,62.4,9.6,595.4,140
2026-05-28 00:00:00,PZ-001,EQ-001,OBM,65.4,11.7,485.6,200
2026-05-28 06:00:00,PZ-001,EQ-001,OBM,56.0,15.9,633.2,100
2026-05-28 12:00:00,PZ-001,EQ-001,WBM,47.2,10.3,456.8,100
2026-05-28 18:00:00,PZ-001,EQ-001,OBM,58.5,15.9,361.6,140
2026-05-29 00:00:00,PZ-001,EQ-001,OBM,40.2,15.8,569.9,170
2026-05-29 06:00:00,PZ-001,EQ-001,OBM,64.1,12.3,761.2,230
2026-05-29 12:00:00,PZ-001,EQ-001,WBM,73.1,12.7,689.0,230
2026-05-29 18:00:00,PZ-001,EQ-001,OBM,54.4,13.2,503.1,140
2026-05-30 00:00:00,PZ-001,EQ-001,OBM,49.1,13.8,348.3,230
2026-05-30 06:00:00,PZ-001,EQ-001,OBM,58.5,11.4,811.2,200
2026-05-30 12:00:00,PZ-001,EQ-001,WBM,72.9,15.6,399.7,170
2026-05-30 18:00:00,PZ-001,EQ-001,OBM,42.2,14.5,755.4,230
2026-05-31 00:00:00,PZ-001,EQ-001,WBM,47.4,14.7,665.9,140
2026-05-31 06:00:00,PZ-001,EQ-001,WBM,66.5,13.8,548.6,170
2026-05-31 12:00:00,PZ-001,EQ-001,OBM,59.7,13.0,495.4,140
2026-05-31 18:00:00,PZ-001,EQ-001,OBM,68.1,9.8,816.9,170
2026-06-01 00:00:00,PZ-001,EQ-001,OBM,73.4,13.0,848.7,100
2026-06-01 06:00:00,PZ-001,EQ-001,WBM,73.5,9.2,613.4,140
2026-06-01 12:00:00,PZ-001,EQ-001,OBM,44.6,12.8,508.4,230
2026-06-01 18:00:00,PZ-001,EQ-001,WBM,75.9,10.0,426.1,200
2026-06-02 00:00:00,PZ-001,EQ-001,WBM,66.9,13.0,693.9,170
2026-06-02 06:00:00,PZ-001,EQ-001,WBM,80.9,13.1,520.5,140
2026-06-02 12:00:00,PZ-001,EQ-001,WBM,66.4,12.5,636.3,200
2026-06-02 18:00:00,PZ-001,EQ-001,WBM,81.3,14.5,312.7,140
2026-06-03 00:00:00,PZ-001,EQ-001,WBM,43.1,9.5,357.3,100
2026-06-03 06:00:00,PZ-001,EQ-001,OBM,45.1,15.9,761.4,100
2026-06-03 12:00:00,PZ-001,EQ-001,WBM,50.2,13.3,508.6,230
2026-06-03 18:00:00,PZ-001,EQ-001,OBM,40.2,11.3,519.0,100
2026-06-04 00:00:00,PZ-001,EQ-001,OBM,61.0,12.4,805.2,170
2026-06-04 06:00:00,PZ-001,EQ-001,WBM,62.4,11.9,803.2,100
2026-06-04 12:00:00,PZ-001,EQ-001,WBM,49.9,10.5,583.3,100
2026-06-04 18:00:00,PZ-001,EQ-001,WBM,58.7,9.6,848.3,100
2026-06-05 00:00:00,PZ-001,EQ-001,WBM,57.9,12.0,739.9,230
2026-06-05 06:00:00,PZ-001,EQ-001,WBM,77.6,13.1,461.7,170
2026-06-05 12:00:00,PZ-001,EQ-001,OBM,59.8,11.8,607.8,200
2026-06-05 18:00:00,PZ-001,EQ-001,OBM,82.6,11.6,448.9,140
2026-06-06 00:00:00,PZ-001,EQ-001,WBM,47.0,14.0,662.4,100
2026-06-06 06:00:00,PZ-001,EQ-001,WBM,48.8,12.5,627.3,100
2026-06-06 12:00:00,PZ-001,EQ-001,WBM,69.4,10.7,354.7,170
2026-06-06 18:00:00,PZ-001,EQ-001,OBM,46.3,11.8,478.2,140
2026-06-07 00:00:00,PZ-001,EQ-001,WBM,49.4,9.2,399.8,200
2026-06-07 06:00:00,PZ-001,EQ-001,OBM,81.0,13.4,484.7,140
2026-06-07 12:00:00,PZ-001,EQ-001,WBM,77.4,11.4,725.6,100
2026-06-07 18:00:00,PZ-001,EQ-001,WBM,82.7,14.3,377.1,140
2026-06-08 00:00:00,PZ-001,EQ-001,OBM,61.2,10.3,566.6,100
2026-06-08 06:00:00,PZ-001,EQ-001,OBM,68.5,10.8,376.6,170
2026-06-08 12:00:00,PZ-001,EQ-001,WBM,80.5,13.8,675.8,140
2026-06-08 18:00:00,PZ-001,EQ-001,OBM,62.4,9.5,522.9,140
2026-06-09 00:00:00,PZ-001,EQ-001,WBM,46.3,10.8,446.6,170
2026-06-09 06:00:00,PZ-001,EQ-001,OBM,69.9,10.2,802.9,140
2026-06-09 12:00:00,PZ-001,EQ-001,OBM,59.0,11.5,827.2,100
2026-06-09 18:00:00,PZ-001,EQ-001,OBM,51.0,11.7,458.8,200
2026-06-10 00:00:00,PZ-001,EQ-001,WBM,65.5,12.3,665.0,230
2026-06-10 06:00:00,PZ-001,EQ-001,WBM,64.3,10.1,762.8,100
2026-06-10 12:00:00,PZ-001,EQ-001,OBM,55.0,14.4,358.6,100
2026-06-10 18:00:00,PZ-001,EQ-001,OBM,71.7,13.2,552.8,170
2026-06-11 00:00:00,PZ-001,EQ-001,OBM,71.3,10.9,624.6,170
2026-06-11 06:00:00,PZ-001,EQ-001,WBM,82.8,12.1,401.8,170
2026-06-11 12:00:00,PZ-001,EQ-001,OBM,69.6,13.8,767.1,100
2026-06-11 18:00:00,PZ-001,EQ-001,OBM,71.2,9.4,668.5,140
2026-06-12 00:00:00,PZ-001,EQ-001,OBM,65.0,12.3,472.1,230
2026-06-12 06:00:00,PZ-001,EQ-001,WBM,45.2,12.0,737.4,200
2026-06-12 12:00:00,PZ-001,EQ-001,WBM,77.3,9.3,627.9,170
2026-06-12 18:00:00,PZ-001,EQ-001,OBM,79.8,12.7,542.6,200
2026-06-13 00:00:00,PZ-001,EQ-001,OBM,64.2,13.6,705.8,100
2026-06-13 06:00:00,PZ-001,EQ-001,OBM,50.5,9.2,778.6,170
2026-06-13 12:00:00,PZ-001,EQ-001,OBM,82.3,14.6,848.9,200
2026-06-13 18:00:00,PZ-001,EQ-001,OBM,68.2,15.1,841.2,140
2026-06-14 00:00:00,PZ-001,EQ-001,WBM,63.5,14.1,301.8,230
2026-06-14 06:00:00,PZ-001,EQ-001,WBM,53.3,10.6,323.2,100
2026-06-14 12:00:00,PZ-001,EQ-001,WBM,44.9,11.7,368.4,170
2026-06-14 18:00:00,PZ-001,EQ-001,OBM,44.0,11.9,783.5,170
2026-06-15 00:00:00,PZ-001,EQ-001,OBM,73.5,9.5,520.9,230
2026-06-15 06:00:00,PZ-001,EQ-001,OBM,63.1,10.6,397.1,140
2026-06-15 12:00:00,PZ-001,EQ-001,OBM,77.2,14.6,646.4,100
2026-06-15 18:00:00,PZ-001,EQ-001,OBM,63.6,10.8,583.4,140
2026-06-16 00:00:00,PZ-001,EQ-001,WBM,76.7,10.6,423.1,100
2026-06-16 06:00:00,PZ-001,EQ-001,OBM,44.1,15.1,446.1,200
2026-06-16 12:00:00,PZ-001,EQ-001,WBM,78.3,9.2,481.0,100
2026-06-16 18:00:00,PZ-001,EQ-001,WBM,58.4,11.6,442.9,230
2026-06-17 00:00:00,PZ-001,EQ-001,OBM,83.3,9.8,792.0,230
2026-06-17 06:00:00,PZ-001,EQ-001,OBM,61.6,13.1,753.6,140
2026-06-17 12:00:00,PZ-001,EQ-001,OBM,73.0,12.6,777.5,200
2026-06-17 18:00:00,PZ-001,EQ-001,OBM,71.9,14.9,683.6,140
2026-06-18 00:00:00,PZ-001,EQ-001,OBM,48.5,15.2,828.7,100
2026-06-18 06:00:00,PZ-001,EQ-001,OBM,45.8,11.3,708.9,140
2026-06-18 12:00:00,PZ-001,EQ-001,OBM,62.8,9.0,457.9,170
2026-06-18 18:00:00,PZ-001,EQ-001,OBM,51.7,13.4,597.0,170
2026-06-19 00:00:00,PZ-001,EQ-001,WBM,40.8,12.0,762.1,200
2026-06-19 06:00:00,PZ-001,EQ-001,OBM,44.6,15.6,678.3,140
2026-06-19 12:00:00,PZ-001,EQ-001,WBM,74.7,14.0,560.5,140
2026-06-19 18:00:00,PZ-001,EQ-001,OBM,84.6,13.7,545.3,170
2026-06-20 00:00:00,PZ-001,EQ-001,OBM,41.1,9.2,478.0,170
2026-06-20 06:00:00,PZ-001,EQ-001,WBM,47.2,12.3,819.4,170
2026-06-20 12:00:00,PZ-001,EQ-001,WBM,75.8,13.9,421.4,140
2026-06-20 18:00:00,PZ-001,EQ-001,WBM,45.9,15.1,829.8,200
2026-06-21 00:00:00,PZ-001,EQ-001,OBM,78.6,15.8,718.1,230
2026-06-21 06:00:00,PZ-001,EQ-001,OBM,80.2,10.6,417.2,100
2026-06-21 12:00:00,PZ-001,EQ-001,WBM,78.9,12.3,832.5,100
2026-06-21 18:00:00,PZ-001,EQ-001,OBM,74.7,14.9,718.6,170
2026-06-22 00:00:00,PZ-001,EQ-001,WBM,81.0,15.8,402.0,100
2026-06-22 06:00:00,PZ-001,EQ-001,OBM,59.4,10.4,570.4,230
2026-06-22 12:00:00,PZ-001,EQ-001,OBM,54.0,12.2,306.4,140
2026-06-22 18:00:00,PZ-001,EQ-001,WBM,83.9,14.1,661.3,100
2026-06-23 00:00:00,PZ-001,EQ-001,OBM,41.8,12.4,357.7,100
2026-06-23 06:00:00,PZ-001,EQ-001,OBM,40.8,12.4,415.7,100
2026-06-23 12:00:00,PZ-001,EQ-001,WBM,54.7,12.6,348.3,230
2026-06-23 18:00:00,PZ-001,EQ-001,OBM,56.1,11.3,837.6,140
2026-06-24 00:00:00,PZ-001,EQ-001,OBM,49.0,10.2,357.5,170
2026-06-24 06:00:00,PZ-001,EQ-001,OBM,66.8,13.3,637.1,100
2026-06-24 12:00:00,PZ-001,EQ-001,OBM,72.1,14.6,486.7,170
2026-06-24 18:00:00,PZ-001,EQ-001,OBM,64.9,13.2,731.1,170
2026-06-25 00:00:00,PZ-001,EQ-001,OBM,66.7,13.6,563.6,170
2026-06-25 06:00:00,PZ-001,EQ-001,OBM,55.2,10.3,734.3,170
2026-06-25 12:00:00,PZ-001,EQ-001,WBM,69.4,11.3,598.4,170
2026-06-25 18:00:00,PZ-001,EQ-001,WBM,70.6,9.5,316.9,100
2026-06-26 00:00:00,PZ-001,EQ-001,WBM,83.2,11.9,765.4,230
2026-06-26 06:00:00,PZ-001,EQ-001,WBM,84.4,9.3,776.9,100
2026-06-26 12:00:00,PZ-001,EQ-001,OBM,61.9,15.1,795.4,140
2026-06-26 18:00:00,PZ-001,EQ-001,WBM,56.2,11.7,556.2,230
2026-06-27 00:00:00,PZ-001,EQ-001,WBM,72.2,15.4,398.8,200
2026-06-27 06:00:00,PZ-001,EQ-001,OBM,58.6,9.5,540.4,200
2026-06-27 12:00:00,PZ-001,EQ-001,OBM,66.1,13.6,352.4,100
2026-06-27 18:00:00,PZ-001,EQ-001,OBM,51.6,13.6,478.9,200
2026-06-28 00:00:00,PZ-001,EQ-001,OBM,60.4,10.7,340.4,140
2026-06-28 06:00:00,PZ-001,EQ-001,OBM,46.6,12.1,623.3,200
2026-06-28 12:00:00,PZ-001,EQ-001,WBM,47.5,9.3,705.0,230
2026-06-28 18:00:00,PZ-001,EQ-001,OBM,71.7,12.1,775.3,200
2026-06-29 00:00:00,PZ-001,EQ-001,WBM,84.4,9.9,427.1,140
2026-06-29 06:00:00,PZ-001,EQ-001,WBM,60.3,15.5,473.9,100
2026-06-29 12:00:00,PZ-001,EQ-001,OBM,57.9,12.4,677.3,140
2026-06-29 18:00:00,PZ-001,EQ-001,OBM,66.1,10.8,587.0,200
2026-06-30 00:00:00,PZ-001,EQ-001,WBM,46.0,10.0,816.9,200
2026-06-30 06:00:00,PZ-001,EQ-001,OBM,44.2,13.7,544.1,230
2026-06-30 12:00:00,PZ-001,EQ-001,WBM,69.8,15.9,505.9,140
2026-06-30 18:00:00,PZ-001,EQ-001,OBM,78.9,14.4,362.2,100
2026-07-01 00:00:00,PZ-001,EQ-001,OBM,49.7,13.6,516.6,230
2026-07-01 06:00:00,PZ-001,EQ-001,WBM,47.2,13.2,475.0,100
2026-07-01 12:00:00,PZ-001,EQ-001,OBM,75.2,13.0,706.1,200
2026-07-01 18:00:00,PZ-001,EQ-001,OBM,81.7,12.1,795.8,230
2026-07-02 00:00:00,PZ-001,EQ-001,OBM,76.8,9.8,599.5,100
2026-07-02 06:00:00,PZ-001,EQ-001,OBM,67.4,12.9,509.2,230
2026-07-02 12:00:00,PZ-001,EQ-001,WBM,56.8,10.6,340.3,170
2026-07-02 18:00:00,PZ-001,EQ-001,OBM,74.2,12.5,598.3,140
2026-07-03 00:00:00,PZ-001,EQ-001,WBM,55.4,11.7,519.4,230
2026-07-03 06:00:00,PZ-001,EQ-001,OBM,57.7,12.8,710.8,200
2026-07-03 12:00:00,PZ-001,EQ-001,WBM,48.8,9.1,656.1,200
2026-07-03 18:00:00,PZ-001,EQ-001,OBM,57.1,10.4,563.6,170
2026-07-04 00:00:00,PZ-001,EQ-001,OBM,51.6,11.0,469.0,200
2026-07-04 06:00:00,PZ-001,EQ-001,WBM,67.5,14.0,449.9,200
2026-07-04 12:00:00,PZ-001,EQ-001,OBM,45.5,15.0,739.9,100
2026-07-04 18:00:00,PZ-001,EQ-001,WBM,83.3,12.4,743.3,100
2026-07-05 00:00:00,PZ-001,EQ-001,OBM,45.1,9.0,650.9,230
2026-07-05 06:00:00,PZ-001,EQ-001,WBM,49.5,13.3,526.1,230
2026-07-05 12:00:00,PZ-001,EQ-001,OBM,65.0,10.8,466.1,170
2026-07-05 18:00:00,PZ-001,EQ-001,OBM,76.4,14.4,382.3,140
2026-07-06 00:00:00,PZ-001,EQ-001,WBM,79.1,12.3,594.4,230
2026-07-06 06:00:00,PZ-001,EQ-001,OBM,64.6,10.6,515.0,230
2026-07-06 12:00:00,PZ-001,EQ-001,WBM,52.4,13.2,671.7,140
2026-07-06 18:00:00,PZ-001,EQ-001,OBM,71.2,15.9,370.6,170
2026-07-07 00:00:00,PZ-001,EQ-001,WBM,80.7,14.4,445.7,230
2026-07-07 06:00:00,PZ-001,EQ-001,WBM,54.6,10.6,495.2,200
2026-07-07 12:00:00,PZ-001,EQ-001,OBM,70.1,9.5,652.1,140
2026-07-07 18:00:00,PZ-001,EQ-001,WBM,60.6,10.3,328.8,200
2026-07-08 00:00:00,PZ-001,EQ-001,OBM,72.9,12.3,333.1,200
2026-07-08 06:00:00,PZ-001,EQ-001,OBM,68.6,14.3,393.8,140
2026-07-08 12:00:00,PZ-001,EQ-001,OBM,74.0,11.4,665.7,200
2026-07-08 18:00:00,PZ-001,EQ-001,WBM,45.4,15.8,311.0,200
2026-07-09 00:00:00,PZ-001,EQ-001,OBM,77.9,12.6,643.0,140
2026-07-09 06:00:00,PZ-001,EQ-001,OBM,67.4,12.5,387.6,230
2026-07-09 12:00:00,PZ-001,EQ-001,WBM,51.8,11.5,348.2,170
2026-07-09 18:00:00,PZ-001,EQ-001,OBM,77.1,11.0,818.3,140
2026-07-10 00:00:00,PZ-001,EQ-001,OBM,62.4,15.9,768.3,140
2026-07-10 06:00:00,PZ-001,EQ-001,WBM,64.3,13.4,670.9,140
2026-07-10 12:00:00,PZ-001,EQ-001,OBM,75.6,11.1,344.5,230
2026-07-10 18:00:00,PZ-001,EQ-001,WBM,50.1,15.7,615.2,140
2026-07-11 00:00:00,PZ-001,EQ-001,WBM,78.8,15.5,567.9,230
2026-07-11 06:00:00,PZ-001,EQ-001,OBM,77.1,13.7,367.0,230
2026-07-11 12:00:00,PZ-001,EQ-001,WBM,83.3,12.8,831.2,200
2026-07-11 18:00:00,PZ-001,EQ-001,OBM,59.8,9.7,652.5,230
2026-07-12 00:00:00,PZ-001,EQ-001,OBM,56.4,11.7,610.4,140
2026-07-12 06:00:00,PZ-001,EQ-001,WBM,84.8,9.4,682.3,100
2026-07-12 12:00:00,PZ-001,EQ-001,WBM,43.4,14.5,446.0,200
2026-07-12 18:00:00,PZ-001,EQ-001,OBM,50.3,10.6,421.4,230
2026-07-13 00:00:00,PZ-001,EQ-001,OBM,59.2,9.9,787.6,230
2026-07-13 06:00:00,PZ-001,EQ-001,OBM,61.7,10.2,512.9,230
2026-07-13 12:00:00,PZ-001,EQ-001,OBM,61.7,9.1,442.9,140
2026-07-13 18:00:00,PZ-001,EQ-001,WBM,67.9,11.3,758.9,230
2026-07-14 00:00:00,PZ-001,EQ-001,OBM,83.2,12.4,360.4,200
2026-07-14 06:00:00,PZ-001,EQ-001,OBM,52.0,10.0,370.0,140
2026-07-14 12:00:00,PZ-001,EQ-001,OBM,61.4,11.6,517.0,140
2026-07-14 18:00:00,PZ-001,EQ-001,OBM,83.0,14.5,473.5,100
2026-07-15 00:00:00,PZ-001,EQ-001,WBM,52.6,15.5,439.2,230
2026-07-15 06:00:00,PZ-001,EQ-001,OBM,57.4,12.2,424.8,100
2026-07-15 12:00:00,PZ-001,EQ-001,OBM,46.8,14.2,581.7,230
2026-07-15 18:00:00,PZ-001,EQ-001,WBM,73.6,13.6,741.2,170
2026-07-16 00:00:00,PZ-001,EQ-001,OBM,73.2,11.5,463.1,170
2026-07-16 06:00:00,PZ-001,EQ-001,OBM,75.3,11.5,526.7,230
2026-07-16 12:00:00,PZ-001,EQ-001,OBM,51.9,9.1,345.2,200
2026-07-16 18:00:00,PZ-001,EQ-001,OBM,50.3,15.8,667.0,170
2026-07-17 00:00:00,PZ-001,EQ-001,OBM,74.9,13.5,591.7,140
2026-07-17 06:00:00,PZ-001,EQ-001,WBM,61.3,9.8,567.3,200
2026-07-17 12:00:00,PZ-001,EQ-001,WBM,45.0,13.2,352.3,170
2026-07-17 18:00:00,PZ-001,EQ-001,WBM,47.4,10.9,810.6,200
2026-07-18 00:00:00,PZ-001,EQ-001,OBM,69.1,11.0,748.8,100
2026-07-18 06:00:00,PZ-001,EQ-001,OBM,68.6,10.5,838.1,200
2026-07-18 12:00:00,PZ-001,EQ-001,WBM,64.3,14.1,359.4,230
2026-07-18 18:00:00,PZ-001,EQ-001,OBM,49.6,12.5,762.4,230
2026-07-19 00:00:00,PZ-001,EQ-001,OBM,73.5,13.3,358.3,230
2026-07-19 06:00:00,PZ-001,EQ-001,OBM,79.5,12.0,388.5,140
2026-07-19 12:00:00,PZ-001,EQ-001,OBM,52.5,10.4,783.9,140
2026-07-19 18:00:00,PZ-001,EQ-001,OBM,73.0,13.3,403.4,100
2026-07-20 00:00:00,PZ-001,EQ-001,OBM,63.6,14.9,762.0,200
2026-07-20 06:00:00,PZ-001,EQ-001,WBM,83.1,11.6,479.8,170
2026-07-20 12:00:00,PZ-001,EQ-001,OBM,62.6,9.9,512.0,200
2026-07-20 18:00:00,PZ-001,EQ-001,OBM,66.7,11.7,526.9,230
2026-07-21 00:00:00,PZ-001,EQ-001,WBM,48.2,11.7,521.3,200
2026-07-21 06:00:00,PZ-001,EQ-001,OBM,44.7,10.6,686.6,140
2026-07-21 12:00:00,PZ-001,EQ-001,OBM,41.0,11.3,650.1,170
2026-07-21 18:00:00,PZ-001,EQ-001,WBM,75.3,14.0,733.7,170
2026-07-22 00:00:00,PZ-001,EQ-001,WBM,54.8,12.0,348.7,200
2026-07-22 06:00:00,PZ-001,EQ-001,OBM,74.5,14.1,464.7,100
2026-07-22 12:00:00,PZ-001,EQ-001,OBM,75.4,9.8,525.4,200
2026-07-22 18:00:00,PZ-001,EQ-001,OBM,66.4,10.3,499.2,140
2026-07-23 00:00:00,PZ-001,EQ-001,OBM,66.4,13.1,683.7,170
2026-07-23 06:00:00,PZ-001,EQ-001,OBM,50.1,11.6,554.0,200
2026-07-23 12:00:00,PZ-001,EQ-001,OBM,61.7,9.9,344.3,140
2026-07-23 18:00:00,PZ-001,EQ-001,OBM,40.3,9.4,423.9,200
2026-07-24 00:00:00,PZ-001,EQ-001,OBM,69.6,15.7,337.9,200
2026-07-24 06:00:00,PZ-001,EQ-001,WBM,52.4,10.9,732.9,140
2026-07-24 12:00:00,PZ-001,EQ-001,OBM,60.2,14.4,336.0,230
2026-07-24 18:00:00,PZ-001,EQ-001,WBM,67.9,12.9,490.3,140
2026-07-25 00:00:00,PZ-001,EQ-001,WBM,80.5,9.2,665.1,200
2026-07-25 06:00:00,PZ-001,EQ-001,OBM,57.7,14.8,733.2,100
2026-07-25 12:00:00,PZ-001,EQ-001,OBM,46.5,14.1,405.2,100
2026-07-25 18:00:00,PZ-001,EQ-001,OBM,67.4,11.4,362.8,140
2026-07-26 00:00:00,PZ-001,EQ-001,OBM,44.0,13.8,599.8,230
2026-07-26 06:00:00,PZ-001,EQ-001,OBM,64.4,14.5,601.9,140
2026-07-26 12:00:00,PZ-001,EQ-001,OBM,61.8,10.2,820.1,100
2026-07-26 18:00:00,PZ-001,EQ-001,OBM,58.5,13.6,600.0,200
2026-07-27 00:00:00,PZ-001,EQ-001,OBM,75.7,12.5,486.9,230
2026-07-27 06:00:00,PZ-001,EQ-001,WBM,74.1,12.6,412.7,230
2026-07-27 12:00:00,PZ-001,EQ-001,WBM,51.5,15.6,608.1,200
2026-07-27 18:00:00,PZ-001,EQ-001,WBM,42.9,12.2,800.1,100
2026-07-28 00:00:00,PZ-001,EQ-001,OBM,56.7,12.2,518.6,170
2026-07-28 06:00:00,PZ-001,EQ-001,OBM,49.2,12.7,457.9,200
2026-07-28 12:00:00,PZ-001,EQ-001,WBM,54.1,13.5,407.7,140
2026-07-28 18:00:00,PZ-001,EQ-001,OBM,75.7,11.2,771.4,170
2026-07-29 00:00:00,PZ-001,EQ-001,WBM,62.8,13.2,318.4,230
2026-07-29 06:00:00,PZ-001,EQ-001,OBM,54.1,14.6,832.3,170
2026-07-29 12:00:00,PZ-001,EQ-001,OBM,62.7,15.8,529.8,230
2026-07-29 18:00:00,PZ-001,EQ-001,OBM,47.5,15.2,535.1,170
2026-07-30 00:00:00,PZ-001,EQ-001,WBM,41.3,14.8,415.4,230
2026-07-30 06:00:00,PZ-001,EQ-001,WBM,53.3,15.4,360.9,200
2026-07-30 12:00:00,PZ-001,EQ-001,OBM,77.0,12.2,496.8,140
2026-07-30 18:00:00,PZ-001,EQ-001,OBM,63.6,10.7,362.1,140
2026-07-31 00:00:00,PZ-001,EQ-001,WBM,46.4,11.4,547.7,140
2026-05-01 00:00:00,PZ-001,EQ-002,OBM,66.0,14.2,743.4,170
2026-05-01 06:00:00,PZ-001,EQ-002,WBM,70.4,11.3,677.5,200
2026-05-01 12:00:00,PZ-001,EQ-002,WBM,69.5,15.9,340.0,170
2026-05-01 18:00:00,PZ-001,EQ-002,OBM,53.7,10.5,318.3,230
2026-05-02 00:00:00,PZ-001,EQ-002,OBM,80.7,10.6,744.1,200
2026-05-02 06:00:00,PZ-001,EQ-002,WBM,80.8,13.7,608.2,170
2026-05-02 12:00:00,PZ-001,EQ-002,WBM,50.2,11.7,370.9,170
2026-05-02 18:00:00,PZ-001,EQ-002,WBM,59.0,9.3,706.9,140
2026-05-03 00:00:00,PZ-001,EQ-002,WBM,71.8,15.8,754.3,170
2026-05-03 06:00:00,PZ-001,EQ-002,WBM,83.3,14.1,467.6,100
2026-05-03 12:00:00,PZ-001,EQ-002,OBM,45.1,13.9,597.4,100
2026-05-03 18:00:00,PZ-001,EQ-002,WBM,61.1,11.1,629.1,170
2026-05-04 00:00:00,PZ-001,EQ-002,OBM,66.9,9.5,782.5,140
2026-05-04 06:00:00,PZ-001,EQ-002,OBM,80.2,10.3,343.4,230
2026-05-04 12:00:00,PZ-001,EQ-002,WBM,59.3,10.9,734.0,230
2026-05-04 18:00:00,PZ-001,EQ-002,WBM,77.4,13.2,363.2,230
2026-05-05 00:00:00,PZ-001,EQ-002,WBM,79.1,9.5,825.7,230
2026-05-05 06:00:00,PZ-001,EQ-002,WBM,81.0,12.3,375.6,170
2026-05-05 12:00:00,PZ-001,EQ-002,OBM,67.3,13.4,625.4,230
2026-05-05 18:00:00,PZ-001,EQ-002,OBM,45.9,10.6,732.7,170
2026-05-06 00:00:00,PZ-001,EQ-002,OBM,67.0,14.2,578.4,100
2026-05-06 06:00:00,PZ-001,EQ-002,WBM,46.3,10.9,834.3,230
2026-05-06 12:00:00,PZ-001,EQ-002,OBM,61.1,12.1,560.9,100
2026-05-06 18:00:00,PZ-001,EQ-002,WBM,40.3,10.5,320.2,200
2026-05-07 00:00:00,PZ-001,EQ-002,OBM,59.7,10.5,518.2,100
2026-05-07 06:00:00,PZ-001,EQ-002,WBM,67.8,9.8,489.9,100
2026-05-07 12:00:00,PZ-001,EQ-002,OBM,42.0,12.2,811.2,230
2026-05-07 18:00:00,PZ-001,EQ-002,OBM,58.5,15.4,692.7,200
2026-05-08 00:00:00,PZ-001,EQ-002,WBM,72.3,15.7,696.8,100
2026-05-08 06:00:00,PZ-001,EQ-002,WBM,51.6,9.4,632.1,140
2026-05-08 12:00:00,PZ-001,EQ-002,OBM,76.0,13.6,350.8,200
2026-05-08 18:00:00,PZ-001,EQ-002,OBM,58.2,11.2,712.4,140
2026-05-09 00:00:00,PZ-001,EQ-002,OBM,56.3,13.2,305.6,140
2026-05-09 06:00:00,PZ-001,EQ-002,WBM,46.9,10.2,650.8,230
2026-05-09 12:00:00,PZ-001,EQ-002,WBM,64.0,10.0,306.4,200
2026-05-09 18:00:00,PZ-001,EQ-002,OBM,66.0,9.3,367.7,100
2026-05-10 00:00:00,PZ-001,EQ-002,OBM,76.8,9.5,513.1,170
2026-05-10 06:00:00,PZ-001,EQ-002,OBM,52.4,11.1,733.9,200
2026-05-10 12:00:00,PZ-001,EQ-002,WBM,60.3,13.1,717.6,170
2026-05-10 18:00:00,PZ-001,EQ-002,WBM,67.0,13.9,678.6,140
2026-05-11 00:00:00,PZ-001,EQ-002,OBM,46.4,15.2,490.2,200
2026-05-11 06:00:00,PZ-001,EQ-002,OBM,57.1,9.0,512.2,170
2026-05-11 12:00:00,PZ-001,EQ-002,WBM,70.5,13.2,500.5,200
2026-05-11 18:00:00,PZ-001,EQ-002,OBM,44.7,10.2,834.6,170
2026-05-12 00:00:00,PZ-001,EQ-002,WBM,44.5,10.5,809.1,170
2026-05-12 06:00:00,PZ-001,EQ-002,WBM,74.0,12.2,459.1,230
2026-05-12 12:00:00,PZ-001,EQ-002,WBM,56.9,12.3,544.3,140
2026-05-12 18:00:00,PZ-001,EQ-002,OBM,53.0,15.7,514.2,230
2026-05-13 00:00:00,PZ-001,EQ-002,OBM,84.1,12.3,592.7,230
2026-05-13 06:00:00,PZ-001,EQ-002,OBM,59.8,11.1,442.6,170
2026-05-13 12:00:00,PZ-001,EQ-002,OBM,70.5,10.6,756.9,200
2026-05-13 18:00:00,PZ-001,EQ-002,OBM,68.2,12.4,521.0,100
2026-05-14 00:00:00,PZ-001,EQ-002,WBM,54.7,14.5,553.8,230
2026-05-14 06:00:00,PZ-001,EQ-002,OBM,72.0,15.3,372.8,170
2026-05-14 12:00:00,PZ-001,EQ-002,OBM,64.0,15.1,371.9,170
2026-05-14 18:00:00,PZ-001,EQ-002,WBM,70.6,12.3,319.0,100
2026-05-15 00:00:00,PZ-001,EQ-002,OBM,44.2,14.3,570.6,140
2026-05-15 06:00:00,PZ-001,EQ-002,OBM,65.3,12.1,633.2,100
2026-05-15 12:00:00,PZ-001,EQ-002,OBM,80.3,12.2,543.9,200
2026-05-15 18:00:00,PZ-001,EQ-002,OBM,84.8,9.4,301.7,100
2026-05-16 00:00:00,PZ-001,EQ-002,OBM,42.8,15.2,546.6,230
2026-05-16 06:00:00,PZ-001,EQ-002,WBM,73.0,14.3,811.1,170
2026-05-16 12:00:00,PZ-001,EQ-002,OBM,68.5,13.5,750.9,100
2026-05-16 18:00:00,PZ-001,EQ-002,WBM,83.1,9.1,848.8,140
2026-05-17 00:00:00,PZ-001,EQ-002,WBM,40.6,14.2,758.8,100
2026-05-17 06:00:00,PZ-001,EQ-002,WBM,82.2,14.8,745.1,100
2026-05-17 12:00:00,PZ-001,EQ-002,OBM,44.0,12.4,342.7,200
2026-05-17 18:00:00,PZ-001,EQ-002,WBM,55.7,9.8,744.5,230
2026-05-18 00:00:00,PZ-001,EQ-002,WBM,44.5,15.1,675.0,100
2026-05-18 06:00:00,PZ-001,EQ-002,OBM,71.8,9.4,340.1,230
2026-05-18 12:00:00,PZ-001,EQ-002,WBM,78.9,11.8,460.9,170
2026-05-18 18:00:00,PZ-001,EQ-002,OBM,77.9,12.8,420.6,230
2026-05-19 00:00:00,PZ-001,EQ-002,WBM,69.2,9.9,788.8,140
2026-05-19 06:00:00,PZ-001,EQ-002,OBM,43.2,13.8,433.1,200
2026-05-19 12:00:00,PZ-001,EQ-002,WBM,53.0,12.9,366.0,170
2026-05-19 18:00:00,PZ-001,EQ-002,WBM,62.4,11.0,373.6,140
2026-05-20 00:00:00,PZ-001,EQ-002,WBM,58.1,9.7,404.0,230
2026-05-20 06:00:00,PZ-001,EQ-002,WBM,71.8,9.4,761.6,100
2026-05-20 12:00:00,PZ-001,EQ-002,OBM,43.7,15.5,754.7,170
2026-05-20 18:00:00,PZ-001,EQ-002,OBM,54.1,14.5,790.5,230
2026-05-21 00:00:00,PZ-001,EQ-002,WBM,82.1,13.7,363.8,140
2026-05-21 06:00:00,PZ-001,EQ-002,OBM,78.0,13.7,376.5,230
2026-05-21 12:00:00,PZ-001,EQ-002,OBM,83.5,14.3,822.9,100
2026-05-21 18:00:00,PZ-001,EQ-002,WBM,75.2,13.5,326.5,230
2026-05-22 00:00:00,PZ-001,EQ-002,WBM,79.0,12.3,361.0,170
2026-05-22 06:00:00,PZ-001,EQ-002,WBM,74.5,11.9,752.2,140
2026-05-22 12:00:00,PZ-001,EQ-002,OBM,61.3,15.2,418.7,230
2026-05-22 18:00:00,PZ-001,EQ-002,WBM,57.8,15.5,369.1,170
2026-05-23 00:00:00,PZ-001,EQ-002,OBM,57.8,14.0,409.6,200
2026-05-23 06:00:00,PZ-001,EQ-002,WBM,70.0,14.8,730.1,230
2026-05-23 12:00:00,PZ-001,EQ-002,OBM,40.7,11.7,485.5,100
2026-05-23 18:00:00,PZ-001,EQ-002,OBM,62.2,11.8,592.0,200
2026-05-24 00:00:00,PZ-001,EQ-002,WBM,57.9,14.3,550.2,100
2026-05-24 06:00:00,PZ-001,EQ-002,OBM,45.6,9.1,723.6,100
2026-05-24 12:00:00,PZ-001,EQ-002,WBM,40.8,11.1,725.2,140
2026-05-24 18:00:00,PZ-001,EQ-002,OBM,65.7,13.0,664.7,230
2026-05-25 00:00:00,PZ-001,EQ-002,OBM,41.1,15.3,730.8,100
2026-05-25 06:00:00,PZ-001,EQ-002,WBM,46.9,15.3,690.6,230
2026-05-25 12:00:00,PZ-001,EQ-002,OBM,73.6,12.3,331.8,140
2026-05-25 18:00:00,PZ-001,EQ-002,WBM,63.9,13.6,654.5,200
2026-05-26 00:00:00,PZ-001,EQ-002,WBM,72.7,13.3,792.8,100
2026-05-26 06:00:00,PZ-001,EQ-002,OBM,46.6,14.7,649.8,200
2026-05-26 12:00:00,PZ-001,EQ-002,OBM,82.6,11.4,698.7,100
2026-05-26 18:00:00,PZ-001,EQ-002,OBM,42.8,10.0,304.3,200
2026-05-27 00:00:00,PZ-001,EQ-002,WBM,58.7,11.1,718.6,230
2026-05-27 06:00:00,PZ-001,EQ-002,OBM,67.9,15.5,718.5,140
2026-05-27 12:00:00,PZ-001,EQ-002,OBM,65.2,15.0,564.7,230
2026-05-27 18:00:00,PZ-001,EQ-002,OBM,84.2,14.6,769.6,200
2026-05-28 00:00:00,PZ-001,EQ-002,WBM,68.6,12.5,523.7,170
2026-05-28 06:00:00,PZ-001,EQ-002,OBM,51.7,12.1,626.5,140
2026-05-28 12:00:00,PZ-001,EQ-002,WBM,75.7,15.4,819.0,170
2026-05-28 18:00:00,PZ-001,EQ-002,OBM,83.5,11.7,769.8,200
2026-05-29 00:00:00,PZ-001,EQ-002,OBM,83.2,14.3,770.4,200
2026-05-29 06:00:00,PZ-001,EQ-002,WBM,64.8,14.6,325.3,140
2026-05-29 12:00:00,PZ-001,EQ-002,OBM,72.8,9.7,535.8,100
2026-05-29 18:00:00,PZ-001,EQ-002,OBM,40.0,15.3,384.6,170
2026-05-30 00:00:00,PZ-001,EQ-002,OBM,63.1,12.4,649.5,200
2026-05-30 06:00:00,PZ-001,EQ-002,OBM,82.8,13.0,496.4,140
2026-05-30 12:00:00,PZ-001,EQ-002,WBM,65.8,11.9,766.0,100
2026-05-30 18:00:00,PZ-001,EQ-002,OBM,44.6,12.5,421.5,100
2026-05-31 00:00:00,PZ-001,EQ-002,OBM,46.7,13.8,423.7,200
2026-05-31 06:00:00,PZ-001,EQ-002,OBM,66.1,12.6,717.3,170
2026-05-31 12:00:00,PZ-001,EQ-002,OBM,80.2,11.9,729.2,140
2026-05-31 18:00:00,PZ-001,EQ-002,OBM,49.2,10.8,462.6,200
2026-06-01 00:00:00,PZ-001,EQ-002,WBM,53.3,15.2,553.0,170
2026-06-01 06:00:00,PZ-001,EQ-002,WBM,71.2,14.4,660.1,170
2026-06-01 12:00:00,PZ-001,EQ-002,OBM,42.0,11.0,812.1,230
2026-06-01 18:00:00,PZ-001,EQ-002,WBM,58.7,12.7,330.0,140
2026-06-02 00:00:00,PZ-001,EQ-002,WBM,40.5,12.1,785.5,200
2026-06-02 06:00:00,PZ-001,EQ-002,WBM,69.8,14.2,766.6,140
2026-06-02 12:00:00,PZ-001,EQ-002,WBM,72.1,14.7,399.9,170
2026-06-02 18:00:00,PZ-001,EQ-002,OBM,49.9,14.3,598.4,100
2026-06-03 00:00:00,PZ-001,EQ-002,OBM,73.9,9.1,448.0,100
2026-06-03 06:00:00,PZ-001,EQ-002,OBM,61.7,11.5,822.1,100
2026-06-03 12:00:00,PZ-001,EQ-002,OBM,75.1,14.0,394.6,100
2026-06-03 18:00:00,PZ-001,EQ-002,OBM,71.4,14.0,553.9,100
2026-06-04 00:00:00,PZ-001,EQ-002,WBM,78.3,11.4,317.0,100
2026-06-04 06:00:00,PZ-001,EQ-002,WBM,55.1,15.8,771.1,100
2026-06-04 12:00:00,PZ-001,EQ-002,OBM,82.6,12.5,509.3,200
2026-06-04 18:00:00,PZ-001,EQ-002,OBM,57.3,9.2,761.4,140
2026-06-05 00:00:00,PZ-001,EQ-002,OBM,44.4,12.9,575.6,100
2026-06-05 06:00:00,PZ-001,EQ-002,OBM,59.3,11.2,565.2,230
2026-06-05 12:00:00,PZ-001,EQ-002,OBM,82.9,10.6,783.6,100
2026-06-05 18:00:00,PZ-001,EQ-002,WBM,53.1,15.1,670.0,230
2026-06-06 00:00:00,PZ-001,EQ-002,WBM,82.1,15.0,840.0,170
2026-06-06 06:00:00,PZ-001,EQ-002,OBM,42.3,12.8,458.2,170
2026-06-06 12:00:00,PZ-001,EQ-002,OBM,82.1,12.0,782.9,230
2026-06-06 18:00:00,PZ-001,EQ-002,WBM,55.0,13.7,339.7,200
2026-06-07 00:00:00,PZ-001,EQ-002,OBM,73.0,9.8,729.5,230
2026-06-07 06:00:00,PZ-001,EQ-002,OBM,81.2,9.1,547.6,140
2026-06-07 12:00:00,PZ-001,EQ-002,OBM,45.1,11.8,705.8,140
2026-06-07 18:00:00,PZ-001,EQ-002,WBM,63.4,9.5,633.0,140
2026-06-08 00:00:00,PZ-001,EQ-002,WBM,52.9,13.6,832.7,170
2026-06-08 06:00:00,PZ-001,EQ-002,WBM,81.6,9.5,536.7,200
2026-06-08 12:00:00,PZ-001,EQ-002,OBM,69.2,10.9,308.3,170
2026-06-08 18:00:00,PZ-001,EQ-002,OBM,60.3,13.7,621.0,170
2026-06-09 00:00:00,PZ-001,EQ-002,OBM,44.8,10.1,819.6,170
2026-06-09 06:00:00,PZ-001,EQ-002,WBM,66.4,13.9,674.1,200
2026-06-09 12:00:00,PZ-001,EQ-002,WBM,82.1,12.8,816.8,140
2026-06-09 18:00:00,PZ-001,EQ-002,OBM,48.5,13.7,837.4,100
2026-06-10 00:00:00,PZ-001,EQ-002,OBM,54.7,15.2,346.4,100
2026-06-10 06:00:00,PZ-001,EQ-002,WBM,59.5,14.1,305.0,200
2026-06-10 12:00:00,PZ-001,EQ-002,OBM,50.9,14.0,350.3,100
2026-06-10 18:00:00,PZ-001,EQ-002,WBM,81.0,9.2,495.8,230
2026-06-11 00:00:00,PZ-001,EQ-002,OBM,56.0,12.0,418.4,100
2026-06-11 06:00:00,PZ-001,EQ-002,WBM,82.8,14.9,742.8,170
2026-06-11 12:00:00,PZ-001,EQ-002,WBM,75.4,11.8,582.5,170
2026-06-11 18:00:00,PZ-001,EQ-002,WBM,56.7,15.4,621.4,100
2026-06-12 00:00:00,PZ-001,EQ-002,OBM,81.2,15.0,319.3,170
2026-06-12 06:00:00,PZ-001,EQ-002,OBM,51.2,13.9,535.2,200
2026-06-12 12:00:00,PZ-001,EQ-002,WBM,75.3,11.9,575.0,170
2026-06-12 18:00:00,PZ-001,EQ-002,WBM,66.6,11.9,558.2,200
2026-06-13 00:00:00,PZ-001,EQ-002,WBM,72.1,9.1,524.8,230
2026-06-13 06:00:00,PZ-001,EQ-002,WBM,48.4,13.6,784.9,230
2026-06-13 12:00:00,PZ-001,EQ-002,OBM,76.3,9.1,808.5,170
2026-06-13 18:00:00,PZ-001,EQ-002,OBM,56.1,11.5,755.7,100
2026-06-14 00:00:00,PZ-001,EQ-002,WBM,76.4,14.5,647.7,100
2026-06-14 06:00:00,PZ-001,EQ-002,OBM,79.4,9.7,516.0,170
2026-06-14 12:00:00,PZ-001,EQ-002,WBM,63.5,14.6,786.4,200
2026-06-14 18:00:00,PZ-001,EQ-002,OBM,59.8,13.3,388.2,230
2026-06-15 00:00:00,PZ-001,EQ-002,OBM,57.3,12.4,536.3,230
2026-06-15 06:00:00,PZ-001,EQ-002,OBM,63.2,10.1,346.0,100
2026-06-15 12:00:00,PZ-001,EQ-002,OBM,79.7,9.9,649.1,170
2026-06-15 18:00:00,PZ-001,EQ-002,WBM,47.5,10.7,447.2,200
2026-06-16 00:00:00,PZ-001,EQ-002,OBM,58.7,14.3,779.3,170
2026-06-16 06:00:00,PZ-001,EQ-002,OBM,47.7,12.5,526.6,100
2026-06-16 12:00:00,PZ-001,EQ-002,OBM,45.2,13.2,364.5,230
2026-06-16 18:00:00,PZ-001,EQ-002,OBM,63.1,9.8,720.6,170
2026-06-17 00:00:00,PZ-001,EQ-002,OBM,67.5,15.0,670.3,170
2026-06-17 06:00:00,PZ-001,EQ-002,OBM,71.0,10.8,305.5,200
2026-06-17 12:00:00,PZ-001,EQ-002,OBM,60.9,15.1,411.9,200
2026-06-17 18:00:00,PZ-001,EQ-002,OBM,60.3,10.3,770.2,230
2026-06-18 00:00:00,PZ-001,EQ-002,WBM,58.4,13.5,308.5,140
2026-06-18 06:00:00,PZ-001,EQ-002,OBM,57.5,12.8,832.4,200
2026-06-18 12:00:00,PZ-001,EQ-002,OBM,60.3,12.6,844.1,200
2026-06-18 18:00:00,PZ-001,EQ-002,OBM,54.5,10.5,492.8,170
2026-06-19 00:00:00,PZ-001,EQ-002,WBM,56.6,9.3,492.5,170
2026-06-19 06:00:00,PZ-001,EQ-002,OBM,77.9,11.6,647.6,140
2026-06-19 12:00:00,PZ-001,EQ-002,OBM,43.0,14.4,621.0,230
2026-06-19 18:00:00,PZ-001,EQ-002,WBM,70.5,14.3,308.0,170
2026-06-20 00:00:00,PZ-001,EQ-002,OBM,47.6,10.4,789.7,230
2026-06-20 06:00:00,PZ-001,EQ-002,WBM,67.2,12.0,725.9,140
2026-06-20 12:00:00,PZ-001,EQ-002,OBM,47.0,12.3,694.0,170
2026-06-20 18:00:00,PZ-001,EQ-002,OBM,78.8,15.1,698.4,170
2026-06-21 00:00:00,PZ-001,EQ-002,WBM,60.0,12.2,827.2,100
2026-06-21 06:00:00,PZ-001,EQ-002,OBM,51.9,15.6,650.0,100
2026-06-21 12:00:00,PZ-001,EQ-002,OBM,60.8,10.9,660.1,140
2026-06-21 18:00:00,PZ-001,EQ-002,OBM,75.0,14.3,403.2,200
2026-06-22 00:00:00,PZ-001,EQ-002,OBM,46.8,10.5,555.2,230
2026-06-22 06:00:00,PZ-001,EQ-002,WBM,65.1,9.3,666.8,100
2026-06-22 12:00:00,PZ-001,EQ-002,OBM,54.6,15.3,847.9,140
2026-06-22 18:00:00,PZ-001,EQ-002,WBM,66.0,9.5,352.2,200
2026-06-23 00:00:00,PZ-001,EQ-002,OBM,76.1,13.7,303.1,170
2026-06-23 06:00:00,PZ-001,EQ-002,WBM,58.5,9.9,312.3,170
2026-06-23 12:00:00,PZ-001,EQ-002,OBM,40.6,9.6,471.7,140
2026-06-23 18:00:00,PZ-001,EQ-002,WBM,46.0,12.6,302.9,170
2026-06-24 00:00:00,PZ-001,EQ-002,OBM,66.4,13.1,844.9,170
2026-06-24 06:00:00,PZ-001,EQ-002,OBM,65.6,15.1,508.5,140
2026-06-24 12:00:00,PZ-001,EQ-002,OBM,49.5,16.0,839.6,200
2026-06-24 18:00:00,PZ-001,EQ-002,OBM,82.3,12.5,822.1,230
2026-06-25 00:00:00,PZ-001,EQ-002,OBM,56.8,15.6,392.0,230
2026-06-25 06:00:00,PZ-001,EQ-002,OBM,83.8,9.5,605.1,100
2026-06-25 12:00:00,PZ-001,EQ-002,OBM,48.1,13.9,550.3,100
2026-06-25 18:00:00,PZ-001,EQ-002,WBM,40.9,14.5,635.3,170
2026-06-26 00:00:00,PZ-001,EQ-002,OBM,70.9,15.4,651.5,140
2026-06-26 06:00:00,PZ-001,EQ-002,WBM,65.8,10.9,806.7,140
2026-06-26 12:00:00,PZ-001,EQ-002,WBM,66.7,13.9,336.6,140
2026-06-26 18:00:00,PZ-001,EQ-002,OBM,79.6,15.2,662.5,230
2026-06-27 00:00:00,PZ-001,EQ-002,OBM,56.9,14.6,786.5,100
2026-06-27 06:00:00,PZ-001,EQ-002,WBM,80.4,13.4,835.4,230
2026-06-27 12:00:00,PZ-001,EQ-002,WBM,43.0,15.8,749.3,140
2026-06-27 18:00:00,PZ-001,EQ-002,WBM,57.4,9.5,415.9,140
2026-06-28 00:00:00,PZ-001,EQ-002,WBM,82.4,9.5,541.2,200
2026-06-28 06:00:00,PZ-001,EQ-002,OBM,83.5,12.1,453.1,170
2026-06-28 12:00:00,PZ-001,EQ-002,WBM,50.5,9.9,441.1,100
2026-06-28 18:00:00,PZ-001,EQ-002,WBM,83.9,10.2,794.0,140
2026-06-29 00:00:00,PZ-001,EQ-002,OBM,47.0,9.6,566.5,170
2026-06-29 06:00:00,PZ-001,EQ-002,OBM,46.2,13.1,578.0,170
2026-06-29 12:00:00,PZ-001,EQ-002,OBM,84.3,11.8,693.4,230
2026-06-29 18:00:00,PZ-001,EQ-002,WBM,64.6,15.9,665.3,140
2026-06-30 00:00:00,PZ-001,EQ-002,OBM,77.8,15.9,789.2,200
2026-06-30 06:00:00,PZ-001,EQ-002,OBM,62.2,12.4,761.0,100
2026-06-30 12:00:00,PZ-001,EQ-002,OBM,54.8,12.2,719.3,230
2026-06-30 18:00:00,PZ-001,EQ-002,OBM,63.0,14.2,582.1,200
2026-07-01 00:00:00,PZ-001,EQ-002,OBM,73.4,11.0,372.4,200
2026-07-01 06:00:00,PZ-001,EQ-002,OBM,62.1,11.8,796.8,230
2026-07-01 12:00:00,PZ-001,EQ-002,OBM,56.7,14.5,439.0,140
2026-07-01 18:00:00,PZ-001,EQ-002,WBM,65.1,14.9,737.8,200
2026-07-02 00:00:00,PZ-001,EQ-002,WBM,49.8,15.1,437.3,200
2026-07-02 06:00:00,PZ-001,EQ-002,WBM,56.9,10.6,446.0,100
2026-07-02 12:00:00,PZ-001,EQ-002,WBM,61.9,15.4,322.0,170
2026-07-02 18:00:00,PZ-001,EQ-002,OBM,61.1,12.3,718.3,140
2026-07-03 00:00:00,PZ-001,EQ-002,OBM,71.7,15.5,506.7,140
2026-07-03 06:00:00,PZ-001,EQ-002,WBM,49.2,11.4,580.8,200
2026-07-03 12:00:00,PZ-001,EQ-002,OBM,74.8,9.9,644.5,100
2026-07-03 18:00:00,PZ-001,EQ-002,OBM,84.8,14.6,714.6,100
2026-07-04 00:00:00,PZ-001,EQ-002,OBM,74.8,15.4,404.0,170
2026-07-04 06:00:00,PZ-001,EQ-002,WBM,76.1,11.7,712.9,170
2026-07-04 12:00:00,PZ-001,EQ-002,WBM,65.0,15.0,759.3,140
2026-07-04 18:00:00,PZ-001,EQ-002,OBM,59.4,9.6,455.5,170
2026-07-05 00:00:00,PZ-001,EQ-002,WBM,83.3,13.7,813.3,200
2026-07-05 06:00:00,PZ-001,EQ-002,OBM,48.7,11.1,640.8,230
2026-07-05 12:00:00,PZ-001,EQ-002,OBM,52.5,11.0,829.8,200
2026-07-05 18:00:00,PZ-001,EQ-002,OBM,55.6,12.0,737.0,200
2026-07-06 00:00:00,PZ-001,EQ-002,WBM,59.9,10.8,488.9,100
2026-07-06 06:00:00,PZ-001,EQ-002,WBM,56.8,15.5,334.0,100
2026-07-06 12:00:00,PZ-001,EQ-002,OBM,52.3,11.4,546.8,140
2026-07-06 18:00:00,PZ-001,EQ-002,WBM,42.7,15.3,656.1,140
2026-07-07 00:00:00,PZ-001,EQ-002,WBM,45.2,15.6,731.3,170
2026-07-07 06:00:00,PZ-001,EQ-002,OBM,58.5,11.8,786.5,200
2026-07-07 12:00:00,PZ-001,EQ-002,WBM,53.4,9.7,542.0,140
2026-07-07 18:00:00,PZ-001,EQ-002,WBM,59.3,14.8,365.9,230
2026-07-08 00:00:00,PZ-001,EQ-002,WBM,62.2,11.1,627.8,100
2026-07-08 06:00:00,PZ-001,EQ-002,WBM,64.6,15.3,489.2,200
2026-07-08 12:00:00,PZ-001,EQ-002,WBM,79.3,12.7,684.8,140
2026-07-08 18:00:00,PZ-001,EQ-002,OBM,43.7,10.8,729.0,140
2026-07-09 00:00:00,PZ-001,EQ-002,OBM,45.3,15.9,418.1,100
2026-07-09 06:00:00,PZ-001,EQ-002,OBM,71.5,13.3,774.9,200
2026-07-09 12:00:00,PZ-001,EQ-002,OBM,65.3,10.7,533.0,100
2026-07-09 18:00:00,PZ-001,EQ-002,OBM,50.8,10.0,363.6,100
2026-07-10 00:00:00,PZ-001,EQ-002,OBM,50.2,13.3,439.1,140
2026-07-10 06:00:00,PZ-001,EQ-002,OBM,76.9,12.3,493.0,100
2026-07-10 12:00:00,PZ-001,EQ-002,WBM,43.8,12.3,565.2,170
2026-07-10 18:00:00,PZ-001,EQ-002,WBM,76.4,14.8,511.5,100
2026-07-11 00:00:00,PZ-001,EQ-002,WBM,40.8,13.8,342.1,100
2026-07-11 06:00:00,PZ-001,EQ-002,OBM,54.0,10.7,659.8,140
2026-07-11 12:00:00,PZ-001,EQ-002,OBM,72.2,9.5,529.7,170
2026-07-11 18:00:00,PZ-001,EQ-002,WBM,71.2,13.5,427.3,170
2026-07-12 00:00:00,PZ-001,EQ-002,OBM,76.7,13.3,505.4,170
2026-07-12 06:00:00,PZ-001,EQ-002,OBM,73.8,12.7,595.8,230
2026-07-12 12:00:00,PZ-001,EQ-002,WBM,48.2,10.1,755.0,200
2026-07-12 18:00:00,PZ-001,EQ-002,WBM,79.6,12.9,427.3,170
2026-07-13 00:00:00,PZ-001,EQ-002,WBM,77.6,9.4,555.5,140
2026-07-13 06:00:00,PZ-001,EQ-002,WBM,44.1,11.2,323.7,230
2026-07-13 12:00:00,PZ-001,EQ-002,OBM,77.1,10.0,758.1,140
2026-07-13 18:00:00,PZ-001,EQ-002,WBM,74.6,12.5,538.6,140
2026-07-14 00:00:00,PZ-001,EQ-002,WBM,65.8,11.3,321.6,170
2026-07-14 06:00:00,PZ-001,EQ-002,OBM,71.4,11.3,428.6,170
2026-07-14 12:00:00,PZ-001,EQ-002,OBM,76.2,15.6,520.1,170
2026-07-14 18:00:00,PZ-001,EQ-002,OBM,84.9,10.3,552.8,140
2026-07-15 00:00:00,PZ-001,EQ-002,OBM,48.2,13.4,422.5,200
2026-07-15 06:00:00,PZ-001,EQ-002,OBM,47.2,10.2,530.0,100
2026-07-15 12:00:00,PZ-001,EQ-002,OBM,71.1,11.4,742.7,100
2026-07-15 18:00:00,PZ-001,EQ-002,OBM,47.3,10.6,313.0,230
2026-07-16 00:00:00,PZ-001,EQ-002,WBM,51.9,11.0,452.7,100
2026-07-16 06:00:00,PZ-001,EQ-002,WBM,41.8,13.0,516.1,230
2026-07-16 12:00:00,PZ-001,EQ-002,OBM,75.2,11.2,436.3,140
2026-07-16 18:00:00,PZ-001,EQ-002,WBM,83.8,12.8,451.4,170
2026-07-17 00:00:00,PZ-001,EQ-002,OBM,45.9,12.6,406.9,200
2026-07-17 06:00:00,PZ-001,EQ-002,OBM,76.3,10.6,424.3,230
2026-07-17 12:00:00,PZ-001,EQ-002,WBM,48.7,9.4,644.6,230
2026-07-17 18:00:00,PZ-001,EQ-002,WBM,73.9,9.4,570.9,230
2026-07-18 00:00:00,PZ-001,EQ-002,OBM,71.2,12.9,418.9,230
2026-07-18 06:00:00,PZ-001,EQ-002,OBM,46.9,10.0,447.5,200
2026-07-18 12:00:00,PZ-001,EQ-002,WBM,47.7,14.8,621.7,170
2026-07-18 18:00:00,PZ-001,EQ-002,WBM,68.9,10.8,787.3,200
2026-07-19 00:00:00,PZ-001,EQ-002,WBM,45.0,13.5,781.3,100
2026-07-19 06:00:00,PZ-001,EQ-002,OBM,44.8,9.3,661.0,170
2026-07-19 12:00:00,PZ-001,EQ-002,OBM,52.2,9.6,845.9,140
2026-07-19 18:00:00,PZ-001,EQ-002,WBM,47.6,11.5,718.9,230
2026-07-20 00:00:00,PZ-001,EQ-002,WBM,61.0,13.3,526.2,140
2026-07-20 06:00:00,PZ-001,EQ-002,OBM,62.5,13.5,312.9,170
2026-07-20 12:00:00,PZ-001,EQ-002,WBM,44.5,13.2,588.0,200
2026-07-20 18:00:00,PZ-001,EQ-002,OBM,84.6,11.1,415.7,140
2026-07-21 00:00:00,PZ-001,EQ-002,OBM,63.0,9.4,458.3,140
2026-07-21 06:00:00,PZ-001,EQ-002,OBM,54.6,13.7,626.8,140
2026-07-21 12:00:00,PZ-001,EQ-002,WBM,40.1,11.6,378.9,230
2026-07-21 18:00:00,PZ-001,EQ-002,OBM,54.6,13.6,658.7,230
2026-07-22 00:00:00,PZ-001,EQ-002,WBM,45.5,13.9,362.4,140
2026-07-22 06:00:00,PZ-001,EQ-002,OBM,58.5,9.9,315.3,140
2026-07-22 12:00:00,PZ-001,EQ-002,WBM,41.3,13.4,534.5,200
2026-07-22 18:00:00,PZ-001,EQ-002,OBM,68.5,14.6,518.8,200
2026-07-23 00:00:00,PZ-001,EQ-002,WBM,41.1,11.5,600.7,230
2026-07-23 06:00:00,PZ-001,EQ-002,WBM,81.3,11.8,378.8,200
2026-07-23 12:00:00,PZ-001,EQ-002,OBM,75.3,16.0,633.0,100
2026-07-23 18:00:00,PZ-001,EQ-002,OBM,66.2,10.8,716.0,170
2026-07-24 00:00:00,PZ-001,EQ-002,WBM,45.7,12.1,323.4,200
2026-07-24 06:00:00,PZ-001,EQ-002,OBM,65.0,11.4,374.0,200
2026-07-24 12:00:00,PZ-001,EQ-002,OBM,62.5,11.2,791.8,170
2026-07-24 18:00:00,PZ-001,EQ-002,OBM,56.0,10.8,307.1,230
2026-07-25 00:00:00,PZ-001,EQ-002,OBM,63.2,9.6,601.9,140
2026-07-25 06:00:00,PZ-001,EQ-002,WBM,50.8,9.7,473.2,170
2026-07-25 12:00:00,PZ-001,EQ-002,OBM,58.2,9.6,336.2,200
2026-07-25 18:00:00,PZ-001,EQ-002,OBM,54.7,11.1,521.5,230
2026-07-26 00:00:00,PZ-001,EQ-002,OBM,71.3,11.6,706.2,230
2026-07-26 06:00:00,PZ-001,EQ-002,OBM,71.5,14.3,780.1,170
2026-07-26 12:00:00,PZ-001,EQ-002,OBM,48.4,9.2,456.5,200
2026-07-26 18:00:00,PZ-001,EQ-002,OBM,50.5,10.6,603.1,140
2026-07-27 00:00:00,PZ-001,EQ-002,OBM,66.4,12.8,347.3,170
2026-07-27 06:00:00,PZ-001,EQ-002,OBM,61.3,9.5,326.5,140
2026-07-27 12:00:00,PZ-001,EQ-002,WBM,62.4,13.8,438.8,100
2026-07-27 18:00:00,PZ-001,EQ-002,OBM,76.4,13.1,701.6,170
2026-07-28 00:00:00,PZ-001,EQ-002,OBM,71.5,14.4,485.5,170
2026-07-28 06:00:00,PZ-001,EQ-002,WBM,54.2,9.4,721.6,100
2026-07-28 12:00:00,PZ-001,EQ-002,OBM,81.9,13.7,469.0,200
2026-07-28 18:00:00,PZ-001,EQ-002,WBM,45.4,13.1,833.1,140
2026-07-29 00:00:00,PZ-001,EQ-002,OBM,43.5,10.2,333.6,200
2026-07-29 06:00:00,PZ-001,EQ-002,OBM,56.0,11.8,363.3,100
2026-07-29 12:00:00,PZ-001,EQ-002,WBM,69.7,12.1,656.5,100
2026-07-29 18:00:00,PZ-001,EQ-002,OBM,83.0,10.1,562.6,230
2026-07-30 00:00:00,PZ-001,EQ-002,OBM,53.4,10.1,671.6,200
2026-07-30 06:00:00,PZ-001,EQ-002,WBM,42.6,12.9,627.4,100
2026-07-30 12:00:00,PZ-001,EQ-002,WBM,51.4,11.1,591.5,170
2026-07-30 18:00:00,PZ-001,EQ-002,OBM,57.8,11.1,378.9,170
2026-07-31 00:00:00,PZ-001,EQ-002,OBM,43.6,15.6,715.3,100
2026-05-01 00:00:00,PZ-001,EQ-003,WBM,61.5,13.4,755.8,0
2026-05-01 06:00:00,PZ-001,EQ-003,WBM,82.3,9.9,781.3,0
2026-05-01 12:00:00,PZ-001,EQ-003,WBM,72.5,9.3,523.0,0
2026-05-01 18:00:00,PZ-001,EQ-003,OBM,82.1,13.7,564.7,0
2026-05-02 00:00:00,PZ-001,EQ-003,OBM,41.0,15.9,347.4,0
2026-05-02 06:00:00,PZ-001,EQ-003,WBM,45.9,12.1,654.2,0
2026-05-02 12:00:00,PZ-001,EQ-003,WBM,67.0,15.3,510.8,0
2026-05-02 18:00:00,PZ-001,EQ-003,OBM,42.2,14.7,754.5,0
2026-05-03 00:00:00,PZ-001,EQ-003,WBM,76.0,12.9,754.3,0
2026-05-03 06:00:00,PZ-001,EQ-003,OBM,66.9,11.9,826.9,0
2026-05-03 12:00:00,PZ-001,EQ-003,OBM,49.9,13.4,614.4,0
2026-05-03 18:00:00,PZ-001,EQ-003,WBM,67.2,14.3,587.9,0
2026-05-04 00:00:00,PZ-001,EQ-003,OBM,43.6,12.1,389.9,0
2026-05-04 06:00:00,PZ-001,EQ-003,WBM,57.4,9.4,518.8,0
2026-05-04 12:00:00,PZ-001,EQ-003,OBM,57.2,14.9,379.9,0
2026-05-04 18:00:00,PZ-001,EQ-003,WBM,43.2,13.0,611.3,0
2026-05-05 00:00:00,PZ-001,EQ-003,OBM,83.2,9.3,353.9,0
2026-05-05 06:00:00,PZ-001,EQ-003,WBM,64.4,13.5,325.1,0
2026-05-05 12:00:00,PZ-001,EQ-003,OBM,53.3,9.5,393.4,0
2026-05-05 18:00:00,PZ-001,EQ-003,WBM,63.3,10.7,497.0,0
2026-05-06 00:00:00,PZ-001,EQ-003,OBM,82.7,10.0,510.2,0
2026-05-06 06:00:00,PZ-001,EQ-003,WBM,40.2,13.7,653.0,0
2026-05-06 12:00:00,PZ-001,EQ-003,OBM,58.7,9.2,484.5,0
2026-05-06 18:00:00,PZ-001,EQ-003,WBM,83.1,13.2,700.8,0
2026-05-07 00:00:00,PZ-001,EQ-003,WBM,50.7,9.7,398.5,0
2026-05-07 06:00:00,PZ-001,EQ-003,OBM,64.6,12.3,807.3,0
2026-05-07 12:00:00,PZ-001,EQ-003,WBM,55.7,14.5,845.9,0
2026-05-07 18:00:00,PZ-001,EQ-003,OBM,77.4,10.6,519.6,0
2026-05-08 00:00:00,PZ-001,EQ-003,OBM,48.1,14.6,483.8,0
2026-05-08 06:00:00,PZ-001,EQ-003,OBM,66.0,14.8,742.3,0
2026-05-08 12:00:00,PZ-001,EQ-003,WBM,71.1,10.0,528.7,0
2026-05-08 18:00:00,PZ-001,EQ-003,OBM,63.4,16.0,374.4,0
2026-05-09 00:00:00,PZ-001,EQ-003,WBM,46.0,10.1,822.1,0
2026-05-09 06:00:00,PZ-001,EQ-003,OBM,84.6,10.5,495.5,0
2026-05-09 12:00:00,PZ-001,EQ-003,OBM,58.8,11.5,626.6,0
2026-05-09 18:00:00,PZ-001,EQ-003,WBM,61.2,12.9,613.7,0
2026-05-10 00:00:00,PZ-001,EQ-003,OBM,41.1,11.5,729.1,0
2026-05-10 06:00:00,PZ-001,EQ-003,WBM,71.3,13.0,737.9,0
2026-05-10 12:00:00,PZ-001,EQ-003,OBM,62.0,9.9,443.7,0
2026-05-10 18:00:00,PZ-001,EQ-003,OBM,63.1,11.0,303.6,0
2026-05-11 00:00:00,PZ-001,EQ-003,WBM,73.1,9.2,621.7,0
2026-05-11 06:00:00,PZ-001,EQ-003,WBM,61.2,9.6,644.1,0
2026-05-11 12:00:00,PZ-001,EQ-003,OBM,63.5,15.3,408.0,0
2026-05-11 18:00:00,PZ-001,EQ-003,OBM,66.0,15.2,628.3,0
2026-05-12 00:00:00,PZ-001,EQ-003,OBM,73.7,15.4,614.7,0
2026-05-12 06:00:00,PZ-001,EQ-003,WBM,48.9,10.7,468.5,0
2026-05-12 12:00:00,PZ-001,EQ-003,OBM,59.2,13.3,344.9,0
2026-05-12 18:00:00,PZ-001,EQ-003,WBM,63.3,10.5,455.8,0
2026-05-13 00:00:00,PZ-001,EQ-003,OBM,40.6,13.5,667.9,0
2026-05-13 06:00:00,PZ-001,EQ-003,OBM,40.9,10.1,787.4,0
2026-05-13 12:00:00,PZ-001,EQ-003,OBM,69.8,13.8,812.5,0
2026-05-13 18:00:00,PZ-001,EQ-003,OBM,52.9,15.2,327.1,0
2026-05-14 00:00:00,PZ-001,EQ-003,OBM,51.5,10.5,376.0,0
2026-05-14 06:00:00,PZ-001,EQ-003,OBM,70.4,10.7,716.9,0
2026-05-14 12:00:00,PZ-001,EQ-003,WBM,58.5,10.5,837.1,0
2026-05-14 18:00:00,PZ-001,EQ-003,OBM,53.7,14.5,721.2,0
2026-05-15 00:00:00,PZ-001,EQ-003,OBM,57.7,9.9,669.4,0
2026-05-15 06:00:00,PZ-001,EQ-003,OBM,49.3,12.5,471.7,0
2026-05-15 12:00:00,PZ-001,EQ-003,OBM,73.5,10.6,522.9,0
2026-05-15 18:00:00,PZ-001,EQ-003,WBM,75.3,15.4,503.6,0
2026-05-16 00:00:00,PZ-001,EQ-003,OBM,78.1,10.3,826.0,0
2026-05-16 06:00:00,PZ-001,EQ-003,WBM,42.8,12.4,360.0,0
2026-05-16 12:00:00,PZ-001,EQ-003,WBM,76.4,15.1,466.4,0
2026-05-16 18:00:00,PZ-001,EQ-003,OBM,74.4,10.0,679.7,0
2026-05-17 00:00:00,PZ-001,EQ-003,OBM,54.9,12.5,655.1,0
2026-05-17 06:00:00,PZ-001,EQ-003,WBM,54.0,14.6,773.8,0
2026-05-17 12:00:00,PZ-001,EQ-003,OBM,54.8,13.6,713.5,0
2026-05-17 18:00:00,PZ-001,EQ-003,OBM,54.1,15.0,372.4,0
2026-05-18 00:00:00,PZ-001,EQ-003,OBM,70.5,10.8,780.2,0
2026-05-18 06:00:00,PZ-001,EQ-003,WBM,72.3,12.3,767.0,0
2026-05-18 12:00:00,PZ-001,EQ-003,WBM,77.6,12.8,404.1,0
2026-05-18 18:00:00,PZ-001,EQ-003,OBM,67.2,12.2,755.8,0
2026-05-19 00:00:00,PZ-001,EQ-003,OBM,44.7,14.9,669.1,0
2026-05-19 06:00:00,PZ-001,EQ-003,WBM,79.6,14.1,361.9,0
2026-05-19 12:00:00,PZ-001,EQ-003,OBM,42.1,15.7,673.5,0
2026-05-19 18:00:00,PZ-001,EQ-003,WBM,51.2,15.6,464.0,0
2026-05-20 00:00:00,PZ-001,EQ-003,WBM,46.3,9.1,599.3,0
2026-05-20 06:00:00,PZ-001,EQ-003,WBM,56.1,11.4,586.3,0
2026-05-20 12:00:00,PZ-001,EQ-003,OBM,62.7,12.6,376.1,0
2026-05-20 18:00:00,PZ-001,EQ-003,WBM,43.3,13.6,627.5,0
2026-05-21 00:00:00,PZ-001,EQ-003,OBM,75.3,10.4,751.1,0
2026-05-21 06:00:00,PZ-001,EQ-003,OBM,60.6,10.8,713.7,0
2026-05-21 12:00:00,PZ-001,EQ-003,WBM,66.8,16.0,539.4,0
2026-05-21 18:00:00,PZ-001,EQ-003,WBM,42.5,10.4,530.3,0
2026-05-22 00:00:00,PZ-001,EQ-003,WBM,81.2,14.9,708.3,0
2026-05-22 06:00:00,PZ-001,EQ-003,WBM,43.0,14.1,810.8,0
2026-05-22 12:00:00,PZ-001,EQ-003,WBM,63.1,11.4,506.2,0
2026-05-22 18:00:00,PZ-001,EQ-003,OBM,45.0,9.2,846.9,0
2026-05-23 00:00:00,PZ-001,EQ-003,WBM,48.5,9.3,515.5,0
2026-05-23 06:00:00,PZ-001,EQ-003,WBM,60.0,13.7,579.9,0
2026-05-23 12:00:00,PZ-001,EQ-003,OBM,40.4,14.4,553.4,0
2026-05-23 18:00:00,PZ-001,EQ-003,OBM,84.4,14.3,436.7,0
2026-05-24 00:00:00,PZ-001,EQ-003,OBM,78.6,9.7,688.5,0
2026-05-24 06:00:00,PZ-001,EQ-003,WBM,58.2,10.6,750.4,0
2026-05-24 12:00:00,PZ-001,EQ-003,OBM,40.0,11.2,432.6,0
2026-05-24 18:00:00,PZ-001,EQ-003,WBM,48.4,12.9,460.2,0
2026-05-25 00:00:00,PZ-001,EQ-003,WBM,79.4,15.3,571.1,0
2026-05-25 06:00:00,PZ-001,EQ-003,WBM,82.9,9.4,463.7,0
2026-05-25 12:00:00,PZ-001,EQ-003,WBM,47.4,14.5,367.4,0
2026-05-25 18:00:00,PZ-001,EQ-003,WBM,43.2,15.4,404.6,0
2026-05-26 00:00:00,PZ-001,EQ-003,OBM,43.5,15.7,435.8,0
2026-05-26 06:00:00,PZ-001,EQ-003,WBM,78.4,9.1,581.5,0
2026-05-26 12:00:00,PZ-001,EQ-003,OBM,80.9,14.7,788.5,0
2026-05-26 18:00:00,PZ-001,EQ-003,WBM,53.0,11.6,516.3,0
2026-05-27 00:00:00,PZ-001,EQ-003,WBM,71.1,10.2,470.7,0
2026-05-27 06:00:00,PZ-001,EQ-003,OBM,73.3,13.5,385.7,0
2026-05-27 12:00:00,PZ-001,EQ-003,WBM,57.0,11.9,321.9,0
2026-05-27 18:00:00,PZ-001,EQ-003,OBM,82.9,11.5,323.7,0
2026-05-28 00:00:00,PZ-001,EQ-003,WBM,82.7,10.0,719.9,0
2026-05-28 06:00:00,PZ-001,EQ-003,OBM,57.2,14.4,488.4,0
2026-05-28 12:00:00,PZ-001,EQ-003,WBM,46.6,15.6,804.7,0
2026-05-28 18:00:00,PZ-001,EQ-003,OBM,76.4,9.5,484.1,0
2026-05-29 00:00:00,PZ-001,EQ-003,OBM,56.0,10.0,628.1,0
2026-05-29 06:00:00,PZ-001,EQ-003,WBM,46.0,10.4,430.6,0
2026-05-29 12:00:00,PZ-001,EQ-003,OBM,67.0,13.9,499.4,0
2026-05-29 18:00:00,PZ-001,EQ-003,WBM,61.1,14.6,399.1,0
2026-05-30 00:00:00,PZ-001,EQ-003,OBM,55.4,13.8,313.9,0
2026-05-30 06:00:00,PZ-001,EQ-003,WBM,42.5,13.3,432.4,0
2026-05-30 12:00:00,PZ-001,EQ-003,WBM,46.6,11.1,349.4,0
2026-05-30 18:00:00,PZ-001,EQ-003,WBM,61.8,9.9,469.2,0
2026-05-31 00:00:00,PZ-001,EQ-003,WBM,83.5,10.4,707.9,0
2026-05-31 06:00:00,PZ-001,EQ-003,OBM,64.9,12.7,407.5,0
2026-05-31 12:00:00,PZ-001,EQ-003,OBM,54.8,11.6,717.9,0
2026-05-31 18:00:00,PZ-001,EQ-003,OBM,73.2,13.2,784.5,0
2026-06-01 00:00:00,PZ-001,EQ-003,WBM,60.9,10.6,709.1,0
2026-06-01 06:00:00,PZ-001,EQ-003,OBM,55.4,15.7,544.7,0
2026-06-01 12:00:00,PZ-001,EQ-003,WBM,80.9,13.0,719.2,0
2026-06-01 18:00:00,PZ-001,EQ-003,WBM,59.5,14.9,499.8,0
2026-06-02 00:00:00,PZ-001,EQ-003,OBM,68.0,14.2,742.8,0
2026-06-02 06:00:00,PZ-001,EQ-003,WBM,42.3,11.8,670.6,0
2026-06-02 12:00:00,PZ-001,EQ-003,OBM,56.1,13.4,402.5,0
2026-06-02 18:00:00,PZ-001,EQ-003,OBM,49.2,11.0,711.7,0
2026-06-03 00:00:00,PZ-001,EQ-003,WBM,83.5,14.0,826.4,0
2026-06-03 06:00:00,PZ-001,EQ-003,OBM,80.4,12.7,689.0,0
2026-06-03 12:00:00,PZ-001,EQ-003,OBM,45.6,10.4,300.5,0
2026-06-03 18:00:00,PZ-001,EQ-003,OBM,50.9,13.6,761.5,0
2026-06-04 00:00:00,PZ-001,EQ-003,WBM,72.8,13.2,702.2,0
2026-06-04 06:00:00,PZ-001,EQ-003,OBM,65.8,11.4,656.7,0
2026-06-04 12:00:00,PZ-001,EQ-003,OBM,45.4,11.3,748.7,0
2026-06-04 18:00:00,PZ-001,EQ-003,WBM,61.3,15.0,487.0,0
2026-06-05 00:00:00,PZ-001,EQ-003,WBM,75.0,14.9,400.0,0
2026-06-05 06:00:00,PZ-001,EQ-003,WBM,71.8,12.7,649.4,0
2026-06-05 12:00:00,PZ-001,EQ-003,WBM,41.9,11.3,607.9,0
2026-06-05 18:00:00,PZ-001,EQ-003,OBM,59.6,15.7,695.6,0
2026-06-06 00:00:00,PZ-001,EQ-003,OBM,51.7,9.4,699.3,0
2026-06-06 06:00:00,PZ-001,EQ-003,WBM,64.0,13.0,630.3,0
2026-06-06 12:00:00,PZ-001,EQ-003,WBM,67.8,15.8,700.2,0
2026-06-06 18:00:00,PZ-001,EQ-003,OBM,66.6,10.3,666.7,0
2026-06-07 00:00:00,PZ-001,EQ-003,OBM,62.0,12.7,483.9,0
2026-06-07 06:00:00,PZ-001,EQ-003,WBM,76.2,10.3,346.7,0
2026-06-07 12:00:00,PZ-001,EQ-003,OBM,59.7,10.9,607.0,0
2026-06-07 18:00:00,PZ-001,EQ-003,OBM,81.5,12.5,480.3,0
2026-06-08 00:00:00,PZ-001,EQ-003,WBM,61.4,11.4,806.3,0
2026-06-08 06:00:00,PZ-001,EQ-003,OBM,73.3,12.4,347.0,0
2026-06-08 12:00:00,PZ-001,EQ-003,OBM,67.6,10.7,565.9,0
2026-06-08 18:00:00,PZ-001,EQ-003,WBM,44.8,14.9,431.9,0
2026-06-09 00:00:00,PZ-001,EQ-003,OBM,74.6,9.4,617.2,0
2026-06-09 06:00:00,PZ-001,EQ-003,WBM,42.4,14.8,364.9,0
2026-06-09 12:00:00,PZ-001,EQ-003,OBM,78.0,10.8,531.9,0
2026-06-09 18:00:00,PZ-001,EQ-003,OBM,66.0,13.0,482.8,0
2026-06-10 00:00:00,PZ-001,EQ-003,WBM,56.5,9.7,721.6,0
2026-06-10 06:00:00,PZ-001,EQ-003,OBM,78.9,13.2,685.5,0
2026-06-10 12:00:00,PZ-001,EQ-003,OBM,60.5,12.4,716.8,0
2026-06-10 18:00:00,PZ-001,EQ-003,WBM,81.6,9.4,567.1,0
2026-06-11 00:00:00,PZ-001,EQ-003,OBM,64.6,10.7,488.8,0
2026-06-11 06:00:00,PZ-001,EQ-003,OBM,63.2,9.7,308.8,0
2026-06-11 12:00:00,PZ-001,EQ-003,WBM,67.1,9.6,675.7,0
2026-06-11 18:00:00,PZ-001,EQ-003,OBM,45.7,13.1,721.5,0
2026-06-12 00:00:00,PZ-001,EQ-003,OBM,69.2,15.3,642.9,0
2026-06-12 06:00:00,PZ-001,EQ-003,WBM,49.1,15.4,718.2,0
2026-06-12 12:00:00,PZ-001,EQ-003,WBM,48.3,14.3,560.8,0
2026-06-12 18:00:00,PZ-001,EQ-003,OBM,41.8,11.3,557.7,0
2026-06-13 00:00:00,PZ-001,EQ-003,OBM,49.4,9.9,411.9,0
2026-06-13 06:00:00,PZ-001,EQ-003,OBM,65.4,9.1,318.9,0
2026-06-13 12:00:00,PZ-001,EQ-003,OBM,79.8,9.6,596.1,0
2026-06-13 18:00:00,PZ-001,EQ-003,WBM,77.3,9.9,814.5,0
2026-06-14 00:00:00,PZ-001,EQ-003,OBM,70.4,11.5,816.0,0
2026-06-14 06:00:00,PZ-001,EQ-003,WBM,71.5,14.4,811.2,0
2026-06-14 12:00:00,PZ-001,EQ-003,OBM,73.2,9.4,513.0,0
2026-06-14 18:00:00,PZ-001,EQ-003,WBM,84.2,13.5,694.7,0
2026-06-15 00:00:00,PZ-001,EQ-003,WBM,76.1,12.0,778.2,0
2026-06-15 06:00:00,PZ-001,EQ-003,OBM,49.8,11.3,715.9,0
2026-06-15 12:00:00,PZ-001,EQ-003,OBM,60.0,14.2,425.6,0
2026-06-15 18:00:00,PZ-001,EQ-003,WBM,61.3,10.2,495.1,0
2026-06-16 00:00:00,PZ-001,EQ-003,WBM,66.2,15.2,383.5,0
2026-06-16 06:00:00,PZ-001,EQ-003,OBM,58.9,13.9,525.9,0
2026-06-16 12:00:00,PZ-001,EQ-003,WBM,71.1,13.6,321.1,0
2026-06-16 18:00:00,PZ-001,EQ-003,OBM,58.9,12.5,800.5,0
2026-06-17 00:00:00,PZ-001,EQ-003,OBM,75.9,15.1,551.3,0
2026-06-17 06:00:00,PZ-001,EQ-003,WBM,83.5,13.9,345.8,0
2026-06-17 12:00:00,PZ-001,EQ-003,OBM,43.1,12.8,529.4,0
2026-06-17 18:00:00,PZ-001,EQ-003,WBM,77.2,12.9,330.0,0
2026-06-18 00:00:00,PZ-001,EQ-003,OBM,53.1,12.3,771.8,0
2026-06-18 06:00:00,PZ-001,EQ-003,WBM,45.8,11.1,729.0,0
2026-06-18 12:00:00,PZ-001,EQ-003,WBM,47.5,11.3,817.0,0
2026-06-18 18:00:00,PZ-001,EQ-003,OBM,61.8,10.3,790.1,0
2026-06-19 00:00:00,PZ-001,EQ-003,OBM,84.3,9.4,353.2,0
2026-06-19 06:00:00,PZ-001,EQ-003,WBM,48.3,9.3,312.0,0
2026-06-19 12:00:00,PZ-001,EQ-003,WBM,61.0,13.2,535.6,0
2026-06-19 18:00:00,PZ-001,EQ-003,OBM,40.5,14.3,791.3,0
2026-06-20 00:00:00,PZ-001,EQ-003,OBM,61.5,11.7,788.1,0
2026-06-20 06:00:00,PZ-001,EQ-003,WBM,67.7,15.5,829.1,0
2026-06-20 12:00:00,PZ-001,EQ-003,OBM,52.5,15.7,378.5,0
2026-06-20 18:00:00,PZ-001,EQ-003,WBM,52.6,11.8,849.3,0
2026-06-21 00:00:00,PZ-001,EQ-003,OBM,43.7,10.1,541.8,0
2026-06-21 06:00:00,PZ-001,EQ-003,WBM,54.2,9.6,466.8,0
2026-06-21 12:00:00,PZ-001,EQ-003,OBM,55.1,13.0,800.3,0
2026-06-21 18:00:00,PZ-001,EQ-003,OBM,65.7,13.3,818.3,0
2026-06-22 00:00:00,PZ-001,EQ-003,WBM,64.0,13.8,711.8,0
2026-06-22 06:00:00,PZ-001,EQ-003,OBM,83.0,10.7,785.4,0
2026-06-22 12:00:00,PZ-001,EQ-003,WBM,45.8,9.4,764.8,0
2026-06-22 18:00:00,PZ-001,EQ-003,WBM,44.7,11.1,349.8,0
2026-06-23 00:00:00,PZ-001,EQ-003,WBM,78.3,14.7,307.5,0
2026-06-23 06:00:00,PZ-001,EQ-003,WBM,50.8,9.2,484.7,0
2026-06-23 12:00:00,PZ-001,EQ-003,OBM,55.2,13.9,403.1,0
2026-06-23 18:00:00,PZ-001,EQ-003,WBM,46.5,10.3,400.1,0
2026-06-24 00:00:00,PZ-001,EQ-003,OBM,43.6,13.9,659.9,0
2026-06-24 06:00:00,PZ-001,EQ-003,WBM,60.3,15.5,663.0,0
2026-06-24 12:00:00,PZ-001,EQ-003,WBM,51.8,13.1,695.0,0
2026-06-24 18:00:00,PZ-001,EQ-003,OBM,64.8,12.6,679.6,0
2026-06-25 00:00:00,PZ-001,EQ-003,WBM,80.0,10.1,395.2,0
2026-06-25 06:00:00,PZ-001,EQ-003,WBM,50.4,9.7,752.0,0
2026-06-25 12:00:00,PZ-001,EQ-003,OBM,42.2,15.6,691.1,0
2026-06-25 18:00:00,PZ-001,EQ-003,OBM,65.9,15.9,432.9,0
2026-06-26 00:00:00,PZ-001,EQ-003,OBM,67.3,9.6,672.3,0
2026-06-26 06:00:00,PZ-001,EQ-003,OBM,73.3,10.5,762.9,0
2026-06-26 12:00:00,PZ-001,EQ-003,OBM,60.7,10.5,373.6,0
2026-06-26 18:00:00,PZ-001,EQ-003,WBM,49.0,11.4,641.1,0
2026-06-27 00:00:00,PZ-001,EQ-003,WBM,53.0,10.7,417.4,0
2026-06-27 06:00:00,PZ-001,EQ-003,OBM,49.8,11.6,515.0,0
2026-06-27 12:00:00,PZ-001,EQ-003,OBM,76.0,10.7,337.4,0
2026-06-27 18:00:00,PZ-001,EQ-003,WBM,62.8,14.4,772.1,0
2026-06-28 00:00:00,PZ-001,EQ-003,WBM,70.9,11.2,333.5,0
2026-06-28 06:00:00,PZ-001,EQ-003,WBM,58.4,11.3,681.4,0
2026-06-28 12:00:00,PZ-001,EQ-003,WBM,76.5,11.1,545.5,0
2026-06-28 18:00:00,PZ-001,EQ-003,OBM,84.4,10.6,664.3,0
2026-06-29 00:00:00,PZ-001,EQ-003,OBM,47.0,14.3,612.5,0
2026-06-29 06:00:00,PZ-001,EQ-003,OBM,55.0,13.1,789.0,0
2026-06-29 12:00:00,PZ-001,EQ-003,OBM,63.3,9.4,428.1,0
2026-06-29 18:00:00,PZ-001,EQ-003,WBM,48.2,12.5,477.5,0
2026-06-30 00:00:00,PZ-001,EQ-003,OBM,46.0,15.5,777.2,0
2026-06-30 06:00:00,PZ-001,EQ-003,WBM,74.9,14.7,722.3,0
2026-06-30 12:00:00,PZ-001,EQ-003,OBM,77.5,13.0,655.5,0
2026-06-30 18:00:00,PZ-001,EQ-003,OBM,41.5,13.5,344.8,0
2026-07-01 00:00:00,PZ-001,EQ-003,WBM,64.5,9.9,680.4,0
2026-07-01 06:00:00,PZ-001,EQ-003,WBM,44.7,10.0,782.4,0
2026-07-01 12:00:00,PZ-001,EQ-003,OBM,44.8,13.5,777.4,0
2026-07-01 18:00:00,PZ-001,EQ-003,OBM,43.4,9.8,327.1,0
2026-07-02 00:00:00,PZ-001,EQ-003,WBM,51.7,11.7,818.6,0
2026-07-02 06:00:00,PZ-001,EQ-003,OBM,72.0,9.8,704.8,0
2026-07-02 12:00:00,PZ-001,EQ-003,OBM,55.3,16.0,445.0,0
2026-07-02 18:00:00,PZ-001,EQ-003,OBM,41.1,13.9,698.9,0
2026-07-03 00:00:00,PZ-001,EQ-003,OBM,83.9,9.5,752.0,0
2026-07-03 06:00:00,PZ-001,EQ-003,OBM,45.8,13.6,840.4,0
2026-07-03 12:00:00,PZ-001,EQ-003,OBM,41.8,11.5,754.5,0
2026-07-03 18:00:00,PZ-001,EQ-003,OBM,42.5,12.0,558.0,0
2026-07-04 00:00:00,PZ-001,EQ-003,OBM,54.0,12.7,336.3,0
2026-07-04 06:00:00,PZ-001,EQ-003,WBM,61.5,11.5,675.4,0
2026-07-04 12:00:00,PZ-001,EQ-003,OBM,52.1,11.2,368.9,0
2026-07-04 18:00:00,PZ-001,EQ-003,WBM,66.9,15.1,790.0,0
2026-07-05 00:00:00,PZ-001,EQ-003,OBM,43.5,13.7,751.7,0
2026-07-05 06:00:00,PZ-001,EQ-003,OBM,77.7,15.1,433.7,0
2026-07-05 12:00:00,PZ-001,EQ-003,WBM,44.6,15.4,751.3,0
2026-07-05 18:00:00,PZ-001,EQ-003,WBM,78.0,12.1,488.3,0
2026-07-06 00:00:00,PZ-001,EQ-003,WBM,74.0,13.1,402.6,0
2026-07-06 06:00:00,PZ-001,EQ-003,WBM,42.6,13.1,762.2,0
2026-07-06 12:00:00,PZ-001,EQ-003,WBM,65.8,14.7,479.7,0
2026-07-06 18:00:00,PZ-001,EQ-003,OBM,52.3,9.2,704.4,0
2026-07-07 00:00:00,PZ-001,EQ-003,OBM,73.4,13.7,413.2,0
2026-07-07 06:00:00,PZ-001,EQ-003,WBM,45.8,13.7,772.2,0
2026-07-07 12:00:00,PZ-001,EQ-003,OBM,48.3,9.7,747.1,0
2026-07-07 18:00:00,PZ-001,EQ-003,OBM,75.2,13.9,759.0,0
2026-07-08 00:00:00,PZ-001,EQ-003,OBM,78.3,11.0,652.2,0
2026-07-08 06:00:00,PZ-001,EQ-003,OBM,41.5,13.1,391.6,0
2026-07-08 12:00:00,PZ-001,EQ-003,WBM,50.6,12.5,803.2,0
2026-07-08 18:00:00,PZ-001,EQ-003,WBM,74.2,12.5,801.5,0
2026-07-09 00:00:00,PZ-001,EQ-003,OBM,50.5,10.1,675.9,0
2026-07-09 06:00:00,PZ-001,EQ-003,OBM,53.9,12.1,523.0,0
2026-07-09 12:00:00,PZ-001,EQ-003,WBM,53.3,11.5,610.5,0
2026-07-09 18:00:00,PZ-001,EQ-003,OBM,52.0,15.3,356.9,0
2026-07-10 00:00:00,PZ-001,EQ-003,OBM,47.6,15.8,549.1,0
2026-07-10 06:00:00,PZ-001,EQ-003,OBM,53.6,10.3,467.1,0
2026-07-10 12:00:00,PZ-001,EQ-003,WBM,44.7,12.0,737.6,0
2026-07-10 18:00:00,PZ-001,EQ-003,WBM,69.0,10.4,353.7,0
2026-07-11 00:00:00,PZ-001,EQ-003,OBM,77.0,11.5,660.7,0
2026-07-11 06:00:00,PZ-001,EQ-003,OBM,70.7,13.4,446.4,0
2026-07-11 12:00:00,PZ-001,EQ-003,OBM,80.1,13.0,757.8,0
2026-07-11 18:00:00,PZ-001,EQ-003,WBM,71.1,13.7,839.0,0
2026-07-12 00:00:00,PZ-001,EQ-003,OBM,51.0,14.6,358.9,0
2026-07-12 06:00:00,PZ-001,EQ-003,OBM,57.2,13.4,536.6,0
2026-07-12 12:00:00,PZ-001,EQ-003,WBM,74.3,15.6,817.4,0
2026-07-12 18:00:00,PZ-001,EQ-003,OBM,73.2,10.8,337.0,0
2026-07-13 00:00:00,PZ-001,EQ-003,OBM,68.5,14.0,441.4,0
2026-07-13 06:00:00,PZ-001,EQ-003,WBM,56.9,13.4,380.4,0
2026-07-13 12:00:00,PZ-001,EQ-003,WBM,69.4,11.8,627.8,0
2026-07-13 18:00:00,PZ-001,EQ-003,WBM,80.9,10.9,750.8,0
2026-07-14 00:00:00,PZ-001,EQ-003,WBM,51.9,13.6,831.0,0
2026-07-14 06:00:00,PZ-001,EQ-003,OBM,75.8,10.0,837.6,0
2026-07-14 12:00:00,PZ-001,EQ-003,WBM,53.5,9.7,449.4,0
2026-07-14 18:00:00,PZ-001,EQ-003,WBM,44.0,11.4,839.8,0
2026-07-15 00:00:00,PZ-001,EQ-003,OBM,47.5,15.9,751.5,0
2026-07-15 06:00:00,PZ-001,EQ-003,WBM,42.5,9.8,619.4,0
2026-07-15 12:00:00,PZ-001,EQ-003,OBM,77.9,12.1,689.7,0
2026-07-15 18:00:00,PZ-001,EQ-003,WBM,56.3,13.5,338.9,0
2026-07-16 00:00:00,PZ-001,EQ-003,OBM,84.8,12.3,748.8,0
2026-07-16 06:00:00,PZ-001,EQ-003,OBM,66.8,15.2,526.0,0
2026-07-16 12:00:00,PZ-001,EQ-003,OBM,58.8,10.0,351.5,0
2026-07-16 18:00:00,PZ-001,EQ-003,OBM,50.6,10.5,704.8,0
2026-07-17 00:00:00,PZ-001,EQ-003,OBM,47.3,15.7,768.4,0
2026-07-17 06:00:00,PZ-001,EQ-003,OBM,74.3,10.0,304.7,0
2026-07-17 12:00:00,PZ-001,EQ-003,OBM,60.5,12.6,304.1,0
2026-07-17 18:00:00,PZ-001,EQ-003,OBM,59.9,14.1,428.2,0
2026-07-18 00:00:00,PZ-001,EQ-003,OBM,49.5,10.7,645.4,0
2026-07-18 06:00:00,PZ-001,EQ-003,OBM,51.6,15.1,668.1,0
2026-07-18 12:00:00,PZ-001,EQ-003,OBM,49.2,13.4,497.3,0
2026-07-18 18:00:00,PZ-001,EQ-003,OBM,61.9,13.0,804.2,0
2026-07-19 00:00:00,PZ-001,EQ-003,OBM,72.3,13.1,570.8,0
2026-07-19 06:00:00,PZ-001,EQ-003,OBM,51.1,15.4,484.5,0
2026-07-19 12:00:00,PZ-001,EQ-003,OBM,68.4,12.8,371.2,0
2026-07-19 18:00:00,PZ-001,EQ-003,WBM,68.0,12.1,727.9,0
2026-07-20 00:00:00,PZ-001,EQ-003,WBM,58.3,15.5,690.7,0
2026-07-20 06:00:00,PZ-001,EQ-003,OBM,43.8,15.9,666.5,0
2026-07-20 12:00:00,PZ-001,EQ-003,OBM,44.9,15.8,396.1,0
2026-07-20 18:00:00,PZ-001,EQ-003,WBM,72.3,14.4,670.4,0
2026-07-21 00:00:00,PZ-001,EQ-003,OBM,43.5,11.3,436.6,0
2026-07-21 06:00:00,PZ-001,EQ-003,WBM,73.0,13.8,416.6,0
2026-07-21 12:00:00,PZ-001,EQ-003,WBM,58.5,10.6,310.8,0
2026-07-21 18:00:00,PZ-001,EQ-003,OBM,55.4,11.4,303.9,0
2026-07-22 00:00:00,PZ-001,EQ-003,OBM,46.6,10.1,734.5,0
2026-07-22 06:00:00,PZ-001,EQ-003,WBM,68.0,11.2,502.8,0
2026-07-22 12:00:00,PZ-001,EQ-003,OBM,58.0,15.6,523.6,0
2026-07-22 18:00:00,PZ-001,EQ-003,OBM,80.4,15.4,348.1,0
2026-07-23 00:00:00,PZ-001,EQ-003,OBM,75.6,10.4,742.8,0
2026-07-23 06:00:00,PZ-001,EQ-003,WBM,82.9,9.3,382.5,0
2026-07-23 12:00:00,PZ-001,EQ-003,OBM,69.0,9.1,828.2,0
2026-07-23 18:00:00,PZ-001,EQ-003,WBM,40.6,13.0,812.7,0
2026-07-24 00:00:00,PZ-001,EQ-003,OBM,40.6,12.8,552.8,0
2026-07-24 06:00:00,PZ-001,EQ-003,WBM,70.8,12.5,720.8,0
2026-07-24 12:00:00,PZ-001,EQ-003,WBM,69.2,10.2,779.8,0
2026-07-24 18:00:00,PZ-001,EQ-003,WBM,83.3,12.6,340.1,0
2026-07-25 00:00:00,PZ-001,EQ-003,WBM,76.2,14.7,838.4,0
2026-07-25 06:00:00,PZ-001,EQ-003,OBM,73.9,9.9,600.8,0
2026-07-25 12:00:00,PZ-001,EQ-003,WBM,58.8,15.0,770.9,0
2026-07-25 18:00:00,PZ-001,EQ-003,WBM,51.8,15.1,370.9,0
2026-07-26 00:00:00,PZ-001,EQ-003,WBM,68.0,11.5,733.9,0
2026-07-26 06:00:00,PZ-001,EQ-003,OBM,50.6,14.0,780.5,0
2026-07-26 12:00:00,PZ-001,EQ-003,OBM,66.7,9.9,535.1,0
2026-07-26 18:00:00,PZ-001,EQ-003,OBM,74.1,9.7,578.4,0
2026-07-27 00:00:00,PZ-001,EQ-003,OBM,63.1,15.7,594.6,0
2026-07-27 06:00:00,PZ-001,EQ-003,OBM,62.2,12.3,569.7,0
2026-07-27 12:00:00,PZ-001,EQ-003,OBM,58.2,11.3,570.6,0
2026-07-27 18:00:00,PZ-001,EQ-003,WBM,75.7,12.4,483.7,0
2026-07-28 00:00:00,PZ-001,EQ-003,WBM,82.7,11.1,392.9,0
2026-07-28 06:00:00,PZ-001,EQ-003,WBM,41.6,11.3,599.3,0
2026-07-28 12:00:00,PZ-001,EQ-003,WBM,60.1,15.8,507.5,0
2026-07-28 18:00:00,PZ-001,EQ-003,WBM,60.6,14.3,413.3,0
2026-07-29 00:00:00,PZ-001,EQ-003,WBM,58.9,14.4,486.3,0
2026-07-29 06:00:00,PZ-001,EQ-003,WBM,73.4,9.4,768.9,0
2026-07-29 12:00:00,PZ-001,EQ-003,OBM,55.9,14.1,475.6,0
2026-07-29 18:00:00,PZ-001,EQ-003,WBM,48.0,12.5,345.1,0
2026-07-30 00:00:00,PZ-001,EQ-003,OBM,83.9,11.6,807.8,0
2026-07-30 06:00:00,PZ-001,EQ-003,WBM,71.6,13.6,844.0,0
2026-07-30 12:00:00,PZ-001,EQ-003,OBM,42.3,9.8,302.2,0
2026-07-30 18:00:00,PZ-001,EQ-003,OBM,75.4,12.6,465.0,0
2026-07-31 00:00:00,PZ-001,EQ-003,WBM,56.9,14.3,596.8,0
2026-05-01 00:00:00,PZ-001,EQ-004,WBM,44.6,11.9,813.3,0
2026-05-01 06:00:00,PZ-001,EQ-004,OBM,61.0,11.5,359.6,0
2026-05-01 12:00:00,PZ-001,EQ-004,OBM,47.6,12.6,568.1,0
2026-05-01 18:00:00,PZ-001,EQ-004,OBM,66.1,12.8,327.7,0
2026-05-02 00:00:00,PZ-001,EQ-004,WBM,41.5,14.2,697.8,0
2026-05-02 06:00:00,PZ-001,EQ-004,OBM,47.0,11.1,436.9,0
2026-05-02 12:00:00,PZ-001,EQ-004,WBM,62.0,11.9,842.6,0
2026-05-02 18:00:00,PZ-001,EQ-004,WBM,42.4,13.4,330.0,0
2026-05-03 00:00:00,PZ-001,EQ-004,OBM,63.7,12.9,393.9,0
2026-05-03 06:00:00,PZ-001,EQ-004,WBM,66.7,10.5,364.0,0
2026-05-03 12:00:00,PZ-001,EQ-004,WBM,76.1,14.5,463.5,0
2026-05-03 18:00:00,PZ-001,EQ-004,WBM,71.4,13.5,730.5,0
2026-05-04 00:00:00,PZ-001,EQ-004,OBM,47.0,10.7,763.2,0
2026-05-04 06:00:00,PZ-001,EQ-004,WBM,71.6,11.8,806.0,0
2026-05-04 12:00:00,PZ-001,EQ-004,WBM,82.7,10.8,485.5,0
2026-05-04 18:00:00,PZ-001,EQ-004,WBM,62.3,9.9,520.5,0
2026-05-05 00:00:00,PZ-001,EQ-004,OBM,76.1,10.1,501.6,0
2026-05-05 06:00:00,PZ-001,EQ-004,WBM,75.9,14.0,404.7,0
2026-05-05 12:00:00,PZ-001,EQ-004,WBM,68.3,9.8,842.3,0
2026-05-05 18:00:00,PZ-001,EQ-004,WBM,66.0,15.4,604.8,0
2026-05-06 00:00:00,PZ-001,EQ-004,WBM,77.9,13.5,657.9,0
2026-05-06 06:00:00,PZ-001,EQ-004,OBM,81.4,9.7,599.3,0
2026-05-06 12:00:00,PZ-001,EQ-004,OBM,67.3,10.2,738.6,0
2026-05-06 18:00:00,PZ-001,EQ-004,WBM,60.9,10.2,485.6,0
2026-05-07 00:00:00,PZ-001,EQ-004,OBM,64.7,13.3,664.9,0
2026-05-07 06:00:00,PZ-001,EQ-004,WBM,45.4,15.0,386.1,0
2026-05-07 12:00:00,PZ-001,EQ-004,OBM,62.5,15.9,353.6,0
2026-05-07 18:00:00,PZ-001,EQ-004,OBM,55.8,15.5,336.1,0
2026-05-08 00:00:00,PZ-001,EQ-004,OBM,69.4,10.8,500.5,0
2026-05-08 06:00:00,PZ-001,EQ-004,WBM,77.2,12.9,719.2,0
2026-05-08 12:00:00,PZ-001,EQ-004,WBM,65.6,15.1,537.7,0
2026-05-08 18:00:00,PZ-001,EQ-004,OBM,46.4,11.7,823.4,0
2026-05-09 00:00:00,PZ-001,EQ-004,OBM,79.7,11.5,345.8,0
2026-05-09 06:00:00,PZ-001,EQ-004,WBM,75.2,12.1,566.9,0
2026-05-09 12:00:00,PZ-001,EQ-004,WBM,59.9,11.6,502.0,0
2026-05-09 18:00:00,PZ-001,EQ-004,OBM,56.3,12.7,668.9,0
2026-05-10 00:00:00,PZ-001,EQ-004,WBM,82.0,14.1,617.5,0
2026-05-10 06:00:00,PZ-001,EQ-004,WBM,67.8,12.6,600.2,0
2026-05-10 12:00:00,PZ-001,EQ-004,WBM,48.7,15.7,524.8,0
2026-05-10 18:00:00,PZ-001,EQ-004,WBM,41.7,14.0,596.0,0
2026-05-11 00:00:00,PZ-001,EQ-004,WBM,73.5,10.2,404.5,0
2026-05-11 06:00:00,PZ-001,EQ-004,WBM,51.1,13.5,658.0,0
2026-05-11 12:00:00,PZ-001,EQ-004,OBM,43.3,10.9,839.0,0
2026-05-11 18:00:00,PZ-001,EQ-004,OBM,40.3,12.6,320.6,0
2026-05-12 00:00:00,PZ-001,EQ-004,OBM,83.6,12.8,552.0,0
2026-05-12 06:00:00,PZ-001,EQ-004,OBM,42.9,12.3,432.1,0
2026-05-12 12:00:00,PZ-001,EQ-004,OBM,66.2,11.5,390.3,0
2026-05-12 18:00:00,PZ-001,EQ-004,OBM,69.9,11.4,814.5,0
2026-05-13 00:00:00,PZ-001,EQ-004,WBM,41.8,14.2,755.2,0
2026-05-13 06:00:00,PZ-001,EQ-004,OBM,67.0,12.7,315.3,0
2026-05-13 12:00:00,PZ-001,EQ-004,OBM,68.3,12.9,708.4,0
2026-05-13 18:00:00,PZ-001,EQ-004,OBM,44.0,11.9,712.6,0
2026-05-14 00:00:00,PZ-001,EQ-004,OBM,52.5,12.5,481.2,0
2026-05-14 06:00:00,PZ-001,EQ-004,OBM,70.8,15.2,411.9,0
2026-05-14 12:00:00,PZ-001,EQ-004,WBM,80.0,11.3,473.0,0
2026-05-14 18:00:00,PZ-001,EQ-004,OBM,42.2,11.5,771.1,0
2026-05-15 00:00:00,PZ-001,EQ-004,WBM,59.1,11.7,803.5,0
2026-05-15 06:00:00,PZ-001,EQ-004,OBM,84.5,12.3,332.0,0
2026-05-15 12:00:00,PZ-001,EQ-004,OBM,47.1,15.6,721.8,0
2026-05-15 18:00:00,PZ-001,EQ-004,OBM,72.5,15.6,784.9,0
2026-05-16 00:00:00,PZ-001,EQ-004,OBM,65.3,12.9,363.1,0
2026-05-16 06:00:00,PZ-001,EQ-004,OBM,52.1,9.1,697.6,0
2026-05-16 12:00:00,PZ-001,EQ-004,OBM,64.3,15.8,566.3,0
2026-05-16 18:00:00,PZ-001,EQ-004,OBM,77.8,16.0,536.7,0
2026-05-17 00:00:00,PZ-001,EQ-004,OBM,48.6,13.3,523.1,0
2026-05-17 06:00:00,PZ-001,EQ-004,WBM,51.9,13.8,821.8,0
2026-05-17 12:00:00,PZ-001,EQ-004,OBM,42.5,12.8,338.8,0
2026-05-17 18:00:00,PZ-001,EQ-004,OBM,69.6,14.8,656.1,0
2026-05-18 00:00:00,PZ-001,EQ-004,OBM,81.6,12.6,364.4,0
2026-05-18 06:00:00,PZ-001,EQ-004,WBM,66.7,12.4,642.4,0
2026-05-18 12:00:00,PZ-001,EQ-004,WBM,62.1,15.7,511.0,0
2026-05-18 18:00:00,PZ-001,EQ-004,OBM,67.2,11.1,525.9,0
2026-05-19 00:00:00,PZ-001,EQ-004,OBM,45.9,11.6,314.2,0
2026-05-19 06:00:00,PZ-001,EQ-004,OBM,49.1,9.6,560.9,0
2026-05-19 12:00:00,PZ-001,EQ-004,OBM,81.2,15.0,675.7,0
2026-05-19 18:00:00,PZ-001,EQ-004,OBM,78.0,14.6,579.7,0
2026-05-20 00:00:00,PZ-001,EQ-004,OBM,72.7,15.9,385.6,0
2026-05-20 06:00:00,PZ-001,EQ-004,WBM,75.7,10.3,336.7,0
2026-05-20 12:00:00,PZ-001,EQ-004,WBM,77.6,11.6,762.9,0
2026-05-20 18:00:00,PZ-001,EQ-004,OBM,81.7,9.1,341.5,0
2026-05-21 00:00:00,PZ-001,EQ-004,OBM,80.0,12.2,633.8,0
2026-05-21 06:00:00,PZ-001,EQ-004,OBM,83.5,10.9,572.2,0
2026-05-21 12:00:00,PZ-001,EQ-004,OBM,62.6,10.0,543.1,0
2026-05-21 18:00:00,PZ-001,EQ-004,OBM,66.4,9.1,718.6,0
2026-05-22 00:00:00,PZ-001,EQ-004,WBM,42.4,14.3,825.3,0
2026-05-22 06:00:00,PZ-001,EQ-004,WBM,48.3,13.0,385.2,0
2026-05-22 12:00:00,PZ-001,EQ-004,OBM,65.2,11.7,531.1,0
2026-05-22 18:00:00,PZ-001,EQ-004,WBM,43.5,15.2,342.8,0
2026-05-23 00:00:00,PZ-001,EQ-004,OBM,52.2,11.6,612.9,0
2026-05-23 06:00:00,PZ-001,EQ-004,OBM,73.3,9.6,668.0,0
2026-05-23 12:00:00,PZ-001,EQ-004,OBM,42.2,10.3,734.8,0
2026-05-23 18:00:00,PZ-001,EQ-004,WBM,57.3,15.0,711.9,0
2026-05-24 00:00:00,PZ-001,EQ-004,WBM,51.3,15.4,619.9,0
2026-05-24 06:00:00,PZ-001,EQ-004,OBM,56.5,14.6,587.8,0
2026-05-24 12:00:00,PZ-001,EQ-004,WBM,64.2,15.6,469.6,0
2026-05-24 18:00:00,PZ-001,EQ-004,OBM,51.2,9.3,356.0,0
2026-05-25 00:00:00,PZ-001,EQ-004,WBM,56.7,12.5,699.0,0
2026-05-25 06:00:00,PZ-001,EQ-004,OBM,61.8,12.8,750.1,0
2026-05-25 12:00:00,PZ-001,EQ-004,OBM,71.2,12.9,684.7,0
2026-05-25 18:00:00,PZ-001,EQ-004,WBM,70.0,12.7,651.7,0
2026-05-26 00:00:00,PZ-001,EQ-004,OBM,66.4,9.6,547.4,0
2026-05-26 06:00:00,PZ-001,EQ-004,OBM,62.3,15.3,447.2,0
2026-05-26 12:00:00,PZ-001,EQ-004,OBM,80.3,13.8,772.4,0
2026-05-26 18:00:00,PZ-001,EQ-004,OBM,54.4,10.2,431.7,0
2026-05-27 00:00:00,PZ-001,EQ-004,WBM,54.4,9.9,462.9,0
2026-05-27 06:00:00,PZ-001,EQ-004,OBM,55.6,14.2,791.4,0
2026-05-27 12:00:00,PZ-001,EQ-004,WBM,73.5,10.1,371.7,0
2026-05-27 18:00:00,PZ-001,EQ-004,OBM,51.1,9.4,372.4,0
2026-05-28 00:00:00,PZ-001,EQ-004,OBM,51.4,12.9,590.2,0
2026-05-28 06:00:00,PZ-001,EQ-004,WBM,78.9,11.2,681.8,0
2026-05-28 12:00:00,PZ-001,EQ-004,WBM,55.8,12.8,340.0,0
2026-05-28 18:00:00,PZ-001,EQ-004,WBM,70.5,14.6,609.0,0
2026-05-29 00:00:00,PZ-001,EQ-004,OBM,56.0,14.7,462.1,0
2026-05-29 06:00:00,PZ-001,EQ-004,OBM,57.1,11.1,552.6,0
2026-05-29 12:00:00,PZ-001,EQ-004,OBM,64.5,13.6,796.8,0
2026-05-29 18:00:00,PZ-001,EQ-004,WBM,71.9,14.8,771.4,0
2026-05-30 00:00:00,PZ-001,EQ-004,WBM,59.7,10.6,460.2,0
2026-05-30 06:00:00,PZ-001,EQ-004,WBM,77.2,12.0,627.8,0
2026-05-30 12:00:00,PZ-001,EQ-004,WBM,44.0,15.7,744.0,0
2026-05-30 18:00:00,PZ-001,EQ-004,WBM,82.0,11.4,388.5,0
2026-05-31 00:00:00,PZ-001,EQ-004,OBM,40.2,10.7,816.1,0
2026-05-31 06:00:00,PZ-001,EQ-004,WBM,65.7,15.0,562.4,0
2026-05-31 12:00:00,PZ-001,EQ-004,OBM,43.3,15.9,524.3,0
2026-05-31 18:00:00,PZ-001,EQ-004,OBM,53.7,9.6,300.8,0
2026-06-01 00:00:00,PZ-001,EQ-004,OBM,65.8,16.0,457.8,0
2026-06-01 06:00:00,PZ-001,EQ-004,WBM,47.4,11.0,736.1,0
2026-06-01 12:00:00,PZ-001,EQ-004,OBM,50.5,15.2,480.5,0
2026-06-01 18:00:00,PZ-001,EQ-004,OBM,68.6,10.2,536.4,0
2026-06-02 00:00:00,PZ-001,EQ-004,OBM,60.4,15.9,330.1,0
2026-06-02 06:00:00,PZ-001,EQ-004,OBM,62.6,11.2,701.1,0
2026-06-02 12:00:00,PZ-001,EQ-004,OBM,76.2,15.0,602.8,0
2026-06-02 18:00:00,PZ-001,EQ-004,WBM,57.9,11.2,557.1,0
2026-06-03 00:00:00,PZ-001,EQ-004,OBM,54.1,9.7,589.7,0
2026-06-03 06:00:00,PZ-001,EQ-004,WBM,49.9,12.3,538.3,0
2026-06-03 12:00:00,PZ-001,EQ-004,OBM,59.2,11.3,474.1,0
2026-06-03 18:00:00,PZ-001,EQ-004,WBM,40.6,14.6,562.4,0
2026-06-04 00:00:00,PZ-001,EQ-004,WBM,82.0,15.0,690.4,0
2026-06-04 06:00:00,PZ-001,EQ-004,OBM,83.9,15.8,418.4,0
2026-06-04 12:00:00,PZ-001,EQ-004,WBM,49.6,13.7,522.8,0
2026-06-04 18:00:00,PZ-001,EQ-004,WBM,63.0,15.4,797.3,0
2026-06-05 00:00:00,PZ-001,EQ-004,WBM,67.9,10.1,832.4,0
2026-06-05 06:00:00,PZ-001,EQ-004,WBM,45.5,9.6,800.2,0
2026-06-05 12:00:00,PZ-001,EQ-004,OBM,60.2,13.2,339.5,0
2026-06-05 18:00:00,PZ-001,EQ-004,OBM,80.9,14.5,310.7,0
2026-06-06 00:00:00,PZ-001,EQ-004,OBM,52.4,15.4,648.6,0
2026-06-06 06:00:00,PZ-001,EQ-004,OBM,83.1,9.5,592.8,0
2026-06-06 12:00:00,PZ-001,EQ-004,WBM,48.1,13.0,826.9,0
2026-06-06 18:00:00,PZ-001,EQ-004,WBM,67.9,11.4,770.8,0
2026-06-07 00:00:00,PZ-001,EQ-004,WBM,48.6,14.4,446.1,0
2026-06-07 06:00:00,PZ-001,EQ-004,WBM,54.5,12.3,818.8,0
2026-06-07 12:00:00,PZ-001,EQ-004,WBM,56.1,10.0,580.5,0
2026-06-07 18:00:00,PZ-001,EQ-004,OBM,81.9,11.7,570.5,0
2026-06-08 00:00:00,PZ-001,EQ-004,OBM,40.2,11.2,532.0,0
2026-06-08 06:00:00,PZ-001,EQ-004,WBM,41.7,13.5,444.4,0
2026-06-08 12:00:00,PZ-001,EQ-004,WBM,76.1,15.0,565.7,0
2026-06-08 18:00:00,PZ-001,EQ-004,OBM,49.0,10.5,460.5,0
2026-06-09 00:00:00,PZ-001,EQ-004,WBM,81.0,13.3,526.6,0
2026-06-09 06:00:00,PZ-001,EQ-004,WBM,49.5,13.0,638.6,0
2026-06-09 12:00:00,PZ-001,EQ-004,OBM,69.2,13.9,651.0,0
2026-06-09 18:00:00,PZ-001,EQ-004,WBM,59.2,9.9,821.2,0
2026-06-10 00:00:00,PZ-001,EQ-004,WBM,74.5,12.5,470.5,0
2026-06-10 06:00:00,PZ-001,EQ-004,OBM,70.3,9.3,611.5,0
2026-06-10 12:00:00,PZ-001,EQ-004,WBM,50.3,15.2,311.1,0
2026-06-10 18:00:00,PZ-001,EQ-004,OBM,60.1,9.0,750.7,0
2026-06-11 00:00:00,PZ-001,EQ-004,OBM,70.5,13.9,825.8,0
2026-06-11 06:00:00,PZ-001,EQ-004,WBM,82.9,13.5,464.0,0
2026-06-11 12:00:00,PZ-001,EQ-004,OBM,56.3,13.6,558.9,0
2026-06-11 18:00:00,PZ-001,EQ-004,OBM,42.7,11.9,600.6,0
2026-06-12 00:00:00,PZ-001,EQ-004,OBM,77.3,14.4,321.3,0
2026-06-12 06:00:00,PZ-001,EQ-004,OBM,82.1,14.8,763.4,0
2026-06-12 12:00:00,PZ-001,EQ-004,OBM,61.2,10.1,317.1,0
2026-06-12 18:00:00,PZ-001,EQ-004,WBM,50.8,9.6,810.7,0
2026-06-13 00:00:00,PZ-001,EQ-004,OBM,81.0,11.4,641.8,0
2026-06-13 06:00:00,PZ-001,EQ-004,WBM,77.4,14.4,492.9,0
2026-06-13 12:00:00,PZ-001,EQ-004,OBM,40.0,10.7,414.5,0
2026-06-13 18:00:00,PZ-001,EQ-004,OBM,52.6,10.3,577.3,0
2026-06-14 00:00:00,PZ-001,EQ-004,WBM,43.5,11.5,711.2,0
2026-06-14 06:00:00,PZ-001,EQ-004,OBM,83.2,14.5,632.1,0
2026-06-14 12:00:00,PZ-001,EQ-004,WBM,84.3,11.7,383.7,0
2026-06-14 18:00:00,PZ-001,EQ-004,WBM,66.4,13.1,545.2,0
2026-06-15 00:00:00,PZ-001,EQ-004,WBM,60.2,12.8,665.0,0
2026-06-15 06:00:00,PZ-001,EQ-004,WBM,69.1,10.1,813.0,0
2026-06-15 12:00:00,PZ-001,EQ-004,OBM,40.9,10.4,567.9,0
2026-06-15 18:00:00,PZ-001,EQ-004,OBM,81.8,12.4,569.7,0
2026-06-16 00:00:00,PZ-001,EQ-004,OBM,51.1,15.3,801.0,0
2026-06-16 06:00:00,PZ-001,EQ-004,OBM,70.5,14.4,372.1,0
2026-06-16 12:00:00,PZ-001,EQ-004,WBM,62.4,10.1,400.6,0
2026-06-16 18:00:00,PZ-001,EQ-004,OBM,68.0,9.5,577.0,0
2026-06-17 00:00:00,PZ-001,EQ-004,OBM,68.7,12.9,706.1,0
2026-06-17 06:00:00,PZ-001,EQ-004,OBM,59.5,12.4,656.5,0
2026-06-17 12:00:00,PZ-001,EQ-004,OBM,67.8,11.2,347.2,0
2026-06-17 18:00:00,PZ-001,EQ-004,OBM,71.0,9.9,496.2,0
2026-06-18 00:00:00,PZ-001,EQ-004,OBM,42.0,10.7,789.4,0
2026-06-18 06:00:00,PZ-001,EQ-004,OBM,48.6,11.2,567.3,0
2026-06-18 12:00:00,PZ-001,EQ-004,OBM,83.6,14.1,416.6,0
2026-06-18 18:00:00,PZ-001,EQ-004,OBM,47.1,14.5,471.1,0
2026-06-19 00:00:00,PZ-001,EQ-004,WBM,71.5,9.8,725.1,0
2026-06-19 06:00:00,PZ-001,EQ-004,OBM,66.3,9.6,721.1,0
2026-06-19 12:00:00,PZ-001,EQ-004,OBM,47.8,14.3,801.4,0
2026-06-19 18:00:00,PZ-001,EQ-004,OBM,74.4,9.0,804.8,0
2026-06-20 00:00:00,PZ-001,EQ-004,OBM,73.1,14.4,660.9,0
2026-06-20 06:00:00,PZ-001,EQ-004,OBM,42.1,13.4,644.4,0
2026-06-20 12:00:00,PZ-001,EQ-004,OBM,43.5,11.1,660.6,0
2026-06-20 18:00:00,PZ-001,EQ-004,WBM,76.9,13.1,579.7,0
2026-06-21 00:00:00,PZ-001,EQ-004,OBM,52.9,14.2,338.6,0
2026-06-21 06:00:00,PZ-001,EQ-004,OBM,59.7,13.3,643.3,0
2026-06-21 12:00:00,PZ-001,EQ-004,OBM,52.4,15.3,749.8,0
2026-06-21 18:00:00,PZ-001,EQ-004,OBM,56.0,9.7,829.0,0
2026-06-22 00:00:00,PZ-001,EQ-004,OBM,57.9,11.3,839.8,0
2026-06-22 06:00:00,PZ-001,EQ-004,WBM,61.8,12.3,559.3,0
2026-06-22 12:00:00,PZ-001,EQ-004,WBM,51.5,15.4,362.2,0
2026-06-22 18:00:00,PZ-001,EQ-004,OBM,76.4,15.2,444.7,0
2026-06-23 00:00:00,PZ-001,EQ-004,OBM,51.9,14.1,649.8,0
2026-06-23 06:00:00,PZ-001,EQ-004,WBM,81.2,11.1,569.9,0
2026-06-23 12:00:00,PZ-001,EQ-004,OBM,58.9,15.6,796.4,0
2026-06-23 18:00:00,PZ-001,EQ-004,WBM,78.4,14.5,356.9,0
2026-06-24 00:00:00,PZ-001,EQ-004,WBM,40.5,12.8,835.4,0
2026-06-24 06:00:00,PZ-001,EQ-004,OBM,83.6,10.8,772.2,0
2026-06-24 12:00:00,PZ-001,EQ-004,OBM,55.4,12.9,340.2,0
2026-06-24 18:00:00,PZ-001,EQ-004,WBM,79.9,11.6,378.6,0
2026-06-25 00:00:00,PZ-001,EQ-004,WBM,73.9,15.8,728.8,0
2026-06-25 06:00:00,PZ-001,EQ-004,OBM,71.3,14.8,330.8,0
2026-06-25 12:00:00,PZ-001,EQ-004,OBM,47.6,11.3,542.1,0
2026-06-25 18:00:00,PZ-001,EQ-004,OBM,68.3,11.8,439.7,0
2026-06-26 00:00:00,PZ-001,EQ-004,OBM,81.6,14.5,479.2,0
2026-06-26 06:00:00,PZ-001,EQ-004,OBM,54.7,14.2,343.8,0
2026-06-26 12:00:00,PZ-001,EQ-004,OBM,60.1,15.3,369.4,0
2026-06-26 18:00:00,PZ-001,EQ-004,WBM,41.3,9.5,662.9,0
2026-06-27 00:00:00,PZ-001,EQ-004,OBM,84.7,13.6,327.8,0
2026-06-27 06:00:00,PZ-001,EQ-004,OBM,63.7,14.8,771.1,0
2026-06-27 12:00:00,PZ-001,EQ-004,OBM,65.0,11.4,829.0,0
2026-06-27 18:00:00,PZ-001,EQ-004,WBM,68.9,13.1,792.7,0
2026-06-28 00:00:00,PZ-001,EQ-004,WBM,83.5,14.6,646.7,0
2026-06-28 06:00:00,PZ-001,EQ-004,WBM,70.1,9.5,441.2,0
2026-06-28 12:00:00,PZ-001,EQ-004,OBM,58.1,10.1,543.0,0
2026-06-28 18:00:00,PZ-001,EQ-004,WBM,40.2,13.7,834.9,0
2026-06-29 00:00:00,PZ-001,EQ-004,WBM,54.4,15.1,427.9,0
2026-06-29 06:00:00,PZ-001,EQ-004,OBM,49.4,14.7,708.6,0
2026-06-29 12:00:00,PZ-001,EQ-004,WBM,44.4,13.0,604.5,0
2026-06-29 18:00:00,PZ-001,EQ-004,WBM,43.6,15.9,731.0,0
2026-06-30 00:00:00,PZ-001,EQ-004,WBM,83.2,10.0,580.0,0
2026-06-30 06:00:00,PZ-001,EQ-004,WBM,59.1,9.9,367.6,0
2026-06-30 12:00:00,PZ-001,EQ-004,OBM,75.0,12.9,655.2,0
2026-06-30 18:00:00,PZ-001,EQ-004,WBM,84.3,9.5,673.3,0
2026-07-01 00:00:00,PZ-001,EQ-004,OBM,71.8,10.6,448.3,0
2026-07-01 06:00:00,PZ-001,EQ-004,WBM,48.8,14.1,384.8,0
2026-07-01 12:00:00,PZ-001,EQ-004,OBM,44.8,13.9,585.5,0
2026-07-01 18:00:00,PZ-001,EQ-004,OBM,53.4,10.8,390.0,0
2026-07-02 00:00:00,PZ-001,EQ-004,WBM,70.8,13.8,576.0,0
2026-07-02 06:00:00,PZ-001,EQ-004,OBM,66.1,13.3,455.6,0
2026-07-02 12:00:00,PZ-001,EQ-004,WBM,55.7,14.1,344.0,0
2026-07-02 18:00:00,PZ-001,EQ-004,OBM,65.2,14.2,746.9,0
2026-07-03 00:00:00,PZ-001,EQ-004,WBM,71.0,11.1,644.3,0
2026-07-03 06:00:00,PZ-001,EQ-004,OBM,62.7,13.1,582.2,0
2026-07-03 12:00:00,PZ-001,EQ-004,WBM,43.2,9.6,538.6,0
2026-07-03 18:00:00,PZ-001,EQ-004,OBM,53.7,13.8,775.2,0
2026-07-04 00:00:00,PZ-001,EQ-004,WBM,45.2,13.3,544.1,0
2026-07-04 06:00:00,PZ-001,EQ-004,OBM,46.7,12.9,589.9,0
2026-07-04 12:00:00,PZ-001,EQ-004,WBM,80.0,13.9,418.9,0
2026-07-04 18:00:00,PZ-001,EQ-004,OBM,76.8,14.9,586.3,0
2026-07-05 00:00:00,PZ-001,EQ-004,WBM,41.6,15.4,726.4,0
2026-07-05 06:00:00,PZ-001,EQ-004,OBM,83.0,14.4,763.3,0
2026-07-05 12:00:00,PZ-001,EQ-004,WBM,77.5,10.4,790.9,0
2026-07-05 18:00:00,PZ-001,EQ-004,OBM,62.4,9.7,459.9,0
2026-07-06 00:00:00,PZ-001,EQ-004,OBM,54.4,16.0,765.1,0
2026-07-06 06:00:00,PZ-001,EQ-004,WBM,80.6,12.9,777.7,0
2026-07-06 12:00:00,PZ-001,EQ-004,OBM,71.4,11.0,484.9,0
2026-07-06 18:00:00,PZ-001,EQ-004,WBM,66.2,13.9,769.6,0
2026-07-07 00:00:00,PZ-001,EQ-004,OBM,40.4,9.7,329.8,0
2026-07-07 06:00:00,PZ-001,EQ-004,WBM,72.2,10.7,782.7,0
2026-07-07 12:00:00,PZ-001,EQ-004,OBM,79.8,15.5,772.3,0
2026-07-07 18:00:00,PZ-001,EQ-004,WBM,52.2,10.5,632.0,0
2026-07-08 00:00:00,PZ-001,EQ-004,OBM,82.9,11.8,578.5,0
2026-07-08 06:00:00,PZ-001,EQ-004,WBM,75.7,10.6,674.8,0
2026-07-08 12:00:00,PZ-001,EQ-004,OBM,65.3,10.3,423.4,0
2026-07-08 18:00:00,PZ-001,EQ-004,OBM,74.6,12.4,485.7,0
2026-07-09 00:00:00,PZ-001,EQ-004,OBM,75.3,11.3,696.6,0
2026-07-09 06:00:00,PZ-001,EQ-004,OBM,81.9,14.5,697.9,0
2026-07-09 12:00:00,PZ-001,EQ-004,OBM,59.2,10.9,511.3,0
2026-07-09 18:00:00,PZ-001,EQ-004,WBM,60.5,12.4,320.1,0
2026-07-10 00:00:00,PZ-001,EQ-004,OBM,77.4,11.0,781.2,0
2026-07-10 06:00:00,PZ-001,EQ-004,OBM,73.7,15.7,552.4,0
2026-07-10 12:00:00,PZ-001,EQ-004,OBM,67.2,9.7,615.0,0
2026-07-10 18:00:00,PZ-001,EQ-004,OBM,63.9,10.8,671.6,0
2026-07-11 00:00:00,PZ-001,EQ-004,WBM,65.8,14.8,315.7,0
2026-07-11 06:00:00,PZ-001,EQ-004,WBM,53.2,11.7,488.1,0
2026-07-11 12:00:00,PZ-001,EQ-004,WBM,73.0,9.7,823.3,0
2026-07-11 18:00:00,PZ-001,EQ-004,OBM,53.4,11.9,423.1,0
2026-07-12 00:00:00,PZ-001,EQ-004,OBM,68.4,14.1,504.1,0
2026-07-12 06:00:00,PZ-001,EQ-004,OBM,71.8,12.4,510.6,0
2026-07-12 12:00:00,PZ-001,EQ-004,OBM,67.4,12.1,819.2,0
2026-07-12 18:00:00,PZ-001,EQ-004,OBM,84.9,15.2,745.7,0
2026-07-13 00:00:00,PZ-001,EQ-004,WBM,73.1,11.1,396.8,0
2026-07-13 06:00:00,PZ-001,EQ-004,WBM,81.1,14.9,766.2,0
2026-07-13 12:00:00,PZ-001,EQ-004,OBM,76.3,13.2,462.7,0
2026-07-13 18:00:00,PZ-001,EQ-004,OBM,61.3,9.3,651.2,0
2026-07-14 00:00:00,PZ-001,EQ-004,OBM,83.3,10.3,672.0,0
2026-07-14 06:00:00,PZ-001,EQ-004,OBM,55.6,13.8,505.1,0
2026-07-14 12:00:00,PZ-001,EQ-004,OBM,45.1,13.0,322.5,0
2026-07-14 18:00:00,PZ-001,EQ-004,OBM,77.7,15.2,807.1,0
2026-07-15 00:00:00,PZ-001,EQ-004,WBM,65.1,15.3,835.9,0
2026-07-15 06:00:00,PZ-001,EQ-004,WBM,49.6,14.3,652.1,0
2026-07-15 12:00:00,PZ-001,EQ-004,OBM,70.8,14.5,311.0,0
2026-07-15 18:00:00,PZ-001,EQ-004,OBM,76.5,14.7,404.4,0
2026-07-16 00:00:00,PZ-001,EQ-004,OBM,47.0,14.9,699.4,0
2026-07-16 06:00:00,PZ-001,EQ-004,WBM,54.2,13.7,317.3,0
2026-07-16 12:00:00,PZ-001,EQ-004,OBM,58.7,14.4,396.0,0
2026-07-16 18:00:00,PZ-001,EQ-004,OBM,84.4,12.6,813.8,0
2026-07-17 00:00:00,PZ-001,EQ-004,WBM,52.0,15.5,394.8,0
2026-07-17 06:00:00,PZ-001,EQ-004,OBM,73.3,12.5,449.8,0
2026-07-17 12:00:00,PZ-001,EQ-004,OBM,72.4,13.0,706.1,0
2026-07-17 18:00:00,PZ-001,EQ-004,OBM,66.2,9.9,554.1,0
2026-07-18 00:00:00,PZ-001,EQ-004,OBM,51.9,14.0,355.0,0
2026-07-18 06:00:00,PZ-001,EQ-004,OBM,71.3,14.6,487.1,0
2026-07-18 12:00:00,PZ-001,EQ-004,OBM,41.5,11.6,430.4,0
2026-07-18 18:00:00,PZ-001,EQ-004,WBM,82.9,10.6,807.3,0
2026-07-19 00:00:00,PZ-001,EQ-004,OBM,64.9,15.5,302.9,0
2026-07-19 06:00:00,PZ-001,EQ-004,OBM,46.3,9.7,533.5,0
2026-07-19 12:00:00,PZ-001,EQ-004,OBM,63.7,10.0,300.4,0
2026-07-19 18:00:00,PZ-001,EQ-004,WBM,68.5,15.4,414.8,0
2026-07-20 00:00:00,PZ-001,EQ-004,WBM,67.2,10.1,704.8,0
2026-07-20 06:00:00,PZ-001,EQ-004,OBM,67.0,10.2,707.9,0
2026-07-20 12:00:00,PZ-001,EQ-004,OBM,47.1,13.8,370.5,0
2026-07-20 18:00:00,PZ-001,EQ-004,WBM,73.7,10.8,784.9,0
2026-07-21 00:00:00,PZ-001,EQ-004,WBM,67.6,9.6,515.3,0
2026-07-21 06:00:00,PZ-001,EQ-004,OBM,68.1,11.0,507.9,0
2026-07-21 12:00:00,PZ-001,EQ-004,OBM,62.7,14.0,436.9,0
2026-07-21 18:00:00,PZ-001,EQ-004,WBM,41.2,11.4,741.8,0
2026-07-22 00:00:00,PZ-001,EQ-004,OBM,60.5,9.2,783.6,0
2026-07-22 06:00:00,PZ-001,EQ-004,OBM,62.0,11.4,808.3,0
2026-07-22 12:00:00,PZ-001,EQ-004,OBM,64.7,10.5,535.9,0
2026-07-22 18:00:00,PZ-001,EQ-004,OBM,40.0,15.6,390.5,0
2026-07-23 00:00:00,PZ-001,EQ-004,WBM,41.7,9.9,842.5,0
2026-07-23 06:00:00,PZ-001,EQ-004,WBM,44.8,14.0,770.0,0
2026-07-23 12:00:00,PZ-001,EQ-004,WBM,50.0,9.4,356.9,0
2026-07-23 18:00:00,PZ-001,EQ-004,WBM,63.2,10.8,817.3,0
2026-07-24 00:00:00,PZ-001,EQ-004,OBM,55.9,11.7,526.5,0
2026-07-24 06:00:00,PZ-001,EQ-004,OBM,78.6,15.6,484.8,0
2026-07-24 12:00:00,PZ-001,EQ-004,WBM,49.0,11.9,413.4,0
2026-07-24 18:00:00,PZ-001,EQ-004,WBM,60.5,13.2,680.5,0
2026-07-25 00:00:00,PZ-001,EQ-004,OBM,65.6,12.1,337.0,0
2026-07-25 06:00:00,PZ-001,EQ-004,OBM,67.7,14.8,571.7,0
2026-07-25 12:00:00,PZ-001,EQ-004,WBM,53.6,13.9,734.6,0
2026-07-25 18:00:00,PZ-001,EQ-004,OBM,59.0,11.9,427.2,0
2026-07-26 00:00:00,PZ-001,EQ-004,WBM,42.5,10.4,305.1,0
2026-07-26 06:00:00,PZ-001,EQ-004,WBM,83.8,10.4,490.2,0
2026-07-26 12:00:00,PZ-001,EQ-004,WBM,77.8,9.2,817.1,0
2026-07-26 18:00:00,PZ-001,EQ-004,OBM,64.5,13.6,512.9,0
2026-07-27 00:00:00,PZ-001,EQ-004,WBM,42.4,12.2,602.3,0
2026-07-27 06:00:00,PZ-001,EQ-004,WBM,77.0,10.5,516.7,0
2026-07-27 12:00:00,PZ-001,EQ-004,OBM,46.8,12.5,740.9,0
2026-07-27 18:00:00,PZ-001,EQ-004,OBM,78.2,13.9,569.7,0
2026-07-28 00:00:00,PZ-001,EQ-004,OBM,66.0,10.5,448.0,0
2026-07-28 06:00:00,PZ-001,EQ-004,WBM,84.6,9.9,737.8,0
2026-07-28 12:00:00,PZ-001,EQ-004,OBM,79.6,11.9,595.6,0
2026-07-28 18:00:00,PZ-001,EQ-004,WBM,51.0,13.8,366.7,0
2026-07-29 00:00:00,PZ-001,EQ-004,OBM,69.2,14.0,398.1,0
2026-07-29 06:00:00,PZ-001,EQ-004,OBM,51.7,15.0,774.9,0
2026-07-29 12:00:00,PZ-001,EQ-004,WBM,77.0,14.4,628.2,0
2026-07-29 18:00:00,PZ-001,EQ-004,WBM,45.5,12.6,621.9,0
2026-07-30 00:00:00,PZ-001,EQ-004,OBM,56.4,13.5,795.7,0
2026-07-30 06:00:00,PZ-001,EQ-004,WBM,46.3,13.4,700.9,0
2026-07-30 12:00:00,PZ-001,EQ-004,WBM,82.8,9.4,631.7,0
2026-07-30 18:00:00,PZ-001,EQ-004,OBM,63.8,13.7,757.4,0
2026-07-31 00:00:00,PZ-001,EQ-004,WBM,79.5,11.2,370.9,0
2026-05-01 00:00:00,PZ-001,EQ-005,OBM,41.4,10.9,318.0,0
2026-05-01 06:00:00,PZ-001,EQ-005,OBM,84.2,13.5,388.9,0
2026-05-01 12:00:00,PZ-001,EQ-005,OBM,46.9,15.5,716.6,0
2026-05-01 18:00:00,PZ-001,EQ-005,OBM,49.0,10.5,678.6,0
2026-05-02 00:00:00,PZ-001,EQ-005,OBM,75.2,14.5,549.3,0
2026-05-02 06:00:00,PZ-001,EQ-005,OBM,69.5,10.6,450.7,0
2026-05-02 12:00:00,PZ-001,EQ-005,WBM,52.3,10.5,550.4,0
2026-05-02 18:00:00,PZ-001,EQ-005,WBM,72.4,13.8,352.7,0
2026-05-03 00:00:00,PZ-001,EQ-005,OBM,56.4,14.3,441.6,0
2026-05-03 06:00:00,PZ-001,EQ-005,WBM,77.8,12.1,650.2,0
2026-05-03 12:00:00,PZ-001,EQ-005,OBM,74.8,12.3,639.7,0
2026-05-03 18:00:00,PZ-001,EQ-005,OBM,62.4,14.9,740.7,0
2026-05-04 00:00:00,PZ-001,EQ-005,WBM,58.3,14.8,425.2,0
2026-05-04 06:00:00,PZ-001,EQ-005,OBM,55.9,13.5,435.1,0
2026-05-04 12:00:00,PZ-001,EQ-005,OBM,44.5,10.9,770.3,0
2026-05-04 18:00:00,PZ-001,EQ-005,OBM,84.1,10.9,322.5,0
2026-05-05 00:00:00,PZ-001,EQ-005,OBM,44.5,14.0,317.1,0
2026-05-05 06:00:00,PZ-001,EQ-005,WBM,45.7,10.2,828.1,0
2026-05-05 12:00:00,PZ-001,EQ-005,OBM,57.9,11.4,429.0,0
2026-05-05 18:00:00,PZ-001,EQ-005,OBM,68.4,10.8,821.8,0
2026-05-06 00:00:00,PZ-001,EQ-005,OBM,40.7,12.4,483.4,0
2026-05-06 06:00:00,PZ-001,EQ-005,OBM,59.6,11.9,703.0,0
2026-05-06 12:00:00,PZ-001,EQ-005,OBM,51.2,13.3,621.9,0
2026-05-06 18:00:00,PZ-001,EQ-005,OBM,54.1,10.0,417.6,0
2026-05-07 00:00:00,PZ-001,EQ-005,OBM,69.7,15.7,701.3,0
2026-05-07 06:00:00,PZ-001,EQ-005,OBM,78.8,12.1,622.2,0
2026-05-07 12:00:00,PZ-001,EQ-005,OBM,80.7,9.6,405.1,0
2026-05-07 18:00:00,PZ-001,EQ-005,OBM,76.7,15.9,513.9,0
2026-05-08 00:00:00,PZ-001,EQ-005,OBM,67.2,10.4,572.2,0
2026-05-08 06:00:00,PZ-001,EQ-005,OBM,62.5,11.1,835.6,0
2026-05-08 12:00:00,PZ-001,EQ-005,OBM,52.6,14.1,433.2,0
2026-05-08 18:00:00,PZ-001,EQ-005,OBM,53.0,13.4,364.9,0
2026-05-09 00:00:00,PZ-001,EQ-005,WBM,40.0,9.9,813.5,0
2026-05-09 06:00:00,PZ-001,EQ-005,WBM,75.0,13.3,834.0,0
2026-05-09 12:00:00,PZ-001,EQ-005,OBM,42.9,11.8,830.1,0
2026-05-09 18:00:00,PZ-001,EQ-005,WBM,45.4,13.9,654.7,0
2026-05-10 00:00:00,PZ-001,EQ-005,OBM,41.0,11.1,806.6,0
2026-05-10 06:00:00,PZ-001,EQ-005,WBM,64.0,14.8,356.7,0
2026-05-10 12:00:00,PZ-001,EQ-005,OBM,48.2,14.0,511.7,0
2026-05-10 18:00:00,PZ-001,EQ-005,OBM,83.3,9.9,531.3,0
2026-05-11 00:00:00,PZ-001,EQ-005,WBM,56.3,9.4,677.0,0
2026-05-11 06:00:00,PZ-001,EQ-005,WBM,76.7,14.6,567.5,0
2026-05-11 12:00:00,PZ-001,EQ-005,OBM,53.0,10.7,701.8,0
2026-05-11 18:00:00,PZ-001,EQ-005,WBM,40.3,10.1,337.9,0
2026-05-12 00:00:00,PZ-001,EQ-005,WBM,46.7,10.7,814.9,0
2026-05-12 06:00:00,PZ-001,EQ-005,WBM,79.3,11.8,484.3,0
2026-05-12 12:00:00,PZ-001,EQ-005,WBM,54.3,13.7,459.3,0
2026-05-12 18:00:00,PZ-001,EQ-005,WBM,48.6,11.9,815.3,0
2026-05-13 00:00:00,PZ-001,EQ-005,OBM,51.5,9.9,332.2,0
2026-05-13 06:00:00,PZ-001,EQ-005,WBM,47.8,14.3,308.7,0
2026-05-13 12:00:00,PZ-001,EQ-005,WBM,62.8,12.9,472.4,0
2026-05-13 18:00:00,PZ-001,EQ-005,OBM,79.2,10.3,353.7,0
2026-05-14 00:00:00,PZ-001,EQ-005,WBM,64.8,11.5,369.2,0
2026-05-14 06:00:00,PZ-001,EQ-005,OBM,49.1,12.2,738.3,0
2026-05-14 12:00:00,PZ-001,EQ-005,WBM,64.7,13.9,736.0,0
2026-05-14 18:00:00,PZ-001,EQ-005,WBM,72.0,13.7,313.4,0
2026-05-15 00:00:00,PZ-001,EQ-005,WBM,70.1,10.5,625.0,0
2026-05-15 06:00:00,PZ-001,EQ-005,OBM,81.5,15.8,305.9,0
2026-05-15 12:00:00,PZ-001,EQ-005,OBM,78.7,10.8,839.6,0
2026-05-15 18:00:00,PZ-001,EQ-005,OBM,43.9,10.3,717.1,0
2026-05-16 00:00:00,PZ-001,EQ-005,OBM,40.6,13.6,500.8,0
2026-05-16 06:00:00,PZ-001,EQ-005,OBM,55.4,9.8,338.3,0
2026-05-16 12:00:00,PZ-001,EQ-005,OBM,73.4,12.6,532.3,0
2026-05-16 18:00:00,PZ-001,EQ-005,WBM,55.1,15.8,780.5,0
2026-05-17 00:00:00,PZ-001,EQ-005,OBM,78.1,12.1,309.9,0
2026-05-17 06:00:00,PZ-001,EQ-005,OBM,83.6,13.9,339.0,0
2026-05-17 12:00:00,PZ-001,EQ-005,OBM,77.9,13.3,654.4,0
2026-05-17 18:00:00,PZ-001,EQ-005,OBM,75.5,10.8,689.8,0
2026-05-18 00:00:00,PZ-001,EQ-005,WBM,49.1,10.3,485.8,0
2026-05-18 06:00:00,PZ-001,EQ-005,OBM,61.5,10.9,316.0,0
2026-05-18 12:00:00,PZ-001,EQ-005,WBM,53.4,15.1,710.7,0
2026-05-18 18:00:00,PZ-001,EQ-005,OBM,45.9,13.9,413.3,0
2026-05-19 00:00:00,PZ-001,EQ-005,WBM,77.1,9.9,796.7,0
2026-05-19 06:00:00,PZ-001,EQ-005,OBM,73.5,13.3,741.7,0
2026-05-19 12:00:00,PZ-001,EQ-005,OBM,60.8,15.6,567.5,0
2026-05-19 18:00:00,PZ-001,EQ-005,OBM,77.0,12.9,398.9,0
2026-05-20 00:00:00,PZ-001,EQ-005,OBM,73.9,14.7,318.1,0
2026-05-20 06:00:00,PZ-001,EQ-005,OBM,77.4,9.3,768.8,0
2026-05-20 12:00:00,PZ-001,EQ-005,WBM,54.3,11.0,592.0,0
2026-05-20 18:00:00,PZ-001,EQ-005,WBM,76.6,9.9,428.4,0
2026-05-21 00:00:00,PZ-001,EQ-005,OBM,74.4,12.1,734.4,0
2026-05-21 06:00:00,PZ-001,EQ-005,WBM,47.0,12.1,518.3,0
2026-05-21 12:00:00,PZ-001,EQ-005,OBM,57.5,10.2,424.8,0
2026-05-21 18:00:00,PZ-001,EQ-005,OBM,63.2,10.2,664.6,0
2026-05-22 00:00:00,PZ-001,EQ-005,WBM,62.1,15.8,483.3,0
2026-05-22 06:00:00,PZ-001,EQ-005,WBM,67.3,9.6,827.6,0
2026-05-22 12:00:00,PZ-001,EQ-005,OBM,71.7,13.1,547.5,0
2026-05-22 18:00:00,PZ-001,EQ-005,OBM,62.5,15.5,620.8,0
2026-05-23 00:00:00,PZ-001,EQ-005,OBM,49.4,9.0,432.8,0
2026-05-23 06:00:00,PZ-001,EQ-005,WBM,60.2,15.9,492.6,0
2026-05-23 12:00:00,PZ-001,EQ-005,WBM,42.2,14.4,613.9,0
2026-05-23 18:00:00,PZ-001,EQ-005,WBM,65.7,10.8,425.4,0
2026-05-24 00:00:00,PZ-001,EQ-005,WBM,53.9,9.8,842.2,0
2026-05-24 06:00:00,PZ-001,EQ-005,WBM,49.0,13.1,335.2,0
2026-05-24 12:00:00,PZ-001,EQ-005,OBM,51.1,12.2,312.2,0
2026-05-24 18:00:00,PZ-001,EQ-005,OBM,52.2,10.4,659.7,0
2026-05-25 00:00:00,PZ-001,EQ-005,WBM,71.0,13.0,772.3,0
2026-05-25 06:00:00,PZ-001,EQ-005,OBM,70.3,9.8,682.2,0
2026-05-25 12:00:00,PZ-001,EQ-005,OBM,46.4,13.5,510.1,0
2026-05-25 18:00:00,PZ-001,EQ-005,WBM,83.3,15.3,448.7,0
2026-05-26 00:00:00,PZ-001,EQ-005,OBM,51.4,12.1,586.1,0
2026-05-26 06:00:00,PZ-001,EQ-005,WBM,49.9,11.0,544.0,0
2026-05-26 12:00:00,PZ-001,EQ-005,OBM,71.7,9.6,657.6,0
2026-05-26 18:00:00,PZ-001,EQ-005,OBM,40.1,10.7,810.3,0
2026-05-27 00:00:00,PZ-001,EQ-005,OBM,74.5,9.6,582.6,0
2026-05-27 06:00:00,PZ-001,EQ-005,WBM,76.5,9.9,557.8,0
2026-05-27 12:00:00,PZ-001,EQ-005,WBM,84.0,16.0,605.6,0
2026-05-27 18:00:00,PZ-001,EQ-005,WBM,59.1,11.2,454.3,0
2026-05-28 00:00:00,PZ-001,EQ-005,WBM,73.0,9.0,627.9,0
2026-05-28 06:00:00,PZ-001,EQ-005,WBM,48.3,13.6,691.9,0
2026-05-28 12:00:00,PZ-001,EQ-005,WBM,51.3,15.7,807.8,0
2026-05-28 18:00:00,PZ-001,EQ-005,OBM,60.4,12.0,386.2,0
2026-05-29 00:00:00,PZ-001,EQ-005,OBM,41.0,12.1,729.7,0
2026-05-29 06:00:00,PZ-001,EQ-005,OBM,80.9,9.1,606.4,0
2026-05-29 12:00:00,PZ-001,EQ-005,OBM,54.6,10.0,788.2,0
2026-05-29 18:00:00,PZ-001,EQ-005,OBM,66.4,13.7,742.3,0
2026-05-30 00:00:00,PZ-001,EQ-005,WBM,63.1,14.6,505.5,0
2026-05-30 06:00:00,PZ-001,EQ-005,WBM,81.2,9.6,656.5,0
2026-05-30 12:00:00,PZ-001,EQ-005,OBM,70.6,9.5,626.5,0
2026-05-30 18:00:00,PZ-001,EQ-005,OBM,47.7,15.3,660.9,0
2026-05-31 00:00:00,PZ-001,EQ-005,OBM,64.4,15.4,795.0,0
2026-05-31 06:00:00,PZ-001,EQ-005,WBM,57.7,11.7,457.8,0
2026-05-31 12:00:00,PZ-001,EQ-005,OBM,43.1,13.7,395.1,0
2026-05-31 18:00:00,PZ-001,EQ-005,WBM,52.1,14.4,786.8,0
2026-06-01 00:00:00,PZ-001,EQ-005,OBM,61.2,15.1,719.5,0
2026-06-01 06:00:00,PZ-001,EQ-005,OBM,78.1,9.1,521.6,0
2026-06-01 12:00:00,PZ-001,EQ-005,OBM,64.4,12.7,491.3,0
2026-06-01 18:00:00,PZ-001,EQ-005,OBM,58.8,14.0,773.7,0
2026-06-02 00:00:00,PZ-001,EQ-005,OBM,58.4,13.8,437.4,0
2026-06-02 06:00:00,PZ-001,EQ-005,OBM,58.8,15.4,846.2,0
2026-06-02 12:00:00,PZ-001,EQ-005,WBM,82.8,15.7,353.7,0
2026-06-02 18:00:00,PZ-001,EQ-005,WBM,84.8,10.3,576.4,0
2026-06-03 00:00:00,PZ-001,EQ-005,WBM,67.2,10.9,774.3,0
2026-06-03 06:00:00,PZ-001,EQ-005,OBM,70.3,10.6,319.1,0
2026-06-03 12:00:00,PZ-001,EQ-005,WBM,76.4,14.6,551.4,0
2026-06-03 18:00:00,PZ-001,EQ-005,OBM,77.2,12.0,451.5,0
2026-06-04 00:00:00,PZ-001,EQ-005,OBM,60.2,12.1,350.1,0
2026-06-04 06:00:00,PZ-001,EQ-005,WBM,48.9,11.9,425.3,0
2026-06-04 12:00:00,PZ-001,EQ-005,WBM,60.2,12.8,411.9,0
2026-06-04 18:00:00,PZ-001,EQ-005,OBM,59.5,11.9,319.6,0
2026-06-05 00:00:00,PZ-001,EQ-005,OBM,65.1,13.9,397.6,0
2026-06-05 06:00:00,PZ-001,EQ-005,OBM,82.6,10.0,573.7,0
2026-06-05 12:00:00,PZ-001,EQ-005,WBM,54.6,10.0,690.5,0
2026-06-05 18:00:00,PZ-001,EQ-005,WBM,40.4,14.7,396.9,0
2026-06-06 00:00:00,PZ-001,EQ-005,WBM,66.3,11.2,347.8,0
2026-06-06 06:00:00,PZ-001,EQ-005,WBM,59.3,13.6,445.1,0
2026-06-06 12:00:00,PZ-001,EQ-005,OBM,67.3,15.7,624.2,0
2026-06-06 18:00:00,PZ-001,EQ-005,OBM,81.8,14.8,477.6,0
2026-06-07 00:00:00,PZ-001,EQ-005,WBM,62.7,14.2,576.8,0
2026-06-07 06:00:00,PZ-001,EQ-005,OBM,76.3,11.0,665.3,0
2026-06-07 12:00:00,PZ-001,EQ-005,OBM,78.0,12.7,680.3,0
2026-06-07 18:00:00,PZ-001,EQ-005,OBM,54.1,14.3,421.0,0
2026-06-08 00:00:00,PZ-001,EQ-005,OBM,72.6,11.8,418.1,0
2026-06-08 06:00:00,PZ-001,EQ-005,WBM,47.9,14.2,438.6,0
2026-06-08 12:00:00,PZ-001,EQ-005,WBM,84.2,11.7,344.0,0
2026-06-08 18:00:00,PZ-001,EQ-005,OBM,67.0,11.9,537.5,0
2026-06-09 00:00:00,PZ-001,EQ-005,OBM,62.7,10.0,357.1,0
2026-06-09 06:00:00,PZ-001,EQ-005,WBM,67.4,10.4,438.3,0
2026-06-09 12:00:00,PZ-001,EQ-005,OBM,78.5,10.6,480.2,0
2026-06-09 18:00:00,PZ-001,EQ-005,OBM,40.9,13.7,587.7,0
2026-06-10 00:00:00,PZ-001,EQ-005,WBM,76.2,14.5,369.9,0
2026-06-10 06:00:00,PZ-001,EQ-005,WBM,51.5,10.8,605.9,0
2026-06-10 12:00:00,PZ-001,EQ-005,OBM,45.7,15.8,426.9,0
2026-06-10 18:00:00,PZ-001,EQ-005,WBM,46.4,15.0,469.9,0
2026-06-11 00:00:00,PZ-001,EQ-005,OBM,61.2,12.5,702.7,0
2026-06-11 06:00:00,PZ-001,EQ-005,OBM,80.3,9.4,377.4,0
2026-06-11 12:00:00,PZ-001,EQ-005,OBM,58.2,10.0,578.7,0
2026-06-11 18:00:00,PZ-001,EQ-005,OBM,74.4,10.8,564.4,0
2026-06-12 00:00:00,PZ-001,EQ-005,OBM,77.9,11.9,722.3,0
2026-06-12 06:00:00,PZ-001,EQ-005,WBM,49.1,11.8,765.2,0
2026-06-12 12:00:00,PZ-001,EQ-005,OBM,71.9,13.1,496.5,0
2026-06-12 18:00:00,PZ-001,EQ-005,WBM,43.8,15.9,370.0,0
2026-06-13 00:00:00,PZ-001,EQ-005,OBM,53.6,13.6,481.0,0
2026-06-13 06:00:00,PZ-001,EQ-005,WBM,55.4,11.9,696.2,0
2026-06-13 12:00:00,PZ-001,EQ-005,OBM,41.9,12.5,621.3,0
2026-06-13 18:00:00,PZ-001,EQ-005,WBM,65.8,15.0,433.1,0
2026-06-14 00:00:00,PZ-001,EQ-005,WBM,73.0,15.5,661.5,0
2026-06-14 06:00:00,PZ-001,EQ-005,WBM,81.4,12.3,315.9,0
2026-06-14 12:00:00,PZ-001,EQ-005,OBM,45.6,10.5,335.5,0
2026-06-14 18:00:00,PZ-001,EQ-005,OBM,62.8,14.7,773.6,0
2026-06-15 00:00:00,PZ-001,EQ-005,WBM,71.3,11.9,611.1,0
2026-06-15 06:00:00,PZ-001,EQ-005,WBM,81.3,9.9,669.3,0
2026-06-15 12:00:00,PZ-001,EQ-005,WBM,75.7,15.4,393.3,0
2026-06-15 18:00:00,PZ-001,EQ-005,OBM,82.2,15.4,600.5,0
2026-06-16 00:00:00,PZ-001,EQ-005,WBM,42.7,12.0,519.6,0
2026-06-16 06:00:00,PZ-001,EQ-005,WBM,47.9,14.9,464.0,0
2026-06-16 12:00:00,PZ-001,EQ-005,OBM,42.3,15.6,590.0,0
2026-06-16 18:00:00,PZ-001,EQ-005,WBM,55.2,9.1,500.0,0
2026-06-17 00:00:00,PZ-001,EQ-005,OBM,70.9,9.8,381.3,0
2026-06-17 06:00:00,PZ-001,EQ-005,WBM,41.3,14.6,310.7,0
2026-06-17 12:00:00,PZ-001,EQ-005,WBM,83.9,13.2,704.2,0
2026-06-17 18:00:00,PZ-001,EQ-005,OBM,77.8,13.6,576.3,0
2026-06-18 00:00:00,PZ-001,EQ-005,WBM,66.7,14.9,496.3,0
2026-06-18 06:00:00,PZ-001,EQ-005,OBM,72.7,9.8,413.3,0
2026-06-18 12:00:00,PZ-001,EQ-005,OBM,42.8,13.8,501.6,0
2026-06-18 18:00:00,PZ-001,EQ-005,OBM,45.2,11.2,745.6,0
2026-06-19 00:00:00,PZ-001,EQ-005,WBM,77.1,15.9,606.3,0
2026-06-19 06:00:00,PZ-001,EQ-005,WBM,47.7,14.3,725.4,0
2026-06-19 12:00:00,PZ-001,EQ-005,WBM,65.3,10.5,487.5,0
2026-06-19 18:00:00,PZ-001,EQ-005,WBM,68.7,13.6,824.8,0
2026-06-20 00:00:00,PZ-001,EQ-005,OBM,63.9,10.3,534.1,0
2026-06-20 06:00:00,PZ-001,EQ-005,OBM,67.3,11.8,445.9,0
2026-06-20 12:00:00,PZ-001,EQ-005,OBM,69.0,13.8,504.9,0
2026-06-20 18:00:00,PZ-001,EQ-005,OBM,74.8,12.2,636.5,0
2026-06-21 00:00:00,PZ-001,EQ-005,OBM,77.6,13.8,581.9,0
2026-06-21 06:00:00,PZ-001,EQ-005,OBM,70.6,12.9,643.7,0
2026-06-21 12:00:00,PZ-001,EQ-005,OBM,75.6,11.6,609.5,0
2026-06-21 18:00:00,PZ-001,EQ-005,WBM,51.3,13.8,768.7,0
2026-06-22 00:00:00,PZ-001,EQ-005,OBM,58.1,10.1,365.1,0
2026-06-22 06:00:00,PZ-001,EQ-005,OBM,60.6,13.6,803.0,0
2026-06-22 12:00:00,PZ-001,EQ-005,OBM,67.8,13.2,460.9,0
2026-06-22 18:00:00,PZ-001,EQ-005,OBM,45.1,12.7,355.7,0
2026-06-23 00:00:00,PZ-001,EQ-005,OBM,76.4,11.6,368.8,0
2026-06-23 06:00:00,PZ-001,EQ-005,WBM,51.0,12.9,312.0,0
2026-06-23 12:00:00,PZ-001,EQ-005,WBM,66.0,13.9,648.8,0
2026-06-23 18:00:00,PZ-001,EQ-005,WBM,59.3,12.0,529.4,0
2026-06-24 00:00:00,PZ-001,EQ-005,OBM,63.3,12.0,845.4,0
2026-06-24 06:00:00,PZ-001,EQ-005,WBM,45.0,14.9,848.4,0
2026-06-24 12:00:00,PZ-001,EQ-005,WBM,82.4,14.0,462.6,0
2026-06-24 18:00:00,PZ-001,EQ-005,OBM,76.5,14.2,705.3,0
2026-06-25 00:00:00,PZ-001,EQ-005,OBM,52.4,15.5,500.6,0
2026-06-25 06:00:00,PZ-001,EQ-005,WBM,63.2,9.7,663.1,0
2026-06-25 12:00:00,PZ-001,EQ-005,OBM,63.5,9.3,813.4,0
2026-06-25 18:00:00,PZ-001,EQ-005,OBM,75.8,14.2,542.6,0
2026-06-26 00:00:00,PZ-001,EQ-005,OBM,78.4,14.6,322.8,0
2026-06-26 06:00:00,PZ-001,EQ-005,WBM,44.6,13.2,780.6,0
2026-06-26 12:00:00,PZ-001,EQ-005,OBM,81.0,14.7,585.8,0
2026-06-26 18:00:00,PZ-001,EQ-005,OBM,47.1,9.9,403.6,0
2026-06-27 00:00:00,PZ-001,EQ-005,OBM,76.0,12.0,571.2,0
2026-06-27 06:00:00,PZ-001,EQ-005,OBM,76.1,10.7,323.0,0
2026-06-27 12:00:00,PZ-001,EQ-005,OBM,58.1,13.5,602.8,0
2026-06-27 18:00:00,PZ-001,EQ-005,WBM,59.3,15.2,828.5,0
2026-06-28 00:00:00,PZ-001,EQ-005,OBM,66.3,13.8,816.5,0
2026-06-28 06:00:00,PZ-001,EQ-005,OBM,71.0,13.8,438.8,0
2026-06-28 12:00:00,PZ-001,EQ-005,OBM,61.4,14.6,497.9,0
2026-06-28 18:00:00,PZ-001,EQ-005,OBM,66.8,9.2,393.6,0
2026-06-29 00:00:00,PZ-001,EQ-005,OBM,62.9,9.4,758.8,0
2026-06-29 06:00:00,PZ-001,EQ-005,WBM,68.5,14.7,652.5,0
2026-06-29 12:00:00,PZ-001,EQ-005,OBM,49.5,11.2,432.0,0
2026-06-29 18:00:00,PZ-001,EQ-005,WBM,82.0,11.3,420.4,0
2026-06-30 00:00:00,PZ-001,EQ-005,WBM,64.1,11.4,372.6,0
2026-06-30 06:00:00,PZ-001,EQ-005,OBM,41.4,14.4,642.0,0
2026-06-30 12:00:00,PZ-001,EQ-005,OBM,66.6,15.5,304.7,0
2026-06-30 18:00:00,PZ-001,EQ-005,WBM,47.5,10.3,669.6,0
2026-07-01 00:00:00,PZ-001,EQ-005,OBM,50.2,11.2,841.3,0
2026-07-01 06:00:00,PZ-001,EQ-005,OBM,65.0,14.9,564.5,0
2026-07-01 12:00:00,PZ-001,EQ-005,OBM,64.2,10.1,578.1,0
2026-07-01 18:00:00,PZ-001,EQ-005,OBM,45.7,15.1,581.7,0
2026-07-02 00:00:00,PZ-001,EQ-005,WBM,71.5,15.5,506.5,0
2026-07-02 06:00:00,PZ-001,EQ-005,OBM,75.8,9.0,647.3,0
2026-07-02 12:00:00,PZ-001,EQ-005,WBM,60.3,10.7,734.4,0
2026-07-02 18:00:00,PZ-001,EQ-005,OBM,57.7,11.0,752.5,0
2026-07-03 00:00:00,PZ-001,EQ-005,OBM,63.4,12.1,440.8,0
2026-07-03 06:00:00,PZ-001,EQ-005,WBM,74.1,10.6,330.6,0
2026-07-03 12:00:00,PZ-001,EQ-005,WBM,68.1,11.4,369.6,0
2026-07-03 18:00:00,PZ-001,EQ-005,WBM,77.8,12.6,376.5,0
2026-07-04 00:00:00,PZ-001,EQ-005,OBM,48.5,10.9,593.9,0
2026-07-04 06:00:00,PZ-001,EQ-005,OBM,72.3,15.1,419.0,0
2026-07-04 12:00:00,PZ-001,EQ-005,OBM,56.1,15.9,444.4,0
2026-07-04 18:00:00,PZ-001,EQ-005,OBM,59.6,11.3,398.3,0
2026-07-05 00:00:00,PZ-001,EQ-005,OBM,65.5,15.7,475.0,0
2026-07-05 06:00:00,PZ-001,EQ-005,OBM,74.1,10.6,342.1,0
2026-07-05 12:00:00,PZ-001,EQ-005,OBM,69.0,10.9,848.2,0
2026-07-05 18:00:00,PZ-001,EQ-005,OBM,77.1,14.7,814.1,0
2026-07-06 00:00:00,PZ-001,EQ-005,OBM,67.4,12.3,644.6,0
2026-07-06 06:00:00,PZ-001,EQ-005,OBM,61.0,13.0,544.6,0
2026-07-06 12:00:00,PZ-001,EQ-005,OBM,40.8,12.8,348.7,0
2026-07-06 18:00:00,PZ-001,EQ-005,OBM,51.6,11.4,335.2,0
2026-07-07 00:00:00,PZ-001,EQ-005,OBM,62.2,15.2,518.5,0
2026-07-07 06:00:00,PZ-001,EQ-005,WBM,72.1,12.9,797.3,0
2026-07-07 12:00:00,PZ-001,EQ-005,OBM,75.4,15.6,495.7,0
2026-07-07 18:00:00,PZ-001,EQ-005,OBM,62.4,15.9,554.3,0
2026-07-08 00:00:00,PZ-001,EQ-005,OBM,78.0,10.2,797.5,0
2026-07-08 06:00:00,PZ-001,EQ-005,WBM,80.8,12.7,375.8,0
2026-07-08 12:00:00,PZ-001,EQ-005,OBM,47.8,13.1,682.4,0
2026-07-08 18:00:00,PZ-001,EQ-005,OBM,79.8,12.3,510.6,0
2026-07-09 00:00:00,PZ-001,EQ-005,OBM,79.6,11.3,517.9,0
2026-07-09 06:00:00,PZ-001,EQ-005,OBM,50.3,14.8,462.6,0
2026-07-09 12:00:00,PZ-001,EQ-005,OBM,66.4,10.3,704.3,0
2026-07-09 18:00:00,PZ-001,EQ-005,WBM,64.6,14.0,327.5,0
2026-07-10 00:00:00,PZ-001,EQ-005,OBM,76.4,10.7,638.4,0
2026-07-10 06:00:00,PZ-001,EQ-005,OBM,78.8,9.6,727.9,0
2026-07-10 12:00:00,PZ-001,EQ-005,OBM,69.4,15.5,331.2,0
2026-07-10 18:00:00,PZ-001,EQ-005,WBM,84.4,14.0,638.1,0
2026-07-11 00:00:00,PZ-001,EQ-005,OBM,76.6,13.7,486.5,0
2026-07-11 06:00:00,PZ-001,EQ-005,OBM,72.4,9.7,648.6,0
2026-07-11 12:00:00,PZ-001,EQ-005,OBM,64.3,9.9,589.6,0
2026-07-11 18:00:00,PZ-001,EQ-005,WBM,77.9,9.1,471.7,0
2026-07-12 00:00:00,PZ-001,EQ-005,WBM,53.4,9.4,628.1,0
2026-07-12 06:00:00,PZ-001,EQ-005,OBM,42.4,9.4,467.9,0
2026-07-12 12:00:00,PZ-001,EQ-005,OBM,74.7,10.0,758.8,0
2026-07-12 18:00:00,PZ-001,EQ-005,WBM,84.3,9.2,849.2,0
2026-07-13 00:00:00,PZ-001,EQ-005,OBM,42.7,10.9,808.6,0
2026-07-13 06:00:00,PZ-001,EQ-005,OBM,85.0,10.8,616.8,0
2026-07-13 12:00:00,PZ-001,EQ-005,WBM,46.7,12.2,512.2,0
2026-07-13 18:00:00,PZ-001,EQ-005,WBM,83.7,9.1,630.7,0
2026-07-14 00:00:00,PZ-001,EQ-005,WBM,46.8,14.5,788.2,0
2026-07-14 06:00:00,PZ-001,EQ-005,OBM,56.0,9.5,670.3,0
2026-07-14 12:00:00,PZ-001,EQ-005,WBM,84.6,9.5,664.0,0
2026-07-14 18:00:00,PZ-001,EQ-005,OBM,60.6,10.8,693.6,0
2026-07-15 00:00:00,PZ-001,EQ-005,WBM,77.6,11.2,698.8,0
2026-07-15 06:00:00,PZ-001,EQ-005,WBM,54.2,13.2,655.0,0
2026-07-15 12:00:00,PZ-001,EQ-005,WBM,56.8,13.8,669.0,0
2026-07-15 18:00:00,PZ-001,EQ-005,WBM,73.9,9.7,345.3,0
2026-07-16 00:00:00,PZ-001,EQ-005,OBM,42.0,11.4,398.5,0
2026-07-16 06:00:00,PZ-001,EQ-005,OBM,62.3,12.0,825.8,0
2026-07-16 12:00:00,PZ-001,EQ-005,OBM,73.1,12.9,811.0,0
2026-07-16 18:00:00,PZ-001,EQ-005,OBM,44.0,13.3,458.5,0
2026-07-17 00:00:00,PZ-001,EQ-005,OBM,64.0,9.5,684.0,0
2026-07-17 06:00:00,PZ-001,EQ-005,WBM,61.1,14.0,591.2,0
2026-07-17 12:00:00,PZ-001,EQ-005,WBM,67.5,15.6,669.5,0
2026-07-17 18:00:00,PZ-001,EQ-005,OBM,80.1,9.7,843.9,0
2026-07-18 00:00:00,PZ-001,EQ-005,WBM,82.0,11.5,764.6,0
2026-07-18 06:00:00,PZ-001,EQ-005,OBM,68.5,14.4,318.6,0
2026-07-18 12:00:00,PZ-001,EQ-005,WBM,55.6,11.4,558.0,0
2026-07-18 18:00:00,PZ-001,EQ-005,WBM,46.6,9.2,558.6,0
2026-07-19 00:00:00,PZ-001,EQ-005,WBM,82.6,14.1,650.6,0
2026-07-19 06:00:00,PZ-001,EQ-005,OBM,44.8,12.5,683.4,0
2026-07-19 12:00:00,PZ-001,EQ-005,OBM,43.3,13.8,593.7,0
2026-07-19 18:00:00,PZ-001,EQ-005,WBM,67.9,15.2,572.9,0
2026-07-20 00:00:00,PZ-001,EQ-005,OBM,44.6,9.4,328.2,0
2026-07-20 06:00:00,PZ-001,EQ-005,WBM,72.3,14.2,328.0,0
2026-07-20 12:00:00,PZ-001,EQ-005,WBM,64.6,10.0,373.7,0
2026-07-20 18:00:00,PZ-001,EQ-005,OBM,48.1,11.8,495.6,0
2026-07-21 00:00:00,PZ-001,EQ-005,OBM,45.8,14.2,518.3,0
2026-07-21 06:00:00,PZ-001,EQ-005,WBM,62.4,11.4,433.0,0
2026-07-21 12:00:00,PZ-001,EQ-005,WBM,74.8,10.2,324.1,0
2026-07-21 18:00:00,PZ-001,EQ-005,OBM,76.6,12.5,413.0,0
2026-07-22 00:00:00,PZ-001,EQ-005,OBM,51.1,15.3,357.4,0
2026-07-22 06:00:00,PZ-001,EQ-005,OBM,71.0,15.6,697.3,0
2026-07-22 12:00:00,PZ-001,EQ-005,OBM,43.2,11.7,707.9,0
2026-07-22 18:00:00,PZ-001,EQ-005,WBM,66.8,15.1,326.2,0
2026-07-23 00:00:00,PZ-001,EQ-005,WBM,71.3,9.7,665.6,0
2026-07-23 06:00:00,PZ-001,EQ-005,WBM,82.1,9.1,540.8,0
2026-07-23 12:00:00,PZ-001,EQ-005,OBM,62.5,11.3,372.7,0
2026-07-23 18:00:00,PZ-001,EQ-005,OBM,75.2,12.7,624.4,0
2026-07-24 00:00:00,PZ-001,EQ-005,WBM,47.3,10.7,423.7,0
2026-07-24 06:00:00,PZ-001,EQ-005,OBM,82.5,10.4,652.9,0
2026-07-24 12:00:00,PZ-001,EQ-005,OBM,51.5,10.8,321.6,0
2026-07-24 18:00:00,PZ-001,EQ-005,OBM,42.1,10.5,688.4,0
2026-07-25 00:00:00,PZ-001,EQ-005,OBM,71.4,11.7,388.0,0
2026-07-25 06:00:00,PZ-001,EQ-005,OBM,82.7,9.5,579.1,0
2026-07-25 12:00:00,PZ-001,EQ-005,OBM,41.1,11.2,750.9,0
2026-07-25 18:00:00,PZ-001,EQ-005,OBM,52.8,11.1,510.7,0
2026-07-26 00:00:00,PZ-001,EQ-005,OBM,59.7,11.8,765.6,0
2026-07-26 06:00:00,PZ-001,EQ-005,OBM,50.4,14.2,592.6,0
2026-07-26 12:00:00,PZ-001,EQ-005,OBM,49.7,14.0,740.0,0
2026-07-26 18:00:00,PZ-001,EQ-005,WBM,40.1,12.2,493.8,0
2026-07-27 00:00:00,PZ-001,EQ-005,WBM,78.7,10.8,424.5,0
2026-07-27 06:00:00,PZ-001,EQ-005,OBM,49.7,10.9,393.3,0
2026-07-27 12:00:00,PZ-001,EQ-005,OBM,60.8,14.0,704.8,0
2026-07-27 18:00:00,PZ-001,EQ-005,OBM,76.9,10.4,402.4,0
2026-07-28 00:00:00,PZ-001,EQ-005,WBM,73.7,12.3,730.6,0
2026-07-28 06:00:00,PZ-001,EQ-005,OBM,70.9,9.1,471.5,0
2026-07-28 12:00:00,PZ-001,EQ-005,WBM,41.5,15.0,676.2,0
2026-07-28 18:00:00,PZ-001,EQ-005,OBM,75.7,11.1,319.8,0
2026-07-29 00:00:00,PZ-001,EQ-005,WBM,44.8,12.4,722.7,0
2026-07-29 06:00:00,PZ-001,EQ-005,WBM,50.9,15.9,408.6,0
2026-07-29 12:00:00,PZ-001,EQ-005,OBM,46.6,15.8,821.1,0
2026-07-29 18:00:00,PZ-001,EQ-005,WBM,68.5,14.3,842.3,0
2026-07-30 00:00:00,PZ-001,EQ-005,OBM,55.2,10.2,531.8,0
2026-07-30 06:00:00,PZ-001,EQ-005,OBM,64.2,16.0,519.5,0
2026-07-30 12:00:00,PZ-001,EQ-005,WBM,57.7,13.9,815.8,0
2026-07-30 18:00:00,PZ-001,EQ-005,OBM,44.0,10.5,576.2,0
2026-07-31 00:00:00,PZ-001,EQ-005,WBM,63.3,9.1,445.5,0
2026-05-01 00:00:00,PZ-002,EQ-006,OBM,81.7,13.5,528.1,200
2026-05-01 06:00:00,PZ-002,EQ-006,OBM,83.7,12.3,467.9,100
2026-05-01 12:00:00,PZ-002,EQ-006,OBM,68.1,15.9,593.5,200
2026-05-01 18:00:00,PZ-002,EQ-006,WBM,43.7,11.1,782.8,200
2026-05-02 00:00:00,PZ-002,EQ-006,OBM,52.4,13.5,696.9,230
2026-05-02 06:00:00,PZ-002,EQ-006,WBM,62.2,14.5,561.6,200
2026-05-02 12:00:00,PZ-002,EQ-006,WBM,40.5,10.7,695.3,230
2026-05-02 18:00:00,PZ-002,EQ-006,WBM,40.7,15.2,434.7,170
2026-05-03 00:00:00,PZ-002,EQ-006,OBM,77.1,13.8,734.5,230
2026-05-03 06:00:00,PZ-002,EQ-006,WBM,66.6,12.5,655.3,140
2026-05-03 12:00:00,PZ-002,EQ-006,OBM,78.8,12.4,343.2,230
2026-05-03 18:00:00,PZ-002,EQ-006,OBM,56.5,12.9,666.0,140
2026-05-04 00:00:00,PZ-002,EQ-006,WBM,59.3,10.4,800.9,170
2026-05-04 06:00:00,PZ-002,EQ-006,OBM,51.9,10.5,629.5,230
2026-05-04 12:00:00,PZ-002,EQ-006,OBM,75.0,14.1,616.0,140
2026-05-04 18:00:00,PZ-002,EQ-006,OBM,49.8,14.0,503.5,200
2026-05-05 00:00:00,PZ-002,EQ-006,OBM,49.7,10.4,844.8,170
2026-05-05 06:00:00,PZ-002,EQ-006,OBM,44.5,14.0,673.9,200
2026-05-05 12:00:00,PZ-002,EQ-006,OBM,58.6,12.3,526.2,140
2026-05-05 18:00:00,PZ-002,EQ-006,WBM,78.0,9.0,392.7,200
2026-05-06 00:00:00,PZ-002,EQ-006,WBM,45.7,14.3,559.3,140
2026-05-06 06:00:00,PZ-002,EQ-006,WBM,49.5,9.2,538.7,230
2026-05-06 12:00:00,PZ-002,EQ-006,OBM,67.6,12.7,350.5,200
2026-05-06 18:00:00,PZ-002,EQ-006,OBM,74.9,11.2,612.3,140
2026-05-07 00:00:00,PZ-002,EQ-006,OBM,67.9,9.6,753.2,100
2026-05-07 06:00:00,PZ-002,EQ-006,WBM,77.7,9.6,350.2,230
2026-05-07 12:00:00,PZ-002,EQ-006,OBM,61.2,13.0,810.5,170
2026-05-07 18:00:00,PZ-002,EQ-006,WBM,73.4,14.3,666.8,200
2026-05-08 00:00:00,PZ-002,EQ-006,OBM,74.6,15.0,300.1,200
2026-05-08 06:00:00,PZ-002,EQ-006,OBM,44.9,14.2,374.7,170
2026-05-08 12:00:00,PZ-002,EQ-006,OBM,82.0,14.3,763.6,140
2026-05-08 18:00:00,PZ-002,EQ-006,OBM,82.8,13.4,494.6,200
2026-05-09 00:00:00,PZ-002,EQ-006,OBM,82.9,13.3,421.0,100
2026-05-09 06:00:00,PZ-002,EQ-006,OBM,61.8,15.3,759.3,100
2026-05-09 12:00:00,PZ-002,EQ-006,WBM,49.8,11.6,483.1,230
2026-05-09 18:00:00,PZ-002,EQ-006,OBM,82.0,11.2,816.6,170
2026-05-10 00:00:00,PZ-002,EQ-006,OBM,79.9,14.1,810.3,170
2026-05-10 06:00:00,PZ-002,EQ-006,WBM,50.8,9.7,443.1,140
2026-05-10 12:00:00,PZ-002,EQ-006,OBM,66.6,9.1,318.9,100
2026-05-10 18:00:00,PZ-002,EQ-006,OBM,49.1,10.9,577.6,170
2026-05-11 00:00:00,PZ-002,EQ-006,OBM,69.7,11.4,791.5,100
2026-05-11 06:00:00,PZ-002,EQ-006,OBM,63.4,16.0,306.4,140
2026-05-11 12:00:00,PZ-002,EQ-006,OBM,45.2,11.6,314.0,170
2026-05-11 18:00:00,PZ-002,EQ-006,OBM,60.7,15.3,525.4,200
2026-05-12 00:00:00,PZ-002,EQ-006,OBM,74.9,12.7,474.2,100
2026-05-12 06:00:00,PZ-002,EQ-006,WBM,67.4,13.9,549.0,200
2026-05-12 12:00:00,PZ-002,EQ-006,OBM,80.2,15.6,744.1,200
2026-05-12 18:00:00,PZ-002,EQ-006,WBM,49.1,12.1,331.3,100
2026-05-13 00:00:00,PZ-002,EQ-006,WBM,55.7,14.0,721.8,100
2026-05-13 06:00:00,PZ-002,EQ-006,OBM,50.2,10.5,388.8,200
2026-05-13 12:00:00,PZ-002,EQ-006,OBM,83.4,11.9,446.0,100
2026-05-13 18:00:00,PZ-002,EQ-006,WBM,83.7,13.3,839.8,100
2026-05-14 00:00:00,PZ-002,EQ-006,OBM,55.3,12.8,671.4,140
2026-05-14 06:00:00,PZ-002,EQ-006,WBM,41.6,13.9,570.7,140
2026-05-14 12:00:00,PZ-002,EQ-006,WBM,67.6,9.7,714.9,170
2026-05-14 18:00:00,PZ-002,EQ-006,OBM,69.0,9.1,773.7,140
2026-05-15 00:00:00,PZ-002,EQ-006,OBM,70.7,16.0,427.8,100
2026-05-15 06:00:00,PZ-002,EQ-006,WBM,61.9,13.4,755.1,140
2026-05-15 12:00:00,PZ-002,EQ-006,OBM,79.1,11.6,339.1,200
2026-05-15 18:00:00,PZ-002,EQ-006,OBM,78.0,12.4,397.6,230
2026-05-16 00:00:00,PZ-002,EQ-006,WBM,75.8,11.9,426.0,170
2026-05-16 06:00:00,PZ-002,EQ-006,OBM,64.9,13.3,560.9,170
2026-05-16 12:00:00,PZ-002,EQ-006,OBM,58.2,12.1,780.5,100
2026-05-16 18:00:00,PZ-002,EQ-006,WBM,63.1,10.7,401.4,230
2026-05-17 00:00:00,PZ-002,EQ-006,OBM,61.1,12.1,545.5,140
2026-05-17 06:00:00,PZ-002,EQ-006,WBM,68.8,12.5,767.0,200
2026-05-17 12:00:00,PZ-002,EQ-006,OBM,48.4,9.2,586.0,140
2026-05-17 18:00:00,PZ-002,EQ-006,WBM,81.8,14.0,719.5,170
2026-05-18 00:00:00,PZ-002,EQ-006,OBM,66.9,10.5,768.1,230
2026-05-18 06:00:00,PZ-002,EQ-006,OBM,69.0,14.1,563.0,200
2026-05-18 12:00:00,PZ-002,EQ-006,WBM,45.3,13.0,798.5,230
2026-05-18 18:00:00,PZ-002,EQ-006,WBM,64.4,9.6,673.4,170
2026-05-19 00:00:00,PZ-002,EQ-006,OBM,79.1,13.4,560.1,100
2026-05-19 06:00:00,PZ-002,EQ-006,WBM,51.8,12.6,481.8,170
2026-05-19 12:00:00,PZ-002,EQ-006,OBM,83.6,9.6,490.9,100
2026-05-19 18:00:00,PZ-002,EQ-006,WBM,52.3,12.5,485.0,170
2026-05-20 00:00:00,PZ-002,EQ-006,OBM,47.2,14.5,841.3,140
2026-05-20 06:00:00,PZ-002,EQ-006,WBM,41.8,11.8,814.4,140
2026-05-20 12:00:00,PZ-002,EQ-006,OBM,48.3,10.5,449.1,230
2026-05-20 18:00:00,PZ-002,EQ-006,OBM,82.4,14.8,323.1,230
2026-05-21 00:00:00,PZ-002,EQ-006,WBM,60.3,11.7,537.8,230
2026-05-21 06:00:00,PZ-002,EQ-006,OBM,41.9,13.1,326.7,230
2026-05-21 12:00:00,PZ-002,EQ-006,OBM,58.4,11.6,809.0,200
2026-05-21 18:00:00,PZ-002,EQ-006,OBM,72.1,10.1,825.5,170
2026-05-22 00:00:00,PZ-002,EQ-006,OBM,66.0,11.5,751.5,200
2026-05-22 06:00:00,PZ-002,EQ-006,WBM,51.3,14.2,743.3,170
2026-05-22 12:00:00,PZ-002,EQ-006,WBM,72.1,9.0,325.6,230
2026-05-22 18:00:00,PZ-002,EQ-006,OBM,52.7,15.7,329.4,170
2026-05-23 00:00:00,PZ-002,EQ-006,OBM,43.6,14.5,532.5,230
2026-05-23 06:00:00,PZ-002,EQ-006,OBM,41.3,10.4,433.3,140
2026-05-23 12:00:00,PZ-002,EQ-006,WBM,64.8,11.0,637.4,230
2026-05-23 18:00:00,PZ-002,EQ-006,OBM,47.5,14.5,437.5,200
2026-05-24 00:00:00,PZ-002,EQ-006,OBM,45.7,13.0,378.1,140
2026-05-24 06:00:00,PZ-002,EQ-006,OBM,79.3,10.6,304.4,140
2026-05-24 12:00:00,PZ-002,EQ-006,WBM,52.8,14.4,558.7,100
2026-05-24 18:00:00,PZ-002,EQ-006,OBM,57.0,9.7,648.6,170
2026-05-25 00:00:00,PZ-002,EQ-006,OBM,40.1,11.7,750.2,200
2026-05-25 06:00:00,PZ-002,EQ-006,OBM,56.4,15.3,576.8,200
2026-05-25 12:00:00,PZ-002,EQ-006,OBM,48.0,12.6,747.7,200
2026-05-25 18:00:00,PZ-002,EQ-006,OBM,69.6,12.0,490.5,170
2026-05-26 00:00:00,PZ-002,EQ-006,WBM,53.9,13.0,435.3,100
2026-05-26 06:00:00,PZ-002,EQ-006,OBM,82.7,14.9,483.2,100
2026-05-26 12:00:00,PZ-002,EQ-006,OBM,62.1,10.2,453.3,170
2026-05-26 18:00:00,PZ-002,EQ-006,OBM,46.9,10.9,624.8,140
2026-05-27 00:00:00,PZ-002,EQ-006,OBM,65.3,15.7,339.8,200
2026-05-27 06:00:00,PZ-002,EQ-006,OBM,71.4,9.6,530.0,170
2026-05-27 12:00:00,PZ-002,EQ-006,WBM,61.6,14.2,412.9,230
2026-05-27 18:00:00,PZ-002,EQ-006,OBM,44.7,14.9,384.0,230
2026-05-28 00:00:00,PZ-002,EQ-006,OBM,84.5,13.6,703.4,170
2026-05-28 06:00:00,PZ-002,EQ-006,OBM,55.5,13.9,717.8,140
2026-05-28 12:00:00,PZ-002,EQ-006,WBM,51.5,13.3,819.8,100
2026-05-28 18:00:00,PZ-002,EQ-006,OBM,54.7,11.0,448.2,230
2026-05-29 00:00:00,PZ-002,EQ-006,WBM,59.1,12.2,311.3,170
2026-05-29 06:00:00,PZ-002,EQ-006,OBM,56.2,14.6,588.2,140
2026-05-29 12:00:00,PZ-002,EQ-006,OBM,70.7,10.5,554.0,140
2026-05-29 18:00:00,PZ-002,EQ-006,WBM,61.9,11.5,438.3,170
2026-05-30 00:00:00,PZ-002,EQ-006,OBM,43.7,13.2,357.1,140
2026-05-30 06:00:00,PZ-002,EQ-006,OBM,46.4,9.2,738.2,230
2026-05-30 12:00:00,PZ-002,EQ-006,WBM,62.9,14.2,554.4,170
2026-05-30 18:00:00,PZ-002,EQ-006,WBM,43.0,12.7,334.2,100
2026-05-31 00:00:00,PZ-002,EQ-006,OBM,63.1,14.0,450.4,100
2026-05-31 06:00:00,PZ-002,EQ-006,WBM,59.9,13.5,571.8,100
2026-05-31 12:00:00,PZ-002,EQ-006,OBM,71.8,12.7,673.4,200
2026-05-31 18:00:00,PZ-002,EQ-006,OBM,43.2,15.2,316.9,230
2026-06-01 00:00:00,PZ-002,EQ-006,OBM,57.9,11.1,737.6,230
2026-06-01 06:00:00,PZ-002,EQ-006,WBM,65.3,12.4,357.5,170
2026-06-01 12:00:00,PZ-002,EQ-006,WBM,54.0,11.2,662.3,230
2026-06-01 18:00:00,PZ-002,EQ-006,WBM,47.2,12.0,521.0,170
2026-06-02 00:00:00,PZ-002,EQ-006,WBM,57.0,14.0,311.0,140
2026-06-02 06:00:00,PZ-002,EQ-006,OBM,44.1,10.6,325.6,100
2026-06-02 12:00:00,PZ-002,EQ-006,OBM,57.6,11.2,438.4,140
2026-06-02 18:00:00,PZ-002,EQ-006,WBM,55.9,15.3,795.5,200
2026-06-03 00:00:00,PZ-002,EQ-006,WBM,77.1,11.9,844.9,100
2026-06-03 06:00:00,PZ-002,EQ-006,WBM,54.4,10.6,782.8,200
2026-06-03 12:00:00,PZ-002,EQ-006,OBM,51.4,15.0,685.1,200
2026-06-03 18:00:00,PZ-002,EQ-006,OBM,42.6,12.9,415.8,100
2026-06-04 00:00:00,PZ-002,EQ-006,OBM,58.2,10.5,656.8,230
2026-06-04 06:00:00,PZ-002,EQ-006,WBM,81.9,13.2,740.6,100
2026-06-04 12:00:00,PZ-002,EQ-006,OBM,46.1,10.2,496.7,140
2026-06-04 18:00:00,PZ-002,EQ-006,OBM,83.3,13.6,761.0,200
2026-06-05 00:00:00,PZ-002,EQ-006,OBM,73.4,10.5,502.6,200
2026-06-05 06:00:00,PZ-002,EQ-006,OBM,74.0,14.3,446.0,100
2026-06-05 12:00:00,PZ-002,EQ-006,OBM,51.5,12.7,459.9,100
2026-06-05 18:00:00,PZ-002,EQ-006,OBM,84.3,11.7,499.3,140
2026-06-06 00:00:00,PZ-002,EQ-006,OBM,57.2,15.5,537.7,140
2026-06-06 06:00:00,PZ-002,EQ-006,OBM,77.5,14.0,701.6,140
2026-06-06 12:00:00,PZ-002,EQ-006,OBM,69.3,10.8,338.4,100
2026-06-06 18:00:00,PZ-002,EQ-006,WBM,48.2,9.1,724.5,170
2026-06-07 00:00:00,PZ-002,EQ-006,OBM,82.8,13.2,308.2,230
2026-06-07 06:00:00,PZ-002,EQ-006,OBM,59.8,11.1,550.8,100
2026-06-07 12:00:00,PZ-002,EQ-006,WBM,84.6,9.3,370.6,170
2026-06-07 18:00:00,PZ-002,EQ-006,OBM,76.4,15.8,562.8,200
2026-06-08 00:00:00,PZ-002,EQ-006,WBM,41.0,9.3,445.0,230
2026-06-08 06:00:00,PZ-002,EQ-006,WBM,72.8,9.7,662.7,170
2026-06-08 12:00:00,PZ-002,EQ-006,WBM,80.4,10.7,494.2,100
2026-06-08 18:00:00,PZ-002,EQ-006,WBM,50.9,13.8,427.1,230
2026-06-09 00:00:00,PZ-002,EQ-006,WBM,78.3,10.2,702.2,100
2026-06-09 06:00:00,PZ-002,EQ-006,OBM,56.4,15.0,716.1,170
2026-06-09 12:00:00,PZ-002,EQ-006,OBM,61.7,14.5,379.8,100
2026-06-09 18:00:00,PZ-002,EQ-006,WBM,75.0,10.6,589.7,230
2026-06-10 00:00:00,PZ-002,EQ-006,WBM,77.4,10.2,583.5,140
2026-06-10 06:00:00,PZ-002,EQ-006,OBM,69.3,10.1,655.6,230
2026-06-10 12:00:00,PZ-002,EQ-006,OBM,42.2,11.9,687.8,230
2026-06-10 18:00:00,PZ-002,EQ-006,WBM,69.1,9.8,821.6,140
2026-06-11 00:00:00,PZ-002,EQ-006,OBM,71.4,12.0,411.3,230
2026-06-11 06:00:00,PZ-002,EQ-006,OBM,49.1,15.7,576.3,170
2026-06-11 12:00:00,PZ-002,EQ-006,WBM,70.1,13.4,427.7,170
2026-06-11 18:00:00,PZ-002,EQ-006,WBM,75.4,11.4,750.6,170
2026-06-12 00:00:00,PZ-002,EQ-006,WBM,70.2,10.8,310.2,230
2026-06-12 06:00:00,PZ-002,EQ-006,WBM,77.7,9.5,818.3,140
2026-06-12 12:00:00,PZ-002,EQ-006,WBM,53.5,12.8,727.1,170
2026-06-12 18:00:00,PZ-002,EQ-006,WBM,77.5,13.9,617.5,170
2026-06-13 00:00:00,PZ-002,EQ-006,OBM,72.5,13.7,374.1,170
2026-06-13 06:00:00,PZ-002,EQ-006,WBM,71.4,12.5,314.1,170
2026-06-13 12:00:00,PZ-002,EQ-006,WBM,83.6,10.4,332.9,230
2026-06-13 18:00:00,PZ-002,EQ-006,OBM,83.5,13.0,789.5,230
2026-06-14 00:00:00,PZ-002,EQ-006,WBM,58.1,14.6,587.5,230
2026-06-14 06:00:00,PZ-002,EQ-006,OBM,66.4,15.2,815.8,140
2026-06-14 12:00:00,PZ-002,EQ-006,OBM,44.7,12.1,457.9,230
2026-06-14 18:00:00,PZ-002,EQ-006,WBM,76.6,13.2,822.2,100
2026-06-15 00:00:00,PZ-002,EQ-006,OBM,59.5,14.7,408.0,140
2026-06-15 06:00:00,PZ-002,EQ-006,OBM,56.6,9.5,642.2,100
2026-06-15 12:00:00,PZ-002,EQ-006,OBM,73.3,10.7,758.4,170
2026-06-15 18:00:00,PZ-002,EQ-006,WBM,57.4,13.2,582.5,200
2026-06-16 00:00:00,PZ-002,EQ-006,OBM,50.6,14.1,441.3,230
2026-06-16 06:00:00,PZ-002,EQ-006,OBM,56.2,13.3,384.1,100
2026-06-16 12:00:00,PZ-002,EQ-006,WBM,83.0,14.6,667.4,140
2026-06-16 18:00:00,PZ-002,EQ-006,OBM,67.4,11.9,560.6,230
2026-06-17 00:00:00,PZ-002,EQ-006,WBM,40.3,13.6,411.4,140
2026-06-17 06:00:00,PZ-002,EQ-006,OBM,42.7,9.6,653.7,140
2026-06-17 12:00:00,PZ-002,EQ-006,WBM,41.1,14.3,418.1,170
2026-06-17 18:00:00,PZ-002,EQ-006,OBM,50.4,10.8,317.6,170
2026-06-18 00:00:00,PZ-002,EQ-006,OBM,59.5,10.3,797.4,200
2026-06-18 06:00:00,PZ-002,EQ-006,OBM,40.1,10.7,478.1,140
2026-06-18 12:00:00,PZ-002,EQ-006,OBM,77.2,11.5,798.2,170
2026-06-18 18:00:00,PZ-002,EQ-006,WBM,74.7,10.6,344.5,170
2026-06-19 00:00:00,PZ-002,EQ-006,OBM,47.3,11.9,757.1,140
2026-06-19 06:00:00,PZ-002,EQ-006,OBM,61.8,11.5,790.3,140
2026-06-19 12:00:00,PZ-002,EQ-006,WBM,72.5,10.0,514.2,170
2026-06-19 18:00:00,PZ-002,EQ-006,OBM,73.3,12.1,815.6,200
2026-06-20 00:00:00,PZ-002,EQ-006,OBM,66.6,15.2,496.3,200
2026-06-20 06:00:00,PZ-002,EQ-006,OBM,51.4,14.6,338.6,100
2026-06-20 12:00:00,PZ-002,EQ-006,OBM,77.6,14.3,714.1,230
2026-06-20 18:00:00,PZ-002,EQ-006,OBM,64.6,12.5,422.3,170
2026-06-21 00:00:00,PZ-002,EQ-006,OBM,79.5,13.7,496.3,200
2026-06-21 06:00:00,PZ-002,EQ-006,OBM,57.8,12.3,773.4,200
2026-06-21 12:00:00,PZ-002,EQ-006,OBM,41.4,15.3,327.8,200
2026-06-21 18:00:00,PZ-002,EQ-006,OBM,60.7,13.0,382.2,100
2026-06-22 00:00:00,PZ-002,EQ-006,OBM,62.0,10.3,308.6,140
2026-06-22 06:00:00,PZ-002,EQ-006,OBM,82.5,13.3,440.0,200
2026-06-22 12:00:00,PZ-002,EQ-006,OBM,79.9,10.8,367.3,100
2026-06-22 18:00:00,PZ-002,EQ-006,OBM,41.8,11.7,523.5,100
2026-06-23 00:00:00,PZ-002,EQ-006,WBM,69.5,14.6,843.5,140
2026-06-23 06:00:00,PZ-002,EQ-006,OBM,51.4,11.6,359.5,100
2026-06-23 12:00:00,PZ-002,EQ-006,OBM,42.2,13.6,421.8,230
2026-06-23 18:00:00,PZ-002,EQ-006,OBM,64.0,10.9,801.4,170
2026-06-24 00:00:00,PZ-002,EQ-006,OBM,75.8,9.1,601.3,230
2026-06-24 06:00:00,PZ-002,EQ-006,OBM,54.8,11.7,639.9,200
2026-06-24 12:00:00,PZ-002,EQ-006,OBM,44.7,14.4,678.7,100
2026-06-24 18:00:00,PZ-002,EQ-006,OBM,49.5,12.8,826.9,230
2026-06-25 00:00:00,PZ-002,EQ-006,OBM,52.3,15.1,721.6,100
2026-06-25 06:00:00,PZ-002,EQ-006,WBM,58.4,13.4,313.3,140
2026-06-25 12:00:00,PZ-002,EQ-006,OBM,49.4,9.2,538.5,100
2026-06-25 18:00:00,PZ-002,EQ-006,OBM,58.1,15.5,822.4,200
2026-06-26 00:00:00,PZ-002,EQ-006,WBM,69.1,9.2,788.9,230
2026-06-26 06:00:00,PZ-002,EQ-006,WBM,60.2,15.0,726.6,170
2026-06-26 12:00:00,PZ-002,EQ-006,OBM,65.3,10.1,470.5,140
2026-06-26 18:00:00,PZ-002,EQ-006,OBM,74.5,15.6,418.9,230
2026-06-27 00:00:00,PZ-002,EQ-006,WBM,47.2,9.1,730.1,100
2026-06-27 06:00:00,PZ-002,EQ-006,OBM,56.6,11.9,757.6,230
2026-06-27 12:00:00,PZ-002,EQ-006,WBM,69.8,13.7,438.7,200
2026-06-27 18:00:00,PZ-002,EQ-006,OBM,55.8,13.1,424.0,170
2026-06-28 00:00:00,PZ-002,EQ-006,WBM,77.9,14.0,819.0,140
2026-06-28 06:00:00,PZ-002,EQ-006,OBM,56.8,11.0,450.5,100
2026-06-28 12:00:00,PZ-002,EQ-006,OBM,80.7,14.6,621.1,170
2026-06-28 18:00:00,PZ-002,EQ-006,OBM,73.5,14.8,493.4,200
2026-06-29 00:00:00,PZ-002,EQ-006,WBM,51.9,14.8,479.9,140
2026-06-29 06:00:00,PZ-002,EQ-006,OBM,67.9,14.7,718.8,140
2026-06-29 12:00:00,PZ-002,EQ-006,OBM,74.9,10.6,313.6,230
2026-06-29 18:00:00,PZ-002,EQ-006,WBM,52.4,14.8,461.6,100
2026-06-30 00:00:00,PZ-002,EQ-006,OBM,59.3,12.1,336.1,140
2026-06-30 06:00:00,PZ-002,EQ-006,OBM,71.3,10.9,463.2,170
2026-06-30 12:00:00,PZ-002,EQ-006,OBM,57.7,11.1,661.7,230
2026-06-30 18:00:00,PZ-002,EQ-006,WBM,63.0,12.7,781.9,140
2026-07-01 00:00:00,PZ-002,EQ-006,WBM,62.6,13.1,488.8,200
2026-07-01 06:00:00,PZ-002,EQ-006,OBM,61.3,11.5,498.6,100
2026-07-01 12:00:00,PZ-002,EQ-006,OBM,66.1,9.0,795.4,230
2026-07-01 18:00:00,PZ-002,EQ-006,WBM,52.3,11.1,636.8,200
2026-07-02 00:00:00,PZ-002,EQ-006,OBM,49.2,15.5,445.5,230
2026-07-02 06:00:00,PZ-002,EQ-006,OBM,45.1,10.0,465.0,170
2026-07-02 12:00:00,PZ-002,EQ-006,OBM,74.3,10.8,434.9,200
2026-07-02 18:00:00,PZ-002,EQ-006,OBM,50.0,9.4,638.3,140
2026-07-03 00:00:00,PZ-002,EQ-006,OBM,66.4,11.2,604.6,170
2026-07-03 06:00:00,PZ-002,EQ-006,WBM,53.8,14.8,469.8,100
2026-07-03 12:00:00,PZ-002,EQ-006,WBM,41.8,14.1,654.8,200
2026-07-03 18:00:00,PZ-002,EQ-006,OBM,84.4,12.3,741.3,230
2026-07-04 00:00:00,PZ-002,EQ-006,OBM,82.5,14.5,631.2,230
2026-07-04 06:00:00,PZ-002,EQ-006,OBM,78.7,9.1,676.5,100
2026-07-04 12:00:00,PZ-002,EQ-006,WBM,59.9,9.8,760.3,170
2026-07-04 18:00:00,PZ-002,EQ-006,OBM,81.6,11.4,576.6,140
2026-07-05 00:00:00,PZ-002,EQ-006,WBM,78.7,11.8,519.2,200
2026-07-05 06:00:00,PZ-002,EQ-006,OBM,56.3,15.7,820.5,100
2026-07-05 12:00:00,PZ-002,EQ-006,OBM,57.7,9.0,450.6,170
2026-07-05 18:00:00,PZ-002,EQ-006,WBM,45.7,14.5,832.4,140
2026-07-06 00:00:00,PZ-002,EQ-006,OBM,74.1,11.6,434.3,100
2026-07-06 06:00:00,PZ-002,EQ-006,WBM,46.3,10.5,617.8,140
2026-07-06 12:00:00,PZ-002,EQ-006,OBM,81.3,12.2,709.4,230
2026-07-06 18:00:00,PZ-002,EQ-006,OBM,57.3,11.2,509.3,170
2026-07-07 00:00:00,PZ-002,EQ-006,WBM,54.1,13.2,539.9,140
2026-07-07 06:00:00,PZ-002,EQ-006,WBM,69.4,13.3,733.3,200
2026-07-07 12:00:00,PZ-002,EQ-006,OBM,52.1,12.1,785.7,140
2026-07-07 18:00:00,PZ-002,EQ-006,WBM,78.1,13.4,568.8,100
2026-07-08 00:00:00,PZ-002,EQ-006,WBM,45.4,11.9,340.0,100
2026-07-08 06:00:00,PZ-002,EQ-006,WBM,70.7,13.1,627.0,200
2026-07-08 12:00:00,PZ-002,EQ-006,OBM,51.7,15.6,591.5,140
2026-07-08 18:00:00,PZ-002,EQ-006,OBM,66.5,13.8,503.5,200
2026-07-09 00:00:00,PZ-002,EQ-006,OBM,45.9,15.7,649.2,140
2026-07-09 06:00:00,PZ-002,EQ-006,OBM,44.4,9.8,464.6,170
2026-07-09 12:00:00,PZ-002,EQ-006,OBM,71.7,11.9,716.9,230
2026-07-09 18:00:00,PZ-002,EQ-006,WBM,52.5,12.7,536.9,200
2026-07-10 00:00:00,PZ-002,EQ-006,WBM,61.1,12.9,378.4,200
2026-07-10 06:00:00,PZ-002,EQ-006,WBM,52.6,15.5,675.8,230
2026-07-10 12:00:00,PZ-002,EQ-006,WBM,78.6,9.4,418.5,230
2026-07-10 18:00:00,PZ-002,EQ-006,OBM,50.0,11.8,843.4,200
2026-07-11 00:00:00,PZ-002,EQ-006,OBM,67.2,11.7,606.7,170
2026-07-11 06:00:00,PZ-002,EQ-006,OBM,70.4,10.7,615.5,200
2026-07-11 12:00:00,PZ-002,EQ-006,OBM,53.2,11.9,732.8,140
2026-07-11 18:00:00,PZ-002,EQ-006,OBM,62.0,9.8,552.2,230
2026-07-12 00:00:00,PZ-002,EQ-006,OBM,70.4,11.4,598.9,140
2026-07-12 06:00:00,PZ-002,EQ-006,WBM,55.3,11.3,323.1,140
2026-07-12 12:00:00,PZ-002,EQ-006,WBM,57.9,10.2,508.0,200
2026-07-12 18:00:00,PZ-002,EQ-006,OBM,58.1,14.0,579.0,140
2026-07-13 00:00:00,PZ-002,EQ-006,WBM,55.2,10.8,617.1,100
2026-07-13 06:00:00,PZ-002,EQ-006,WBM,45.4,14.5,492.6,170
2026-07-13 12:00:00,PZ-002,EQ-006,OBM,62.8,13.2,689.5,140
2026-07-13 18:00:00,PZ-002,EQ-006,WBM,43.3,12.2,465.9,100
2026-07-14 00:00:00,PZ-002,EQ-006,OBM,64.7,15.7,399.2,100
2026-07-14 06:00:00,PZ-002,EQ-006,OBM,67.3,13.0,773.5,230
2026-07-14 12:00:00,PZ-002,EQ-006,WBM,55.1,11.4,367.6,200
2026-07-14 18:00:00,PZ-002,EQ-006,WBM,66.7,10.3,788.4,140
2026-07-15 00:00:00,PZ-002,EQ-006,OBM,56.5,9.3,797.4,140
2026-07-15 06:00:00,PZ-002,EQ-006,OBM,70.6,14.7,359.9,140
2026-07-15 12:00:00,PZ-002,EQ-006,OBM,68.8,13.6,527.8,230
2026-07-15 18:00:00,PZ-002,EQ-006,OBM,61.3,15.3,484.9,100
2026-07-16 00:00:00,PZ-002,EQ-006,OBM,52.0,10.1,685.4,230
2026-07-16 06:00:00,PZ-002,EQ-006,OBM,82.7,14.6,507.6,170
2026-07-16 12:00:00,PZ-002,EQ-006,OBM,45.8,9.6,761.1,200
2026-07-16 18:00:00,PZ-002,EQ-006,WBM,83.6,9.2,732.2,140
2026-07-17 00:00:00,PZ-002,EQ-006,WBM,76.9,9.5,735.2,140
2026-07-17 06:00:00,PZ-002,EQ-006,WBM,74.2,12.4,488.6,140
2026-07-17 12:00:00,PZ-002,EQ-006,WBM,46.5,13.9,312.4,230
2026-07-17 18:00:00,PZ-002,EQ-006,OBM,61.7,11.8,842.4,170
2026-07-18 00:00:00,PZ-002,EQ-006,WBM,57.2,12.7,673.1,140
2026-07-18 06:00:00,PZ-002,EQ-006,WBM,66.1,9.5,396.2,200
2026-07-18 12:00:00,PZ-002,EQ-006,WBM,47.6,12.2,747.6,200
2026-07-18 18:00:00,PZ-002,EQ-006,OBM,68.3,14.6,730.0,140
2026-07-19 00:00:00,PZ-002,EQ-006,OBM,82.8,9.5,315.7,230
2026-07-19 06:00:00,PZ-002,EQ-006,WBM,80.7,9.3,420.9,170
2026-07-19 12:00:00,PZ-002,EQ-006,OBM,49.8,10.1,430.2,100
2026-07-19 18:00:00,PZ-002,EQ-006,WBM,76.6,9.8,715.8,100
2026-07-20 00:00:00,PZ-002,EQ-006,OBM,52.6,13.0,724.7,140
2026-07-20 06:00:00,PZ-002,EQ-006,WBM,47.6,9.8,398.8,170
2026-07-20 12:00:00,PZ-002,EQ-006,WBM,62.3,9.7,490.1,140
2026-07-20 18:00:00,PZ-002,EQ-006,OBM,43.1,10.8,408.2,170
2026-07-21 00:00:00,PZ-002,EQ-006,OBM,58.4,10.4,521.5,140
2026-07-21 06:00:00,PZ-002,EQ-006,WBM,54.0,9.8,775.6,170
2026-07-21 12:00:00,PZ-002,EQ-006,WBM,83.8,10.4,752.2,170
2026-07-21 18:00:00,PZ-002,EQ-006,WBM,72.0,10.5,468.7,230
2026-07-22 00:00:00,PZ-002,EQ-006,OBM,52.4,15.2,758.4,230
2026-07-22 06:00:00,PZ-002,EQ-006,WBM,59.7,11.2,841.7,100
2026-07-22 12:00:00,PZ-002,EQ-006,WBM,80.2,9.4,787.8,100
2026-07-22 18:00:00,PZ-002,EQ-006,OBM,73.2,10.5,519.6,100
2026-07-23 00:00:00,PZ-002,EQ-006,WBM,43.8,15.6,584.5,170
2026-07-23 06:00:00,PZ-002,EQ-006,WBM,59.4,13.4,441.3,200
2026-07-23 12:00:00,PZ-002,EQ-006,OBM,63.1,14.6,830.5,140
2026-07-23 18:00:00,PZ-002,EQ-006,OBM,53.8,9.9,600.1,140
2026-07-24 00:00:00,PZ-002,EQ-006,WBM,53.7,15.8,687.4,200
2026-07-24 06:00:00,PZ-002,EQ-006,OBM,79.2,13.1,536.4,200
2026-07-24 12:00:00,PZ-002,EQ-006,OBM,70.2,14.1,623.1,100
2026-07-24 18:00:00,PZ-002,EQ-006,WBM,61.5,9.9,517.3,100
2026-07-25 00:00:00,PZ-002,EQ-006,WBM,70.0,15.3,617.9,230
2026-07-25 06:00:00,PZ-002,EQ-006,WBM,41.4,9.7,831.0,200
2026-07-25 12:00:00,PZ-002,EQ-006,WBM,63.2,13.0,421.9,200
2026-07-25 18:00:00,PZ-002,EQ-006,WBM,59.4,13.1,800.2,230
2026-07-26 00:00:00,PZ-002,EQ-006,WBM,50.9,10.7,782.6,140
2026-07-26 06:00:00,PZ-002,EQ-006,OBM,85.0,14.9,706.8,230
2026-07-26 12:00:00,PZ-002,EQ-006,WBM,47.8,9.1,626.5,100
2026-07-26 18:00:00,PZ-002,EQ-006,WBM,80.6,14.7,472.8,230
2026-07-27 00:00:00,PZ-002,EQ-006,OBM,45.4,12.7,496.2,100
2026-07-27 06:00:00,PZ-002,EQ-006,WBM,76.4,15.6,734.1,170
2026-07-27 12:00:00,PZ-002,EQ-006,WBM,68.3,13.4,842.8,170
2026-07-27 18:00:00,PZ-002,EQ-006,OBM,41.5,10.7,385.0,100
2026-07-28 00:00:00,PZ-002,EQ-006,OBM,78.5,12.4,419.2,230
2026-07-28 06:00:00,PZ-002,EQ-006,WBM,78.2,15.7,827.3,100
2026-07-28 12:00:00,PZ-002,EQ-006,WBM,70.4,9.4,368.2,100
2026-07-28 18:00:00,PZ-002,EQ-006,WBM,43.0,15.3,680.5,140
2026-07-29 00:00:00,PZ-002,EQ-006,OBM,63.7,9.7,521.1,170
2026-07-29 06:00:00,PZ-002,EQ-006,OBM,61.5,12.0,306.1,200
2026-07-29 12:00:00,PZ-002,EQ-006,OBM,79.8,13.3,371.7,170
2026-07-29 18:00:00,PZ-002,EQ-006,OBM,51.0,14.9,752.7,230
2026-07-30 00:00:00,PZ-002,EQ-006,OBM,53.3,15.1,302.3,140
2026-07-30 06:00:00,PZ-002,EQ-006,OBM,43.5,10.1,513.4,230
2026-07-30 12:00:00,PZ-002,EQ-006,OBM,44.2,12.4,350.0,170
2026-07-30 18:00:00,PZ-002,EQ-006,OBM,81.6,14.8,483.7,230
2026-07-31 00:00:00,PZ-002,EQ-006,WBM,47.0,13.8,310.9,170
2026-05-01 00:00:00,PZ-002,EQ-007,OBM,54.8,9.6,687.7,140
2026-05-01 06:00:00,PZ-002,EQ-007,WBM,46.2,13.1,794.0,230
2026-05-01 12:00:00,PZ-002,EQ-007,OBM,44.5,10.8,713.5,100
2026-05-01 18:00:00,PZ-002,EQ-007,OBM,56.8,14.9,537.1,140
2026-05-02 00:00:00,PZ-002,EQ-007,OBM,61.1,10.9,378.0,200
2026-05-02 06:00:00,PZ-002,EQ-007,OBM,59.3,15.8,698.2,100
2026-05-02 12:00:00,PZ-002,EQ-007,OBM,44.5,10.1,828.0,230
2026-05-02 18:00:00,PZ-002,EQ-007,WBM,83.5,15.9,602.2,100
2026-05-03 00:00:00,PZ-002,EQ-007,OBM,70.6,14.0,346.7,100
2026-05-03 06:00:00,PZ-002,EQ-007,OBM,63.7,14.5,363.4,100
2026-05-03 12:00:00,PZ-002,EQ-007,OBM,78.1,10.5,643.4,170
2026-05-03 18:00:00,PZ-002,EQ-007,OBM,54.8,13.9,671.7,230
2026-05-04 00:00:00,PZ-002,EQ-007,OBM,42.7,14.2,610.8,170
2026-05-04 06:00:00,PZ-002,EQ-007,WBM,83.1,9.2,826.9,230
2026-05-04 12:00:00,PZ-002,EQ-007,OBM,50.7,15.0,606.5,140
2026-05-04 18:00:00,PZ-002,EQ-007,OBM,60.6,14.5,313.3,170
2026-05-05 00:00:00,PZ-002,EQ-007,OBM,76.4,10.1,452.8,140
2026-05-05 06:00:00,PZ-002,EQ-007,OBM,72.7,12.6,522.0,200
2026-05-05 12:00:00,PZ-002,EQ-007,WBM,65.4,15.7,736.1,140
2026-05-05 18:00:00,PZ-002,EQ-007,WBM,41.4,13.7,520.8,100
2026-05-06 00:00:00,PZ-002,EQ-007,WBM,58.8,10.7,562.2,200
2026-05-06 06:00:00,PZ-002,EQ-007,OBM,59.9,13.7,317.8,100
2026-05-06 12:00:00,PZ-002,EQ-007,WBM,49.5,9.5,458.9,170
2026-05-06 18:00:00,PZ-002,EQ-007,OBM,51.4,14.2,648.8,170
2026-05-07 00:00:00,PZ-002,EQ-007,OBM,67.7,10.3,397.5,140
2026-05-07 06:00:00,PZ-002,EQ-007,WBM,55.8,9.8,315.9,140
2026-05-07 12:00:00,PZ-002,EQ-007,OBM,74.2,11.1,534.6,100
2026-05-07 18:00:00,PZ-002,EQ-007,OBM,82.0,13.9,792.6,140
2026-05-08 00:00:00,PZ-002,EQ-007,OBM,76.1,14.5,718.0,170
2026-05-08 06:00:00,PZ-002,EQ-007,OBM,83.8,11.3,807.7,170
2026-05-08 12:00:00,PZ-002,EQ-007,OBM,60.9,13.3,449.9,140
2026-05-08 18:00:00,PZ-002,EQ-007,OBM,77.6,10.6,319.6,230
2026-05-09 00:00:00,PZ-002,EQ-007,OBM,67.1,15.7,668.6,230
2026-05-09 06:00:00,PZ-002,EQ-007,WBM,40.7,9.9,438.4,100
2026-05-09 12:00:00,PZ-002,EQ-007,OBM,43.3,14.6,418.4,200
2026-05-09 18:00:00,PZ-002,EQ-007,WBM,57.6,10.1,507.3,100
2026-05-10 00:00:00,PZ-002,EQ-007,WBM,76.1,13.3,507.3,230
2026-05-10 06:00:00,PZ-002,EQ-007,WBM,44.7,9.5,491.2,100
2026-05-10 12:00:00,PZ-002,EQ-007,OBM,41.7,13.2,566.6,200
2026-05-10 18:00:00,PZ-002,EQ-007,OBM,67.2,12.1,752.7,100
2026-05-11 00:00:00,PZ-002,EQ-007,OBM,63.0,12.0,626.3,140
2026-05-11 06:00:00,PZ-002,EQ-007,WBM,83.4,15.0,802.3,230
2026-05-11 12:00:00,PZ-002,EQ-007,WBM,70.6,11.2,735.9,230
2026-05-11 18:00:00,PZ-002,EQ-007,OBM,79.2,15.0,813.6,170
2026-05-12 00:00:00,PZ-002,EQ-007,OBM,63.5,15.0,570.4,140
2026-05-12 06:00:00,PZ-002,EQ-007,WBM,43.4,9.5,407.7,170
2026-05-12 12:00:00,PZ-002,EQ-007,OBM,61.0,10.8,767.6,100
2026-05-12 18:00:00,PZ-002,EQ-007,OBM,45.0,10.5,560.2,200
2026-05-13 00:00:00,PZ-002,EQ-007,OBM,63.8,14.3,321.5,200
2026-05-13 06:00:00,PZ-002,EQ-007,OBM,46.0,15.2,580.9,100
2026-05-13 12:00:00,PZ-002,EQ-007,WBM,83.7,13.7,728.2,230
2026-05-13 18:00:00,PZ-002,EQ-007,OBM,66.8,11.2,608.6,200
2026-05-14 00:00:00,PZ-002,EQ-007,OBM,50.9,12.1,707.2,230
2026-05-14 06:00:00,PZ-002,EQ-007,WBM,56.3,13.3,365.6,140
2026-05-14 12:00:00,PZ-002,EQ-007,OBM,71.8,11.3,514.9,100
2026-05-14 18:00:00,PZ-002,EQ-007,OBM,82.5,13.5,418.8,170
2026-05-15 00:00:00,PZ-002,EQ-007,OBM,53.1,14.4,720.2,100
2026-05-15 06:00:00,PZ-002,EQ-007,WBM,80.0,11.8,643.6,140
2026-05-15 12:00:00,PZ-002,EQ-007,OBM,71.6,12.5,537.0,200
2026-05-15 18:00:00,PZ-002,EQ-007,OBM,66.5,11.4,644.1,200
2026-05-16 00:00:00,PZ-002,EQ-007,OBM,40.8,14.7,783.9,230
2026-05-16 06:00:00,PZ-002,EQ-007,WBM,58.0,12.2,798.8,140
2026-05-16 12:00:00,PZ-002,EQ-007,OBM,46.3,13.1,410.5,200
2026-05-16 18:00:00,PZ-002,EQ-007,OBM,71.5,13.6,327.0,100
2026-05-17 00:00:00,PZ-002,EQ-007,OBM,83.0,11.4,358.1,140
2026-05-17 06:00:00,PZ-002,EQ-007,WBM,69.7,11.3,487.7,100
2026-05-17 12:00:00,PZ-002,EQ-007,WBM,69.3,9.8,303.1,200
2026-05-17 18:00:00,PZ-002,EQ-007,OBM,78.5,10.8,480.0,200
2026-05-18 00:00:00,PZ-002,EQ-007,OBM,75.6,12.3,730.8,170
2026-05-18 06:00:00,PZ-002,EQ-007,OBM,46.7,14.7,531.3,170
2026-05-18 12:00:00,PZ-002,EQ-007,WBM,56.7,11.0,801.5,140
2026-05-18 18:00:00,PZ-002,EQ-007,OBM,63.7,15.3,472.1,140
2026-05-19 00:00:00,PZ-002,EQ-007,WBM,64.8,12.2,308.7,100
2026-05-19 06:00:00,PZ-002,EQ-007,OBM,51.7,13.8,817.4,100
2026-05-19 12:00:00,PZ-002,EQ-007,WBM,57.2,13.1,705.4,230
2026-05-19 18:00:00,PZ-002,EQ-007,WBM,73.5,12.7,526.2,140
2026-05-20 00:00:00,PZ-002,EQ-007,WBM,48.4,13.0,677.0,230
2026-05-20 06:00:00,PZ-002,EQ-007,OBM,52.2,11.7,520.4,100
2026-05-20 12:00:00,PZ-002,EQ-007,WBM,65.8,14.5,501.7,100
2026-05-20 18:00:00,PZ-002,EQ-007,OBM,70.0,10.9,613.8,140
2026-05-21 00:00:00,PZ-002,EQ-007,OBM,52.0,13.5,842.3,140
2026-05-21 06:00:00,PZ-002,EQ-007,OBM,40.7,11.2,502.4,200
2026-05-21 12:00:00,PZ-002,EQ-007,WBM,51.0,14.8,637.9,230
2026-05-21 18:00:00,PZ-002,EQ-007,WBM,40.3,12.6,849.1,140
2026-05-22 00:00:00,PZ-002,EQ-007,OBM,61.1,13.0,735.2,170
2026-05-22 06:00:00,PZ-002,EQ-007,OBM,79.2,15.8,809.6,170
2026-05-22 12:00:00,PZ-002,EQ-007,OBM,53.3,10.7,419.7,170
2026-05-22 18:00:00,PZ-002,EQ-007,OBM,60.4,10.5,411.1,140
2026-05-23 00:00:00,PZ-002,EQ-007,OBM,58.0,12.0,331.6,140
2026-05-23 06:00:00,PZ-002,EQ-007,WBM,40.7,12.2,313.9,140
2026-05-23 12:00:00,PZ-002,EQ-007,WBM,75.7,14.6,413.9,140
2026-05-23 18:00:00,PZ-002,EQ-007,OBM,81.2,11.1,644.6,200
2026-05-24 00:00:00,PZ-002,EQ-007,OBM,54.0,11.1,667.2,140
2026-05-24 06:00:00,PZ-002,EQ-007,OBM,69.9,15.7,410.8,170
2026-05-24 12:00:00,PZ-002,EQ-007,WBM,52.2,11.1,498.2,170
2026-05-24 18:00:00,PZ-002,EQ-007,OBM,84.4,12.0,632.2,230
2026-05-25 00:00:00,PZ-002,EQ-007,OBM,58.2,9.1,625.4,230
2026-05-25 06:00:00,PZ-002,EQ-007,WBM,48.6,13.6,329.5,230
2026-05-25 12:00:00,PZ-002,EQ-007,WBM,64.2,14.9,327.2,230
2026-05-25 18:00:00,PZ-002,EQ-007,OBM,82.6,10.5,441.2,230
2026-05-26 00:00:00,PZ-002,EQ-007,WBM,61.2,9.1,703.5,200
2026-05-26 06:00:00,PZ-002,EQ-007,WBM,69.8,13.3,592.1,170
2026-05-26 12:00:00,PZ-002,EQ-007,OBM,53.2,14.3,510.4,230
2026-05-26 18:00:00,PZ-002,EQ-007,OBM,70.0,15.3,456.8,100
2026-05-27 00:00:00,PZ-002,EQ-007,WBM,83.5,14.7,360.3,170
2026-05-27 06:00:00,PZ-002,EQ-007,WBM,56.6,9.7,614.5,140
2026-05-27 12:00:00,PZ-002,EQ-007,OBM,81.2,14.3,752.3,170
2026-05-27 18:00:00,PZ-002,EQ-007,OBM,82.7,14.0,784.8,140
2026-05-28 00:00:00,PZ-002,EQ-007,WBM,68.2,12.5,451.3,200
2026-05-28 06:00:00,PZ-002,EQ-007,OBM,65.9,11.7,369.6,100
2026-05-28 12:00:00,PZ-002,EQ-007,OBM,80.3,15.1,789.7,170
2026-05-28 18:00:00,PZ-002,EQ-007,WBM,80.9,13.5,344.9,200
2026-05-29 00:00:00,PZ-002,EQ-007,OBM,72.4,13.5,610.8,170
2026-05-29 06:00:00,PZ-002,EQ-007,OBM,67.0,9.6,457.8,140
2026-05-29 12:00:00,PZ-002,EQ-007,WBM,64.2,14.0,418.4,100
2026-05-29 18:00:00,PZ-002,EQ-007,OBM,73.6,11.8,673.1,230
2026-05-30 00:00:00,PZ-002,EQ-007,WBM,49.2,13.9,804.4,200
2026-05-30 06:00:00,PZ-002,EQ-007,WBM,60.5,11.0,428.5,170
2026-05-30 12:00:00,PZ-002,EQ-007,OBM,51.1,11.8,695.4,230
2026-05-30 18:00:00,PZ-002,EQ-007,OBM,55.6,14.9,717.1,140
2026-05-31 00:00:00,PZ-002,EQ-007,WBM,67.1,12.9,509.0,200
2026-05-31 06:00:00,PZ-002,EQ-007,OBM,53.2,14.3,710.0,140
2026-05-31 12:00:00,PZ-002,EQ-007,WBM,59.8,15.2,438.8,100
2026-05-31 18:00:00,PZ-002,EQ-007,OBM,47.8,13.8,535.0,170
2026-06-01 00:00:00,PZ-002,EQ-007,OBM,65.2,13.9,365.1,230
2026-06-01 06:00:00,PZ-002,EQ-007,OBM,46.2,12.4,442.4,100
2026-06-01 12:00:00,PZ-002,EQ-007,WBM,79.5,10.3,738.5,170
2026-06-01 18:00:00,PZ-002,EQ-007,OBM,54.2,13.5,540.1,230
2026-06-02 00:00:00,PZ-002,EQ-007,WBM,43.3,14.2,691.5,140
2026-06-02 06:00:00,PZ-002,EQ-007,OBM,47.8,9.1,317.4,170
2026-06-02 12:00:00,PZ-002,EQ-007,WBM,50.0,11.3,419.9,170
2026-06-02 18:00:00,PZ-002,EQ-007,OBM,83.4,15.5,613.6,230
2026-06-03 00:00:00,PZ-002,EQ-007,OBM,70.0,13.1,568.4,140
2026-06-03 06:00:00,PZ-002,EQ-007,OBM,63.2,9.7,476.9,200
2026-06-03 12:00:00,PZ-002,EQ-007,WBM,46.2,10.2,329.9,230
2026-06-03 18:00:00,PZ-002,EQ-007,OBM,70.1,13.7,582.7,100
2026-06-04 00:00:00,PZ-002,EQ-007,OBM,58.9,13.3,718.9,170
2026-06-04 06:00:00,PZ-002,EQ-007,OBM,53.5,11.5,694.7,170
2026-06-04 12:00:00,PZ-002,EQ-007,OBM,55.4,10.4,409.1,140
2026-06-04 18:00:00,PZ-002,EQ-007,OBM,61.7,13.8,793.5,200
2026-06-05 00:00:00,PZ-002,EQ-007,OBM,41.6,15.9,550.2,200
2026-06-05 06:00:00,PZ-002,EQ-007,OBM,47.3,13.2,570.2,230
2026-06-05 12:00:00,PZ-002,EQ-007,OBM,61.6,13.7,539.2,100
2026-06-05 18:00:00,PZ-002,EQ-007,OBM,73.5,14.4,387.2,170
2026-06-06 00:00:00,PZ-002,EQ-007,WBM,61.7,13.2,458.0,140
2026-06-06 06:00:00,PZ-002,EQ-007,WBM,62.8,16.0,398.2,200
2026-06-06 12:00:00,PZ-002,EQ-007,OBM,46.6,12.9,379.6,200
2026-06-06 18:00:00,PZ-002,EQ-007,OBM,54.3,10.0,736.2,200
2026-06-07 00:00:00,PZ-002,EQ-007,WBM,47.8,11.6,529.6,200
2026-06-07 06:00:00,PZ-002,EQ-007,WBM,71.0,15.7,552.1,140
2026-06-07 12:00:00,PZ-002,EQ-007,OBM,83.7,14.5,598.5,230
2026-06-07 18:00:00,PZ-002,EQ-007,OBM,43.8,12.6,423.8,200
2026-06-08 00:00:00,PZ-002,EQ-007,WBM,55.3,13.0,460.3,170
2026-06-08 06:00:00,PZ-002,EQ-007,OBM,81.9,15.8,729.6,170
2026-06-08 12:00:00,PZ-002,EQ-007,OBM,55.3,10.3,621.7,170
2026-06-08 18:00:00,PZ-002,EQ-007,OBM,56.7,9.5,827.1,230
2026-06-09 00:00:00,PZ-002,EQ-007,OBM,64.6,10.4,715.3,140
2026-06-09 06:00:00,PZ-002,EQ-007,OBM,83.3,9.5,447.6,100
2026-06-09 12:00:00,PZ-002,EQ-007,OBM,75.3,13.6,584.7,200
2026-06-09 18:00:00,PZ-002,EQ-007,WBM,44.8,12.5,780.7,200
2026-06-10 00:00:00,PZ-002,EQ-007,OBM,52.2,9.3,766.3,200
2026-06-10 06:00:00,PZ-002,EQ-007,OBM,75.6,13.1,668.2,200
2026-06-10 12:00:00,PZ-002,EQ-007,OBM,84.8,9.8,767.2,170
2026-06-10 18:00:00,PZ-002,EQ-007,WBM,63.9,15.6,674.7,230
2026-06-11 00:00:00,PZ-002,EQ-007,OBM,82.3,12.0,497.1,170
2026-06-11 06:00:00,PZ-002,EQ-007,WBM,54.6,13.0,784.8,200
2026-06-11 12:00:00,PZ-002,EQ-007,OBM,72.3,12.9,331.1,140
2026-06-11 18:00:00,PZ-002,EQ-007,OBM,71.7,14.6,674.9,200
2026-06-12 00:00:00,PZ-002,EQ-007,OBM,65.9,10.3,631.8,230
2026-06-12 06:00:00,PZ-002,EQ-007,OBM,83.8,15.3,488.3,100
2026-06-12 12:00:00,PZ-002,EQ-007,OBM,42.2,10.3,656.1,140
2026-06-12 18:00:00,PZ-002,EQ-007,OBM,72.9,13.4,430.7,100
2026-06-13 00:00:00,PZ-002,EQ-007,OBM,45.8,13.4,696.0,100
2026-06-13 06:00:00,PZ-002,EQ-007,WBM,53.2,15.4,394.5,170
2026-06-13 12:00:00,PZ-002,EQ-007,WBM,80.9,15.6,303.4,200
2026-06-13 18:00:00,PZ-002,EQ-007,OBM,63.3,9.5,360.7,200
2026-06-14 00:00:00,PZ-002,EQ-007,WBM,41.5,15.9,565.2,100
2026-06-14 06:00:00,PZ-002,EQ-007,WBM,82.6,11.6,305.5,140
2026-06-14 12:00:00,PZ-002,EQ-007,OBM,67.8,16.0,704.4,230
2026-06-14 18:00:00,PZ-002,EQ-007,OBM,41.6,11.2,720.0,200
2026-06-15 00:00:00,PZ-002,EQ-007,OBM,79.0,15.7,671.4,140
2026-06-15 06:00:00,PZ-002,EQ-007,OBM,51.5,15.2,361.9,140
2026-06-15 12:00:00,PZ-002,EQ-007,OBM,53.5,11.3,443.2,170
2026-06-15 18:00:00,PZ-002,EQ-007,OBM,68.5,14.8,535.2,200
2026-06-16 00:00:00,PZ-002,EQ-007,WBM,49.3,15.4,396.2,100
2026-06-16 06:00:00,PZ-002,EQ-007,OBM,63.3,15.5,524.0,170
2026-06-16 12:00:00,PZ-002,EQ-007,WBM,56.7,13.9,511.7,170
2026-06-16 18:00:00,PZ-002,EQ-007,WBM,75.8,11.0,406.9,100
2026-06-17 00:00:00,PZ-002,EQ-007,OBM,67.4,12.9,803.1,230
2026-06-17 06:00:00,PZ-002,EQ-007,OBM,44.5,10.9,838.5,140
2026-06-17 12:00:00,PZ-002,EQ-007,OBM,82.5,10.9,393.3,200
2026-06-17 18:00:00,PZ-002,EQ-007,WBM,77.1,11.5,354.5,200
2026-06-18 00:00:00,PZ-002,EQ-007,OBM,48.7,11.5,393.4,200
2026-06-18 06:00:00,PZ-002,EQ-007,WBM,74.0,10.5,837.6,230
2026-06-18 12:00:00,PZ-002,EQ-007,WBM,53.6,10.4,725.8,230
2026-06-18 18:00:00,PZ-002,EQ-007,WBM,80.9,15.8,395.5,100
2026-06-19 00:00:00,PZ-002,EQ-007,WBM,43.9,12.4,700.8,200
2026-06-19 06:00:00,PZ-002,EQ-007,OBM,83.1,10.4,660.2,140
2026-06-19 12:00:00,PZ-002,EQ-007,OBM,62.6,11.5,393.9,140
2026-06-19 18:00:00,PZ-002,EQ-007,OBM,78.1,11.6,615.7,140
2026-06-20 00:00:00,PZ-002,EQ-007,OBM,84.8,15.6,302.4,170
2026-06-20 06:00:00,PZ-002,EQ-007,OBM,52.7,11.7,350.4,200
2026-06-20 12:00:00,PZ-002,EQ-007,OBM,67.5,14.0,719.1,170
2026-06-20 18:00:00,PZ-002,EQ-007,WBM,44.6,12.3,591.6,200
2026-06-21 00:00:00,PZ-002,EQ-007,OBM,53.5,14.3,413.1,100
2026-06-21 06:00:00,PZ-002,EQ-007,WBM,57.8,10.3,608.9,230
2026-06-21 12:00:00,PZ-002,EQ-007,OBM,77.5,14.1,734.7,230
2026-06-21 18:00:00,PZ-002,EQ-007,OBM,58.9,11.1,558.8,100
2026-06-22 00:00:00,PZ-002,EQ-007,WBM,62.7,14.9,429.6,170
2026-06-22 06:00:00,PZ-002,EQ-007,OBM,59.4,11.1,501.0,200
2026-06-22 12:00:00,PZ-002,EQ-007,WBM,54.2,15.8,384.2,170
2026-06-22 18:00:00,PZ-002,EQ-007,WBM,62.9,12.9,753.7,140
2026-06-23 00:00:00,PZ-002,EQ-007,OBM,49.9,13.6,797.4,200
2026-06-23 06:00:00,PZ-002,EQ-007,WBM,48.5,15.5,317.7,140
2026-06-23 12:00:00,PZ-002,EQ-007,WBM,82.3,14.3,682.9,230
2026-06-23 18:00:00,PZ-002,EQ-007,OBM,80.4,12.1,428.7,200
2026-06-24 00:00:00,PZ-002,EQ-007,WBM,54.0,15.0,631.8,140
2026-06-24 06:00:00,PZ-002,EQ-007,WBM,70.4,15.5,430.3,230
2026-06-24 12:00:00,PZ-002,EQ-007,OBM,82.2,12.7,305.5,100
2026-06-24 18:00:00,PZ-002,EQ-007,WBM,59.6,13.4,366.6,170
2026-06-25 00:00:00,PZ-002,EQ-007,WBM,84.6,12.0,778.4,200
2026-06-25 06:00:00,PZ-002,EQ-007,WBM,82.6,9.9,318.9,170
2026-06-25 12:00:00,PZ-002,EQ-007,WBM,53.0,10.7,676.6,170
2026-06-25 18:00:00,PZ-002,EQ-007,OBM,78.8,10.2,479.8,100
2026-06-26 00:00:00,PZ-002,EQ-007,OBM,78.3,15.5,630.7,200
2026-06-26 06:00:00,PZ-002,EQ-007,WBM,56.9,12.1,734.6,230
2026-06-26 12:00:00,PZ-002,EQ-007,OBM,58.2,11.0,428.9,140
2026-06-26 18:00:00,PZ-002,EQ-007,OBM,68.7,9.4,658.8,100
2026-06-27 00:00:00,PZ-002,EQ-007,OBM,54.1,13.0,656.6,100
2026-06-27 06:00:00,PZ-002,EQ-007,OBM,68.5,12.8,810.0,170
2026-06-27 12:00:00,PZ-002,EQ-007,OBM,48.4,13.5,575.1,170
2026-06-27 18:00:00,PZ-002,EQ-007,OBM,79.9,13.0,674.8,100
2026-06-28 00:00:00,PZ-002,EQ-007,OBM,55.6,11.3,614.3,170
2026-06-28 06:00:00,PZ-002,EQ-007,WBM,83.2,10.3,471.2,140
2026-06-28 12:00:00,PZ-002,EQ-007,OBM,73.5,15.0,470.5,140
2026-06-28 18:00:00,PZ-002,EQ-007,WBM,57.3,9.4,745.4,200
2026-06-29 00:00:00,PZ-002,EQ-007,OBM,64.3,10.4,536.9,140
2026-06-29 06:00:00,PZ-002,EQ-007,OBM,82.0,15.0,356.3,100
2026-06-29 12:00:00,PZ-002,EQ-007,WBM,75.6,13.1,426.4,140
2026-06-29 18:00:00,PZ-002,EQ-007,WBM,56.8,11.2,641.6,230
2026-06-30 00:00:00,PZ-002,EQ-007,WBM,68.3,13.1,595.5,140
2026-06-30 06:00:00,PZ-002,EQ-007,OBM,60.6,13.0,794.6,140
2026-06-30 12:00:00,PZ-002,EQ-007,OBM,55.1,12.7,662.1,140
2026-06-30 18:00:00,PZ-002,EQ-007,OBM,53.9,13.3,401.8,170
2026-07-01 00:00:00,PZ-002,EQ-007,OBM,56.5,11.8,604.5,200
2026-07-01 06:00:00,PZ-002,EQ-007,WBM,64.7,12.4,325.2,140
2026-07-01 12:00:00,PZ-002,EQ-007,WBM,67.4,13.8,552.6,200
2026-07-01 18:00:00,PZ-002,EQ-007,OBM,79.7,10.3,762.2,230
2026-07-02 00:00:00,PZ-002,EQ-007,OBM,71.5,10.4,339.3,100
2026-07-02 06:00:00,PZ-002,EQ-007,OBM,79.6,14.3,813.4,200
2026-07-02 12:00:00,PZ-002,EQ-007,WBM,72.2,11.7,724.0,200
2026-07-02 18:00:00,PZ-002,EQ-007,WBM,54.8,9.8,814.3,230
2026-07-03 00:00:00,PZ-002,EQ-007,OBM,49.1,11.7,570.4,100
2026-07-03 06:00:00,PZ-002,EQ-007,OBM,49.3,11.6,304.4,230
2026-07-03 12:00:00,PZ-002,EQ-007,OBM,76.0,13.5,302.0,200
2026-07-03 18:00:00,PZ-002,EQ-007,WBM,58.9,14.8,310.6,200
2026-07-04 00:00:00,PZ-002,EQ-007,OBM,41.2,9.5,703.6,230
2026-07-04 06:00:00,PZ-002,EQ-007,OBM,63.8,14.9,429.2,200
2026-07-04 12:00:00,PZ-002,EQ-007,OBM,85.0,11.7,512.8,100
2026-07-04 18:00:00,PZ-002,EQ-007,WBM,70.9,12.0,775.6,170
2026-07-05 00:00:00,PZ-002,EQ-007,WBM,75.1,15.9,592.2,170
2026-07-05 06:00:00,PZ-002,EQ-007,OBM,78.5,10.2,446.0,230
2026-07-05 12:00:00,PZ-002,EQ-007,WBM,58.2,14.5,748.2,170
2026-07-05 18:00:00,PZ-002,EQ-007,OBM,47.4,9.4,366.6,230
2026-07-06 00:00:00,PZ-002,EQ-007,OBM,70.9,11.2,409.3,200
2026-07-06 06:00:00,PZ-002,EQ-007,OBM,72.9,9.3,602.3,140
2026-07-06 12:00:00,PZ-002,EQ-007,OBM,83.8,9.3,820.4,140
2026-07-06 18:00:00,PZ-002,EQ-007,OBM,65.1,15.0,757.1,170
2026-07-07 00:00:00,PZ-002,EQ-007,OBM,58.2,11.8,466.5,230
2026-07-07 06:00:00,PZ-002,EQ-007,WBM,57.2,10.8,324.6,140
2026-07-07 12:00:00,PZ-002,EQ-007,OBM,69.8,15.2,694.5,100
2026-07-07 18:00:00,PZ-002,EQ-007,WBM,55.6,12.8,746.2,100
2026-07-08 00:00:00,PZ-002,EQ-007,WBM,66.9,13.3,318.5,140
2026-07-08 06:00:00,PZ-002,EQ-007,WBM,67.0,12.9,522.6,100
2026-07-08 12:00:00,PZ-002,EQ-007,OBM,82.9,15.0,379.9,170
2026-07-08 18:00:00,PZ-002,EQ-007,WBM,69.4,13.6,625.8,170
2026-07-09 00:00:00,PZ-002,EQ-007,OBM,68.7,15.2,532.8,200
2026-07-09 06:00:00,PZ-002,EQ-007,WBM,41.0,15.6,393.3,170
2026-07-09 12:00:00,PZ-002,EQ-007,OBM,77.0,15.8,332.0,100
2026-07-09 18:00:00,PZ-002,EQ-007,OBM,65.0,10.7,328.7,170
2026-07-10 00:00:00,PZ-002,EQ-007,OBM,45.1,15.4,409.4,100
2026-07-10 06:00:00,PZ-002,EQ-007,WBM,70.8,10.6,532.7,230
2026-07-10 12:00:00,PZ-002,EQ-007,OBM,85.0,12.7,754.6,100
2026-07-10 18:00:00,PZ-002,EQ-007,WBM,45.1,10.0,769.5,200
2026-07-11 00:00:00,PZ-002,EQ-007,OBM,58.4,12.5,322.2,200
2026-07-11 06:00:00,PZ-002,EQ-007,WBM,45.4,10.0,663.6,200
2026-07-11 12:00:00,PZ-002,EQ-007,OBM,60.2,13.3,678.6,230
2026-07-11 18:00:00,PZ-002,EQ-007,OBM,69.0,13.3,695.6,170
2026-07-12 00:00:00,PZ-002,EQ-007,OBM,60.2,10.7,300.8,230
2026-07-12 06:00:00,PZ-002,EQ-007,OBM,65.1,14.1,509.9,170
2026-07-12 12:00:00,PZ-002,EQ-007,WBM,48.1,9.1,415.8,140
2026-07-12 18:00:00,PZ-002,EQ-007,OBM,52.8,15.3,773.9,100
2026-07-13 00:00:00,PZ-002,EQ-007,WBM,83.8,12.9,505.3,230
2026-07-13 06:00:00,PZ-002,EQ-007,OBM,61.7,13.9,328.7,140
2026-07-13 12:00:00,PZ-002,EQ-007,WBM,57.5,9.0,556.7,140
2026-07-13 18:00:00,PZ-002,EQ-007,OBM,56.4,16.0,614.2,140
2026-07-14 00:00:00,PZ-002,EQ-007,OBM,53.1,10.6,371.0,200
2026-07-14 06:00:00,PZ-002,EQ-007,OBM,59.4,13.1,716.6,140
2026-07-14 12:00:00,PZ-002,EQ-007,WBM,84.0,14.6,527.1,200
2026-07-14 18:00:00,PZ-002,EQ-007,WBM,50.3,11.2,417.4,200
2026-07-15 00:00:00,PZ-002,EQ-007,WBM,60.9,14.2,421.9,200
2026-07-15 06:00:00,PZ-002,EQ-007,OBM,84.6,14.7,403.5,100
2026-07-15 12:00:00,PZ-002,EQ-007,WBM,83.0,14.5,698.2,230
2026-07-15 18:00:00,PZ-002,EQ-007,WBM,58.7,10.0,661.2,230
2026-07-16 00:00:00,PZ-002,EQ-007,OBM,82.2,13.5,500.3,200
2026-07-16 06:00:00,PZ-002,EQ-007,OBM,49.6,9.6,452.3,170
2026-07-16 12:00:00,PZ-002,EQ-007,WBM,46.6,15.7,342.0,170
2026-07-16 18:00:00,PZ-002,EQ-007,OBM,40.6,12.4,330.7,100
2026-07-17 00:00:00,PZ-002,EQ-007,WBM,78.7,12.4,314.8,200
2026-07-17 06:00:00,PZ-002,EQ-007,OBM,76.6,14.4,741.6,170
2026-07-17 12:00:00,PZ-002,EQ-007,OBM,75.6,13.9,847.5,140
2026-07-17 18:00:00,PZ-002,EQ-007,WBM,74.6,12.0,750.6,100
2026-07-18 00:00:00,PZ-002,EQ-007,OBM,71.2,10.8,439.1,200
2026-07-18 06:00:00,PZ-002,EQ-007,WBM,67.6,10.4,444.4,140
2026-07-18 12:00:00,PZ-002,EQ-007,OBM,40.5,15.8,560.4,100
2026-07-18 18:00:00,PZ-002,EQ-007,WBM,52.2,11.0,367.8,170
2026-07-19 00:00:00,PZ-002,EQ-007,OBM,78.2,11.2,749.6,200
2026-07-19 06:00:00,PZ-002,EQ-007,OBM,45.5,10.2,435.9,230
2026-07-19 12:00:00,PZ-002,EQ-007,WBM,42.7,12.8,378.4,170
2026-07-19 18:00:00,PZ-002,EQ-007,OBM,57.9,10.0,678.2,100
2026-07-20 00:00:00,PZ-002,EQ-007,OBM,45.2,9.7,714.9,100
2026-07-20 06:00:00,PZ-002,EQ-007,OBM,84.1,11.6,314.0,230
2026-07-20 12:00:00,PZ-002,EQ-007,OBM,63.9,10.0,376.9,170
2026-07-20 18:00:00,PZ-002,EQ-007,WBM,52.9,15.1,339.7,170
2026-07-21 00:00:00,PZ-002,EQ-007,OBM,76.6,14.3,802.6,140
2026-07-21 06:00:00,PZ-002,EQ-007,OBM,70.1,14.6,441.4,200
2026-07-21 12:00:00,PZ-002,EQ-007,WBM,65.6,12.6,660.0,170
2026-07-21 18:00:00,PZ-002,EQ-007,WBM,80.8,10.8,454.5,170
2026-07-22 00:00:00,PZ-002,EQ-007,OBM,69.5,9.7,439.4,200
2026-07-22 06:00:00,PZ-002,EQ-007,WBM,40.8,12.1,439.1,170
2026-07-22 12:00:00,PZ-002,EQ-007,OBM,74.2,9.3,504.4,140
2026-07-22 18:00:00,PZ-002,EQ-007,WBM,51.5,14.7,640.2,230
2026-07-23 00:00:00,PZ-002,EQ-007,OBM,63.5,12.6,680.4,140
2026-07-23 06:00:00,PZ-002,EQ-007,OBM,46.3,13.1,788.5,170
2026-07-23 12:00:00,PZ-002,EQ-007,OBM,55.1,11.7,813.8,170
2026-07-23 18:00:00,PZ-002,EQ-007,OBM,68.2,11.9,830.6,230
2026-07-24 00:00:00,PZ-002,EQ-007,WBM,80.2,9.5,839.2,140
2026-07-24 06:00:00,PZ-002,EQ-007,OBM,74.4,12.0,773.9,170
2026-07-24 12:00:00,PZ-002,EQ-007,WBM,50.7,15.4,343.0,140
2026-07-24 18:00:00,PZ-002,EQ-007,OBM,84.9,14.3,833.9,230
2026-07-25 00:00:00,PZ-002,EQ-007,WBM,81.3,14.2,484.5,100
2026-07-25 06:00:00,PZ-002,EQ-007,WBM,66.0,15.5,319.2,200
2026-07-25 12:00:00,PZ-002,EQ-007,WBM,69.4,13.8,676.9,140
2026-07-25 18:00:00,PZ-002,EQ-007,OBM,74.4,15.3,734.3,140
2026-07-26 00:00:00,PZ-002,EQ-007,OBM,41.8,14.3,354.8,170
2026-07-26 06:00:00,PZ-002,EQ-007,WBM,52.8,15.7,508.5,170
2026-07-26 12:00:00,PZ-002,EQ-007,WBM,69.7,13.0,317.0,170
2026-07-26 18:00:00,PZ-002,EQ-007,WBM,56.0,9.2,604.3,100
2026-07-27 00:00:00,PZ-002,EQ-007,OBM,43.3,9.6,658.6,140
2026-07-27 06:00:00,PZ-002,EQ-007,WBM,82.8,14.1,740.0,140
2026-07-27 12:00:00,PZ-002,EQ-007,OBM,51.4,14.4,446.0,100
2026-07-27 18:00:00,PZ-002,EQ-007,OBM,82.9,12.1,679.9,230
2026-07-28 00:00:00,PZ-002,EQ-007,OBM,55.7,13.6,308.6,170
2026-07-28 06:00:00,PZ-002,EQ-007,OBM,62.0,9.5,404.9,100
2026-07-28 12:00:00,PZ-002,EQ-007,OBM,53.0,11.9,588.2,230
2026-07-28 18:00:00,PZ-002,EQ-007,OBM,64.8,14.8,741.3,170
2026-07-29 00:00:00,PZ-002,EQ-007,OBM,70.3,13.8,445.9,230
2026-07-29 06:00:00,PZ-002,EQ-007,WBM,40.9,12.9,555.9,100
2026-07-29 12:00:00,PZ-002,EQ-007,OBM,74.7,15.8,582.9,200
2026-07-29 18:00:00,PZ-002,EQ-007,OBM,53.5,10.3,545.2,100
2026-07-30 00:00:00,PZ-002,EQ-007,OBM,48.1,11.4,812.2,140
2026-07-30 06:00:00,PZ-002,EQ-007,WBM,54.4,11.7,646.6,100
2026-07-30 12:00:00,PZ-002,EQ-007,OBM,49.7,10.3,550.2,230
2026-07-30 18:00:00,PZ-002,EQ-007,WBM,48.0,9.3,745.1,100
2026-07-31 00:00:00,PZ-002,EQ-007,OBM,71.3,14.0,609.5,100
2026-05-01 00:00:00,PZ-002,EQ-008,OBM,56.6,14.8,386.0,0
2026-05-01 06:00:00,PZ-002,EQ-008,OBM,40.7,11.0,652.8,0
2026-05-01 12:00:00,PZ-002,EQ-008,WBM,61.9,12.0,358.3,0
2026-05-01 18:00:00,PZ-002,EQ-008,WBM,73.7,9.5,557.0,0
2026-05-02 00:00:00,PZ-002,EQ-008,WBM,45.7,12.2,583.5,0
2026-05-02 06:00:00,PZ-002,EQ-008,OBM,51.6,12.2,418.9,0
2026-05-02 12:00:00,PZ-002,EQ-008,OBM,63.4,11.0,436.6,0
2026-05-02 18:00:00,PZ-002,EQ-008,WBM,56.6,10.1,441.9,0
2026-05-03 00:00:00,PZ-002,EQ-008,OBM,72.9,12.9,423.4,0
2026-05-03 06:00:00,PZ-002,EQ-008,OBM,66.6,9.4,835.1,0
2026-05-03 12:00:00,PZ-002,EQ-008,OBM,40.4,10.7,357.2,0
2026-05-03 18:00:00,PZ-002,EQ-008,WBM,77.8,14.8,667.3,0
2026-05-04 00:00:00,PZ-002,EQ-008,OBM,70.3,11.7,675.6,0
2026-05-04 06:00:00,PZ-002,EQ-008,WBM,82.5,9.1,492.0,0
2026-05-04 12:00:00,PZ-002,EQ-008,WBM,76.7,15.4,727.8,0
2026-05-04 18:00:00,PZ-002,EQ-008,WBM,46.3,12.6,756.0,0
2026-05-05 00:00:00,PZ-002,EQ-008,OBM,67.1,15.9,500.8,0
2026-05-05 06:00:00,PZ-002,EQ-008,OBM,75.7,10.6,811.4,0
2026-05-05 12:00:00,PZ-002,EQ-008,WBM,45.8,12.5,553.5,0
2026-05-05 18:00:00,PZ-002,EQ-008,WBM,69.0,13.3,428.5,0
2026-05-06 00:00:00,PZ-002,EQ-008,WBM,46.6,13.0,837.6,0
2026-05-06 06:00:00,PZ-002,EQ-008,WBM,51.5,10.9,522.3,0
2026-05-06 12:00:00,PZ-002,EQ-008,WBM,83.1,9.3,784.7,0
2026-05-06 18:00:00,PZ-002,EQ-008,OBM,46.2,13.0,645.7,0
2026-05-07 00:00:00,PZ-002,EQ-008,OBM,58.5,14.9,839.5,0
2026-05-07 06:00:00,PZ-002,EQ-008,OBM,66.9,13.8,678.5,0
2026-05-07 12:00:00,PZ-002,EQ-008,WBM,65.9,13.2,473.3,0
2026-05-07 18:00:00,PZ-002,EQ-008,OBM,66.2,10.0,760.7,0
2026-05-08 00:00:00,PZ-002,EQ-008,OBM,49.4,15.6,785.2,0
2026-05-08 06:00:00,PZ-002,EQ-008,WBM,59.8,13.7,396.5,0
2026-05-08 12:00:00,PZ-002,EQ-008,OBM,80.1,12.0,593.6,0
2026-05-08 18:00:00,PZ-002,EQ-008,WBM,53.0,14.6,452.6,0
2026-05-09 00:00:00,PZ-002,EQ-008,WBM,45.0,15.3,597.4,0
2026-05-09 06:00:00,PZ-002,EQ-008,WBM,47.5,14.8,497.2,0
2026-05-09 12:00:00,PZ-002,EQ-008,WBM,57.4,14.4,751.7,0
2026-05-09 18:00:00,PZ-002,EQ-008,OBM,62.8,12.8,708.4,0
2026-05-10 00:00:00,PZ-002,EQ-008,WBM,82.7,9.2,376.7,0
2026-05-10 06:00:00,PZ-002,EQ-008,OBM,64.2,11.5,837.9,0
2026-05-10 12:00:00,PZ-002,EQ-008,OBM,41.8,10.7,505.8,0
2026-05-10 18:00:00,PZ-002,EQ-008,WBM,50.1,12.7,682.7,0
2026-05-11 00:00:00,PZ-002,EQ-008,WBM,59.3,9.9,537.2,0
2026-05-11 06:00:00,PZ-002,EQ-008,OBM,80.2,14.6,650.2,0
2026-05-11 12:00:00,PZ-002,EQ-008,OBM,76.8,12.9,588.9,0
2026-05-11 18:00:00,PZ-002,EQ-008,WBM,71.1,15.5,692.7,0
2026-05-12 00:00:00,PZ-002,EQ-008,WBM,76.4,15.7,503.6,0
2026-05-12 06:00:00,PZ-002,EQ-008,OBM,45.5,14.9,478.3,0
2026-05-12 12:00:00,PZ-002,EQ-008,OBM,69.8,14.2,542.5,0
2026-05-12 18:00:00,PZ-002,EQ-008,OBM,75.3,12.2,320.7,0
2026-05-13 00:00:00,PZ-002,EQ-008,OBM,48.6,15.9,744.2,0
2026-05-13 06:00:00,PZ-002,EQ-008,OBM,66.4,14.0,532.0,0
2026-05-13 12:00:00,PZ-002,EQ-008,OBM,74.7,14.5,350.6,0
2026-05-13 18:00:00,PZ-002,EQ-008,OBM,51.7,13.1,544.0,0
2026-05-14 00:00:00,PZ-002,EQ-008,WBM,77.2,13.3,588.1,0
2026-05-14 06:00:00,PZ-002,EQ-008,WBM,51.6,14.3,726.4,0
2026-05-14 12:00:00,PZ-002,EQ-008,OBM,82.2,9.1,394.8,0
2026-05-14 18:00:00,PZ-002,EQ-008,WBM,44.3,14.5,550.0,0
2026-05-15 00:00:00,PZ-002,EQ-008,WBM,69.7,12.9,413.7,0
2026-05-15 06:00:00,PZ-002,EQ-008,OBM,81.6,15.4,458.3,0
2026-05-15 12:00:00,PZ-002,EQ-008,OBM,76.4,13.0,305.8,0
2026-05-15 18:00:00,PZ-002,EQ-008,WBM,45.3,13.2,840.9,0
2026-05-16 00:00:00,PZ-002,EQ-008,OBM,53.7,15.3,626.4,0
2026-05-16 06:00:00,PZ-002,EQ-008,WBM,59.5,9.9,343.3,0
2026-05-16 12:00:00,PZ-002,EQ-008,OBM,72.7,9.8,635.4,0
2026-05-16 18:00:00,PZ-002,EQ-008,WBM,64.5,9.6,755.2,0
2026-05-17 00:00:00,PZ-002,EQ-008,OBM,46.0,11.0,571.1,0
2026-05-17 06:00:00,PZ-002,EQ-008,WBM,40.4,11.4,565.6,0
2026-05-17 12:00:00,PZ-002,EQ-008,OBM,55.2,12.2,491.1,0
2026-05-17 18:00:00,PZ-002,EQ-008,WBM,47.7,12.0,496.0,0
2026-05-18 00:00:00,PZ-002,EQ-008,OBM,79.9,10.7,760.0,0
2026-05-18 06:00:00,PZ-002,EQ-008,WBM,84.3,14.8,846.8,0
2026-05-18 12:00:00,PZ-002,EQ-008,WBM,62.7,13.5,394.1,0
2026-05-18 18:00:00,PZ-002,EQ-008,OBM,58.5,13.2,649.2,0
2026-05-19 00:00:00,PZ-002,EQ-008,OBM,56.4,9.4,768.8,0
2026-05-19 06:00:00,PZ-002,EQ-008,OBM,78.3,13.4,807.3,0
2026-05-19 12:00:00,PZ-002,EQ-008,OBM,70.2,9.3,599.2,0
2026-05-19 18:00:00,PZ-002,EQ-008,OBM,43.5,14.6,376.7,0
2026-05-20 00:00:00,PZ-002,EQ-008,OBM,65.2,11.7,326.5,0
2026-05-20 06:00:00,PZ-002,EQ-008,OBM,81.0,14.0,357.9,0
2026-05-20 12:00:00,PZ-002,EQ-008,WBM,56.0,10.6,434.4,0
2026-05-20 18:00:00,PZ-002,EQ-008,WBM,70.5,15.6,651.2,0
2026-05-21 00:00:00,PZ-002,EQ-008,OBM,54.9,9.1,330.3,0
2026-05-21 06:00:00,PZ-002,EQ-008,OBM,80.8,15.7,314.2,0
2026-05-21 12:00:00,PZ-002,EQ-008,WBM,77.9,10.3,334.6,0
2026-05-21 18:00:00,PZ-002,EQ-008,OBM,49.9,10.1,800.4,0
2026-05-22 00:00:00,PZ-002,EQ-008,WBM,72.7,11.2,506.1,0
2026-05-22 06:00:00,PZ-002,EQ-008,OBM,63.2,13.1,556.1,0
2026-05-22 12:00:00,PZ-002,EQ-008,OBM,59.8,10.0,652.4,0
2026-05-22 18:00:00,PZ-002,EQ-008,OBM,66.5,10.6,654.8,0
2026-05-23 00:00:00,PZ-002,EQ-008,OBM,69.4,10.9,560.1,0
2026-05-23 06:00:00,PZ-002,EQ-008,WBM,63.6,13.8,715.0,0
2026-05-23 12:00:00,PZ-002,EQ-008,OBM,81.0,15.8,660.9,0
2026-05-23 18:00:00,PZ-002,EQ-008,OBM,59.9,12.9,363.6,0
2026-05-24 00:00:00,PZ-002,EQ-008,OBM,78.2,14.3,630.8,0
2026-05-24 06:00:00,PZ-002,EQ-008,WBM,55.6,13.8,444.7,0
2026-05-24 12:00:00,PZ-002,EQ-008,WBM,74.5,15.2,684.7,0
2026-05-24 18:00:00,PZ-002,EQ-008,OBM,46.5,10.2,390.4,0
2026-05-25 00:00:00,PZ-002,EQ-008,WBM,49.1,9.8,652.1,0
2026-05-25 06:00:00,PZ-002,EQ-008,OBM,42.1,12.0,772.6,0
2026-05-25 12:00:00,PZ-002,EQ-008,OBM,66.7,15.5,781.8,0
2026-05-25 18:00:00,PZ-002,EQ-008,OBM,49.6,9.8,528.5,0
2026-05-26 00:00:00,PZ-002,EQ-008,WBM,53.6,15.0,309.4,0
2026-05-26 06:00:00,PZ-002,EQ-008,OBM,63.0,10.3,830.3,0
2026-05-26 12:00:00,PZ-002,EQ-008,OBM,40.4,12.4,760.7,0
2026-05-26 18:00:00,PZ-002,EQ-008,WBM,40.9,15.8,336.7,0
2026-05-27 00:00:00,PZ-002,EQ-008,WBM,66.4,13.8,377.5,0
2026-05-27 06:00:00,PZ-002,EQ-008,WBM,42.5,14.8,324.8,0
2026-05-27 12:00:00,PZ-002,EQ-008,WBM,48.6,13.7,616.0,0
2026-05-27 18:00:00,PZ-002,EQ-008,OBM,51.1,15.0,472.6,0
2026-05-28 00:00:00,PZ-002,EQ-008,OBM,40.8,10.9,506.5,0
2026-05-28 06:00:00,PZ-002,EQ-008,OBM,72.2,12.4,652.3,0
2026-05-28 12:00:00,PZ-002,EQ-008,WBM,82.8,9.8,490.5,0
2026-05-28 18:00:00,PZ-002,EQ-008,OBM,41.3,9.2,584.1,0
2026-05-29 00:00:00,PZ-002,EQ-008,OBM,53.6,15.9,449.6,0
2026-05-29 06:00:00,PZ-002,EQ-008,OBM,47.7,10.4,805.1,0
2026-05-29 12:00:00,PZ-002,EQ-008,WBM,79.4,10.5,644.6,0
2026-05-29 18:00:00,PZ-002,EQ-008,OBM,42.3,12.9,728.8,0
2026-05-30 00:00:00,PZ-002,EQ-008,OBM,41.9,13.8,469.1,0
2026-05-30 06:00:00,PZ-002,EQ-008,OBM,53.8,9.3,671.6,0
2026-05-30 12:00:00,PZ-002,EQ-008,OBM,47.1,11.7,764.3,0
2026-05-30 18:00:00,PZ-002,EQ-008,OBM,52.1,11.0,368.2,0
2026-05-31 00:00:00,PZ-002,EQ-008,WBM,65.8,13.1,503.3,0
2026-05-31 06:00:00,PZ-002,EQ-008,OBM,57.5,10.8,519.5,0
2026-05-31 12:00:00,PZ-002,EQ-008,OBM,68.6,14.5,593.1,0
2026-05-31 18:00:00,PZ-002,EQ-008,OBM,59.7,9.5,826.4,0
2026-06-01 00:00:00,PZ-002,EQ-008,WBM,84.2,11.4,504.7,0
2026-06-01 06:00:00,PZ-002,EQ-008,WBM,71.4,10.1,359.4,0
2026-06-01 12:00:00,PZ-002,EQ-008,OBM,44.8,15.7,615.3,0
2026-06-01 18:00:00,PZ-002,EQ-008,WBM,76.0,12.7,403.5,0
2026-06-02 00:00:00,PZ-002,EQ-008,OBM,55.2,13.6,808.9,0
2026-06-02 06:00:00,PZ-002,EQ-008,OBM,81.4,15.3,823.6,0
2026-06-02 12:00:00,PZ-002,EQ-008,OBM,58.4,12.4,779.9,0
2026-06-02 18:00:00,PZ-002,EQ-008,WBM,46.3,14.8,718.8,0
2026-06-03 00:00:00,PZ-002,EQ-008,WBM,70.5,9.3,612.5,0
2026-06-03 06:00:00,PZ-002,EQ-008,OBM,62.8,12.9,691.8,0
2026-06-03 12:00:00,PZ-002,EQ-008,WBM,64.2,15.6,525.5,0
2026-06-03 18:00:00,PZ-002,EQ-008,OBM,77.3,13.6,704.8,0
2026-06-04 00:00:00,PZ-002,EQ-008,OBM,83.6,13.4,511.6,0
2026-06-04 06:00:00,PZ-002,EQ-008,WBM,82.4,15.2,588.0,0
2026-06-04 12:00:00,PZ-002,EQ-008,WBM,60.5,14.0,521.3,0
2026-06-04 18:00:00,PZ-002,EQ-008,OBM,50.1,15.8,514.7,0
2026-06-05 00:00:00,PZ-002,EQ-008,WBM,48.5,13.3,728.7,0
2026-06-05 06:00:00,PZ-002,EQ-008,WBM,41.7,13.3,372.1,0
2026-06-05 12:00:00,PZ-002,EQ-008,OBM,44.4,9.9,333.9,0
2026-06-05 18:00:00,PZ-002,EQ-008,WBM,80.8,11.1,714.3,0
2026-06-06 00:00:00,PZ-002,EQ-008,OBM,77.1,14.7,736.9,0
2026-06-06 06:00:00,PZ-002,EQ-008,WBM,61.7,12.4,789.8,0
2026-06-06 12:00:00,PZ-002,EQ-008,OBM,60.3,13.7,447.9,0
2026-06-06 18:00:00,PZ-002,EQ-008,OBM,63.1,15.5,705.4,0
2026-06-07 00:00:00,PZ-002,EQ-008,OBM,70.0,13.5,435.5,0
2026-06-07 06:00:00,PZ-002,EQ-008,OBM,80.1,11.2,418.5,0
2026-06-07 12:00:00,PZ-002,EQ-008,WBM,72.2,13.9,495.2,0
2026-06-07 18:00:00,PZ-002,EQ-008,OBM,69.1,10.5,529.5,0
2026-06-08 00:00:00,PZ-002,EQ-008,WBM,57.6,11.2,383.1,0
2026-06-08 06:00:00,PZ-002,EQ-008,WBM,81.6,14.2,473.9,0
2026-06-08 12:00:00,PZ-002,EQ-008,WBM,63.7,10.8,362.9,0
2026-06-08 18:00:00,PZ-002,EQ-008,WBM,77.0,11.9,307.9,0
2026-06-09 00:00:00,PZ-002,EQ-008,OBM,55.5,11.0,340.5,0
2026-06-09 06:00:00,PZ-002,EQ-008,OBM,43.8,15.1,453.4,0
2026-06-09 12:00:00,PZ-002,EQ-008,WBM,65.4,9.5,565.0,0
2026-06-09 18:00:00,PZ-002,EQ-008,WBM,54.9,11.8,622.4,0
2026-06-10 00:00:00,PZ-002,EQ-008,WBM,43.1,11.4,404.5,0
2026-06-10 06:00:00,PZ-002,EQ-008,WBM,53.1,12.8,452.5,0
2026-06-10 12:00:00,PZ-002,EQ-008,WBM,82.4,11.0,807.7,0
2026-06-10 18:00:00,PZ-002,EQ-008,OBM,51.1,13.7,478.0,0
2026-06-11 00:00:00,PZ-002,EQ-008,OBM,66.5,13.0,336.1,0
2026-06-11 06:00:00,PZ-002,EQ-008,OBM,40.8,10.8,426.1,0
2026-06-11 12:00:00,PZ-002,EQ-008,OBM,66.2,15.4,512.3,0
2026-06-11 18:00:00,PZ-002,EQ-008,OBM,81.1,14.8,678.2,0
2026-06-12 00:00:00,PZ-002,EQ-008,WBM,50.0,15.7,827.2,0
2026-06-12 06:00:00,PZ-002,EQ-008,OBM,81.4,12.6,646.0,0
2026-06-12 12:00:00,PZ-002,EQ-008,OBM,41.7,12.0,670.4,0
2026-06-12 18:00:00,PZ-002,EQ-008,OBM,55.0,9.9,746.4,0
2026-06-13 00:00:00,PZ-002,EQ-008,WBM,64.1,11.8,816.4,0
2026-06-13 06:00:00,PZ-002,EQ-008,WBM,62.6,15.0,669.3,0
2026-06-13 12:00:00,PZ-002,EQ-008,WBM,80.0,14.3,700.9,0
2026-06-13 18:00:00,PZ-002,EQ-008,OBM,68.7,15.0,498.5,0
2026-06-14 00:00:00,PZ-002,EQ-008,WBM,60.5,12.7,580.9,0
2026-06-14 06:00:00,PZ-002,EQ-008,OBM,47.7,11.2,788.7,0
2026-06-14 12:00:00,PZ-002,EQ-008,OBM,61.5,12.8,408.9,0
2026-06-14 18:00:00,PZ-002,EQ-008,OBM,65.5,9.3,738.0,0
2026-06-15 00:00:00,PZ-002,EQ-008,WBM,78.8,10.4,806.4,0
2026-06-15 06:00:00,PZ-002,EQ-008,OBM,64.6,10.8,669.1,0
2026-06-15 12:00:00,PZ-002,EQ-008,OBM,67.2,15.9,445.9,0
2026-06-15 18:00:00,PZ-002,EQ-008,WBM,72.0,14.8,649.3,0
2026-06-16 00:00:00,PZ-002,EQ-008,OBM,56.7,10.3,808.6,0
2026-06-16 06:00:00,PZ-002,EQ-008,OBM,54.1,10.9,655.2,0
2026-06-16 12:00:00,PZ-002,EQ-008,OBM,58.3,13.7,700.3,0
2026-06-16 18:00:00,PZ-002,EQ-008,OBM,50.4,9.6,330.5,0
2026-06-17 00:00:00,PZ-002,EQ-008,OBM,53.6,13.9,304.9,0
2026-06-17 06:00:00,PZ-002,EQ-008,OBM,43.0,12.3,664.4,0
2026-06-17 12:00:00,PZ-002,EQ-008,OBM,68.4,12.8,328.8,0
2026-06-17 18:00:00,PZ-002,EQ-008,WBM,41.4,12.2,776.1,0
2026-06-18 00:00:00,PZ-002,EQ-008,WBM,44.9,11.5,619.1,0
2026-06-18 06:00:00,PZ-002,EQ-008,OBM,73.9,13.9,568.1,0
2026-06-18 12:00:00,PZ-002,EQ-008,WBM,62.6,9.5,675.3,0
2026-06-18 18:00:00,PZ-002,EQ-008,WBM,52.5,10.3,795.9,0
2026-06-19 00:00:00,PZ-002,EQ-008,OBM,65.8,15.1,560.7,0
2026-06-19 06:00:00,PZ-002,EQ-008,WBM,65.0,9.9,546.0,0
2026-06-19 12:00:00,PZ-002,EQ-008,OBM,56.4,9.5,660.4,0
2026-06-19 18:00:00,PZ-002,EQ-008,WBM,82.1,15.7,771.1,0
2026-06-20 00:00:00,PZ-002,EQ-008,WBM,84.7,11.8,389.7,0
2026-06-20 06:00:00,PZ-002,EQ-008,WBM,63.7,9.9,561.1,0
2026-06-20 12:00:00,PZ-002,EQ-008,OBM,43.1,12.4,557.9,0
2026-06-20 18:00:00,PZ-002,EQ-008,OBM,58.8,15.0,360.3,0
2026-06-21 00:00:00,PZ-002,EQ-008,WBM,58.4,9.8,542.6,0
2026-06-21 06:00:00,PZ-002,EQ-008,WBM,68.9,15.7,413.9,0
2026-06-21 12:00:00,PZ-002,EQ-008,OBM,62.4,15.3,831.5,0
2026-06-21 18:00:00,PZ-002,EQ-008,OBM,69.8,11.8,474.2,0
2026-06-22 00:00:00,PZ-002,EQ-008,OBM,45.2,9.8,807.4,0
2026-06-22 06:00:00,PZ-002,EQ-008,OBM,50.2,9.2,332.8,0
2026-06-22 12:00:00,PZ-002,EQ-008,WBM,66.8,13.5,505.4,0
2026-06-22 18:00:00,PZ-002,EQ-008,OBM,59.4,11.8,537.1,0
2026-06-23 00:00:00,PZ-002,EQ-008,OBM,54.2,14.1,481.6,0
2026-06-23 06:00:00,PZ-002,EQ-008,OBM,73.8,11.6,778.0,0
2026-06-23 12:00:00,PZ-002,EQ-008,WBM,84.9,12.4,742.9,0
2026-06-23 18:00:00,PZ-002,EQ-008,OBM,43.8,10.9,722.3,0
2026-06-24 00:00:00,PZ-002,EQ-008,OBM,47.5,11.0,586.7,0
2026-06-24 06:00:00,PZ-002,EQ-008,WBM,43.9,10.1,722.9,0
2026-06-24 12:00:00,PZ-002,EQ-008,WBM,49.1,12.9,477.4,0
2026-06-24 18:00:00,PZ-002,EQ-008,OBM,80.1,12.9,493.6,0
2026-06-25 00:00:00,PZ-002,EQ-008,WBM,40.4,9.1,524.1,0
2026-06-25 06:00:00,PZ-002,EQ-008,WBM,67.7,16.0,397.8,0
2026-06-25 12:00:00,PZ-002,EQ-008,WBM,82.0,11.0,783.1,0
2026-06-25 18:00:00,PZ-002,EQ-008,OBM,49.4,11.0,405.9,0
2026-06-26 00:00:00,PZ-002,EQ-008,OBM,68.8,11.8,834.3,0
2026-06-26 06:00:00,PZ-002,EQ-008,OBM,48.8,15.3,307.6,0
2026-06-26 12:00:00,PZ-002,EQ-008,OBM,63.6,12.9,514.0,0
2026-06-26 18:00:00,PZ-002,EQ-008,OBM,83.3,15.9,736.2,0
2026-06-27 00:00:00,PZ-002,EQ-008,OBM,58.7,14.5,801.6,0
2026-06-27 06:00:00,PZ-002,EQ-008,OBM,43.0,14.7,824.0,0
2026-06-27 12:00:00,PZ-002,EQ-008,WBM,54.7,13.1,474.3,0
2026-06-27 18:00:00,PZ-002,EQ-008,OBM,70.2,11.5,814.7,0
2026-06-28 00:00:00,PZ-002,EQ-008,WBM,62.5,13.6,761.0,0
2026-06-28 06:00:00,PZ-002,EQ-008,WBM,47.0,9.5,706.1,0
2026-06-28 12:00:00,PZ-002,EQ-008,OBM,57.8,15.7,804.2,0
2026-06-28 18:00:00,PZ-002,EQ-008,OBM,68.0,10.1,496.2,0
2026-06-29 00:00:00,PZ-002,EQ-008,WBM,67.7,11.6,516.7,0
2026-06-29 06:00:00,PZ-002,EQ-008,WBM,73.2,11.8,564.2,0
2026-06-29 12:00:00,PZ-002,EQ-008,WBM,69.2,11.7,791.9,0
2026-06-29 18:00:00,PZ-002,EQ-008,WBM,71.1,9.5,829.8,0
2026-06-30 00:00:00,PZ-002,EQ-008,OBM,54.3,13.4,841.0,0
2026-06-30 06:00:00,PZ-002,EQ-008,WBM,64.6,11.4,538.9,0
2026-06-30 12:00:00,PZ-002,EQ-008,WBM,64.4,10.3,595.6,0
2026-06-30 18:00:00,PZ-002,EQ-008,WBM,73.2,9.2,509.5,0
2026-07-01 00:00:00,PZ-002,EQ-008,OBM,70.1,11.6,417.2,0
2026-07-01 06:00:00,PZ-002,EQ-008,OBM,40.9,12.8,487.9,0
2026-07-01 12:00:00,PZ-002,EQ-008,WBM,68.7,10.3,802.1,0
2026-07-01 18:00:00,PZ-002,EQ-008,WBM,74.4,9.1,537.5,0
2026-07-02 00:00:00,PZ-002,EQ-008,WBM,55.2,9.2,383.7,0
2026-07-02 06:00:00,PZ-002,EQ-008,OBM,41.0,10.2,835.8,0
2026-07-02 12:00:00,PZ-002,EQ-008,OBM,43.5,13.7,375.8,0
2026-07-02 18:00:00,PZ-002,EQ-008,OBM,63.9,10.5,643.9,0
2026-07-03 00:00:00,PZ-002,EQ-008,OBM,61.5,13.7,614.6,0
2026-07-03 06:00:00,PZ-002,EQ-008,OBM,51.9,14.1,417.9,0
2026-07-03 12:00:00,PZ-002,EQ-008,WBM,61.3,14.5,454.1,0
2026-07-03 18:00:00,PZ-002,EQ-008,OBM,57.9,12.0,809.3,0
2026-07-04 00:00:00,PZ-002,EQ-008,OBM,71.8,15.5,692.2,0
2026-07-04 06:00:00,PZ-002,EQ-008,OBM,77.3,14.0,317.9,0
2026-07-04 12:00:00,PZ-002,EQ-008,OBM,63.5,11.2,379.4,0
2026-07-04 18:00:00,PZ-002,EQ-008,WBM,50.5,11.8,732.0,0
2026-07-05 00:00:00,PZ-002,EQ-008,WBM,45.3,12.5,736.9,0
2026-07-05 06:00:00,PZ-002,EQ-008,WBM,59.7,15.0,397.7,0
2026-07-05 12:00:00,PZ-002,EQ-008,WBM,45.6,9.3,605.7,0
2026-07-05 18:00:00,PZ-002,EQ-008,WBM,55.6,9.3,520.2,0
2026-07-06 00:00:00,PZ-002,EQ-008,WBM,75.6,13.4,545.0,0
2026-07-06 06:00:00,PZ-002,EQ-008,OBM,47.4,9.5,665.2,0
2026-07-06 12:00:00,PZ-002,EQ-008,OBM,41.8,15.2,336.8,0
2026-07-06 18:00:00,PZ-002,EQ-008,WBM,56.4,12.8,826.4,0
2026-07-07 00:00:00,PZ-002,EQ-008,OBM,71.3,13.1,681.4,0
2026-07-07 06:00:00,PZ-002,EQ-008,WBM,54.7,15.7,822.1,0
2026-07-07 12:00:00,PZ-002,EQ-008,WBM,84.7,12.4,615.1,0
2026-07-07 18:00:00,PZ-002,EQ-008,OBM,50.4,10.3,425.5,0
2026-07-08 00:00:00,PZ-002,EQ-008,OBM,74.6,11.6,800.0,0
2026-07-08 06:00:00,PZ-002,EQ-008,OBM,83.7,11.6,636.0,0
2026-07-08 12:00:00,PZ-002,EQ-008,OBM,65.4,9.5,659.0,0
2026-07-08 18:00:00,PZ-002,EQ-008,WBM,79.7,11.4,513.1,0
2026-07-09 00:00:00,PZ-002,EQ-008,OBM,44.0,11.7,352.0,0
2026-07-09 06:00:00,PZ-002,EQ-008,WBM,48.2,11.3,596.0,0
2026-07-09 12:00:00,PZ-002,EQ-008,OBM,71.8,11.5,713.4,0
2026-07-09 18:00:00,PZ-002,EQ-008,OBM,48.7,11.1,641.5,0
2026-07-10 00:00:00,PZ-002,EQ-008,OBM,50.6,9.5,624.1,0
2026-07-10 06:00:00,PZ-002,EQ-008,WBM,69.1,10.6,607.2,0
2026-07-10 12:00:00,PZ-002,EQ-008,OBM,44.7,11.5,651.8,0
2026-07-10 18:00:00,PZ-002,EQ-008,OBM,63.8,11.0,748.1,0
2026-07-11 00:00:00,PZ-002,EQ-008,OBM,76.7,14.0,333.7,0
2026-07-11 06:00:00,PZ-002,EQ-008,OBM,50.3,11.7,447.7,0
2026-07-11 12:00:00,PZ-002,EQ-008,OBM,81.9,14.5,551.0,0
2026-07-11 18:00:00,PZ-002,EQ-008,WBM,46.8,12.8,806.0,0
2026-07-12 00:00:00,PZ-002,EQ-008,WBM,71.4,13.2,568.9,0
2026-07-12 06:00:00,PZ-002,EQ-008,WBM,82.5,13.9,714.8,0
2026-07-12 12:00:00,PZ-002,EQ-008,WBM,57.7,14.4,816.3,0
2026-07-12 18:00:00,PZ-002,EQ-008,OBM,61.2,11.1,706.6,0
2026-07-13 00:00:00,PZ-002,EQ-008,WBM,53.7,12.5,402.6,0
2026-07-13 06:00:00,PZ-002,EQ-008,OBM,45.5,10.3,824.9,0
2026-07-13 12:00:00,PZ-002,EQ-008,OBM,43.3,15.3,544.1,0
2026-07-13 18:00:00,PZ-002,EQ-008,OBM,44.5,12.4,327.3,0
2026-07-14 00:00:00,PZ-002,EQ-008,WBM,81.0,11.8,648.6,0
2026-07-14 06:00:00,PZ-002,EQ-008,OBM,62.7,12.2,341.7,0
2026-07-14 12:00:00,PZ-002,EQ-008,OBM,42.9,11.7,302.0,0
2026-07-14 18:00:00,PZ-002,EQ-008,OBM,45.7,11.1,613.3,0
2026-07-15 00:00:00,PZ-002,EQ-008,OBM,76.2,9.8,346.5,0
2026-07-15 06:00:00,PZ-002,EQ-008,OBM,71.8,9.9,651.4,0
2026-07-15 12:00:00,PZ-002,EQ-008,OBM,72.3,13.6,613.7,0
2026-07-15 18:00:00,PZ-002,EQ-008,OBM,64.2,12.2,554.2,0
2026-07-16 00:00:00,PZ-002,EQ-008,OBM,52.3,15.5,569.6,0
2026-07-16 06:00:00,PZ-002,EQ-008,OBM,72.3,11.4,643.6,0
2026-07-16 12:00:00,PZ-002,EQ-008,WBM,79.7,9.8,567.8,0
2026-07-16 18:00:00,PZ-002,EQ-008,OBM,51.4,13.4,391.1,0
2026-07-17 00:00:00,PZ-002,EQ-008,OBM,47.5,13.6,412.5,0
2026-07-17 06:00:00,PZ-002,EQ-008,OBM,66.0,13.2,652.1,0
2026-07-17 12:00:00,PZ-002,EQ-008,OBM,41.7,14.4,760.4,0
2026-07-17 18:00:00,PZ-002,EQ-008,WBM,41.9,15.8,744.0,0
2026-07-18 00:00:00,PZ-002,EQ-008,OBM,53.1,13.2,694.5,0
2026-07-18 06:00:00,PZ-002,EQ-008,OBM,63.3,10.0,642.3,0
2026-07-18 12:00:00,PZ-002,EQ-008,OBM,57.6,11.8,657.9,0
2026-07-18 18:00:00,PZ-002,EQ-008,WBM,84.5,11.1,452.6,0
2026-07-19 00:00:00,PZ-002,EQ-008,WBM,49.1,13.1,389.3,0
2026-07-19 06:00:00,PZ-002,EQ-008,OBM,66.9,10.1,459.2,0
2026-07-19 12:00:00,PZ-002,EQ-008,OBM,75.3,10.9,659.4,0
2026-07-19 18:00:00,PZ-002,EQ-008,OBM,67.2,9.9,601.7,0
2026-07-20 00:00:00,PZ-002,EQ-008,OBM,71.4,9.5,816.3,0
2026-07-20 06:00:00,PZ-002,EQ-008,OBM,44.8,15.6,360.1,0
2026-07-20 12:00:00,PZ-002,EQ-008,OBM,50.5,9.2,736.2,0
2026-07-20 18:00:00,PZ-002,EQ-008,OBM,41.5,13.6,394.4,0
2026-07-21 00:00:00,PZ-002,EQ-008,OBM,71.8,10.6,784.4,0
2026-07-21 06:00:00,PZ-002,EQ-008,OBM,52.2,14.3,616.0,0
2026-07-21 12:00:00,PZ-002,EQ-008,OBM,48.3,11.5,510.8,0
2026-07-21 18:00:00,PZ-002,EQ-008,OBM,65.7,9.3,712.9,0
2026-07-22 00:00:00,PZ-002,EQ-008,WBM,48.1,12.8,687.7,0
2026-07-22 06:00:00,PZ-002,EQ-008,OBM,46.6,14.9,534.1,0
2026-07-22 12:00:00,PZ-002,EQ-008,WBM,58.8,13.3,666.0,0
2026-07-22 18:00:00,PZ-002,EQ-008,WBM,84.4,13.6,549.8,0
2026-07-23 00:00:00,PZ-002,EQ-008,OBM,55.7,15.2,666.6,0
2026-07-23 06:00:00,PZ-002,EQ-008,OBM,60.2,13.6,709.6,0
2026-07-23 12:00:00,PZ-002,EQ-008,WBM,74.7,9.3,694.9,0
2026-07-23 18:00:00,PZ-002,EQ-008,WBM,44.6,10.6,609.3,0
2026-07-24 00:00:00,PZ-002,EQ-008,OBM,45.1,13.4,703.1,0
2026-07-24 06:00:00,PZ-002,EQ-008,OBM,54.6,14.5,487.6,0
2026-07-24 12:00:00,PZ-002,EQ-008,OBM,64.7,11.0,814.3,0
2026-07-24 18:00:00,PZ-002,EQ-008,WBM,67.7,15.1,682.9,0
2026-07-25 00:00:00,PZ-002,EQ-008,OBM,67.9,14.7,398.0,0
2026-07-25 06:00:00,PZ-002,EQ-008,WBM,71.3,15.7,395.9,0
2026-07-25 12:00:00,PZ-002,EQ-008,OBM,73.0,11.4,665.3,0
2026-07-25 18:00:00,PZ-002,EQ-008,OBM,72.0,11.7,801.3,0
2026-07-26 00:00:00,PZ-002,EQ-008,WBM,56.4,13.6,773.9,0
2026-07-26 06:00:00,PZ-002,EQ-008,OBM,76.6,13.1,718.4,0
2026-07-26 12:00:00,PZ-002,EQ-008,WBM,78.8,12.5,435.3,0
2026-07-26 18:00:00,PZ-002,EQ-008,OBM,68.5,11.4,565.8,0
2026-07-27 00:00:00,PZ-002,EQ-008,WBM,49.8,12.2,632.3,0
2026-07-27 06:00:00,PZ-002,EQ-008,WBM,41.9,9.2,453.3,0
2026-07-27 12:00:00,PZ-002,EQ-008,OBM,62.2,11.9,438.8,0
2026-07-27 18:00:00,PZ-002,EQ-008,WBM,45.2,11.1,847.4,0
2026-07-28 00:00:00,PZ-002,EQ-008,OBM,57.7,12.1,738.4,0
2026-07-28 06:00:00,PZ-002,EQ-008,WBM,83.8,12.5,324.4,0
2026-07-28 12:00:00,PZ-002,EQ-008,OBM,79.3,12.2,389.8,0
2026-07-28 18:00:00,PZ-002,EQ-008,WBM,58.9,13.8,494.4,0
2026-07-29 00:00:00,PZ-002,EQ-008,OBM,75.9,11.7,458.4,0
2026-07-29 06:00:00,PZ-002,EQ-008,WBM,62.2,11.9,373.2,0
2026-07-29 12:00:00,PZ-002,EQ-008,WBM,65.3,13.1,567.4,0
2026-07-29 18:00:00,PZ-002,EQ-008,OBM,59.2,9.9,591.6,0
2026-07-30 00:00:00,PZ-002,EQ-008,WBM,84.2,11.6,644.2,0
2026-07-30 06:00:00,PZ-002,EQ-008,WBM,42.5,13.4,435.9,0
2026-07-30 12:00:00,PZ-002,EQ-008,OBM,60.8,9.2,486.9,0
2026-07-30 18:00:00,PZ-002,EQ-008,WBM,41.2,12.1,358.2,0
2026-07-31 00:00:00,PZ-002,EQ-008,OBM,41.7,11.0,527.5,0
2026-05-01 00:00:00,PZ-002,EQ-009,WBM,52.9,15.9,323.0,0
2026-05-01 06:00:00,PZ-002,EQ-009,WBM,53.0,12.5,378.8,0
2026-05-01 12:00:00,PZ-002,EQ-009,WBM,83.8,11.7,611.3,0
2026-05-01 18:00:00,PZ-002,EQ-009,OBM,71.0,11.4,361.5,0
2026-05-02 00:00:00,PZ-002,EQ-009,WBM,46.1,9.2,814.6,0
2026-05-02 06:00:00,PZ-002,EQ-009,WBM,47.8,10.0,454.7,0
2026-05-02 12:00:00,PZ-002,EQ-009,OBM,43.8,10.5,344.4,0
2026-05-02 18:00:00,PZ-002,EQ-009,OBM,72.2,12.0,404.6,0
2026-05-03 00:00:00,PZ-002,EQ-009,OBM,74.6,10.9,470.9,0
2026-05-03 06:00:00,PZ-002,EQ-009,WBM,66.3,11.7,318.9,0
2026-05-03 12:00:00,PZ-002,EQ-009,OBM,53.2,11.3,336.3,0
2026-05-03 18:00:00,PZ-002,EQ-009,OBM,55.9,10.7,826.1,0
2026-05-04 00:00:00,PZ-002,EQ-009,OBM,53.7,10.5,693.7,0
2026-05-04 06:00:00,PZ-002,EQ-009,OBM,43.3,12.6,752.5,0
2026-05-04 12:00:00,PZ-002,EQ-009,WBM,68.4,13.0,789.7,0
2026-05-04 18:00:00,PZ-002,EQ-009,OBM,83.2,10.6,698.9,0
2026-05-05 00:00:00,PZ-002,EQ-009,WBM,48.8,9.6,737.5,0
2026-05-05 06:00:00,PZ-002,EQ-009,OBM,67.4,13.7,460.4,0
2026-05-05 12:00:00,PZ-002,EQ-009,OBM,50.6,14.8,642.1,0
2026-05-05 18:00:00,PZ-002,EQ-009,OBM,44.8,11.8,614.2,0
2026-05-06 00:00:00,PZ-002,EQ-009,OBM,73.6,10.8,781.6,0
2026-05-06 06:00:00,PZ-002,EQ-009,WBM,78.9,11.9,712.7,0
2026-05-06 12:00:00,PZ-002,EQ-009,WBM,76.4,13.1,514.8,0
2026-05-06 18:00:00,PZ-002,EQ-009,OBM,41.6,15.0,498.0,0
2026-05-07 00:00:00,PZ-002,EQ-009,OBM,46.8,13.0,720.4,0
2026-05-07 06:00:00,PZ-002,EQ-009,OBM,68.1,14.3,762.6,0
2026-05-07 12:00:00,PZ-002,EQ-009,WBM,84.9,12.0,313.5,0
2026-05-07 18:00:00,PZ-002,EQ-009,WBM,45.5,11.0,329.4,0
2026-05-08 00:00:00,PZ-002,EQ-009,WBM,49.1,9.7,334.7,0
2026-05-08 06:00:00,PZ-002,EQ-009,OBM,83.4,15.1,781.8,0
2026-05-08 12:00:00,PZ-002,EQ-009,WBM,43.4,14.4,338.4,0
2026-05-08 18:00:00,PZ-002,EQ-009,WBM,51.0,15.9,716.2,0
2026-05-09 00:00:00,PZ-002,EQ-009,OBM,79.2,13.5,820.4,0
2026-05-09 06:00:00,PZ-002,EQ-009,OBM,71.1,11.8,783.8,0
2026-05-09 12:00:00,PZ-002,EQ-009,OBM,57.6,12.3,769.0,0
2026-05-09 18:00:00,PZ-002,EQ-009,WBM,64.4,9.1,728.2,0
2026-05-10 00:00:00,PZ-002,EQ-009,OBM,75.9,9.3,387.2,0
2026-05-10 06:00:00,PZ-002,EQ-009,WBM,55.2,16.0,754.0,0
2026-05-10 12:00:00,PZ-002,EQ-009,OBM,55.3,11.1,428.7,0
2026-05-10 18:00:00,PZ-002,EQ-009,OBM,50.6,11.6,578.7,0
2026-05-11 00:00:00,PZ-002,EQ-009,OBM,57.1,15.4,542.8,0
2026-05-11 06:00:00,PZ-002,EQ-009,OBM,80.8,9.4,413.1,0
2026-05-11 12:00:00,PZ-002,EQ-009,OBM,68.8,15.6,361.8,0
2026-05-11 18:00:00,PZ-002,EQ-009,WBM,80.2,15.8,563.3,0
2026-05-12 00:00:00,PZ-002,EQ-009,OBM,71.4,11.5,788.1,0
2026-05-12 06:00:00,PZ-002,EQ-009,OBM,65.5,11.1,621.5,0
2026-05-12 12:00:00,PZ-002,EQ-009,WBM,43.0,10.8,408.8,0
2026-05-12 18:00:00,PZ-002,EQ-009,OBM,67.4,11.7,531.7,0
2026-05-13 00:00:00,PZ-002,EQ-009,OBM,84.4,12.1,657.3,0
2026-05-13 06:00:00,PZ-002,EQ-009,OBM,78.3,15.6,848.5,0
2026-05-13 12:00:00,PZ-002,EQ-009,OBM,60.3,12.9,386.6,0
2026-05-13 18:00:00,PZ-002,EQ-009,OBM,60.2,11.0,377.5,0
2026-05-14 00:00:00,PZ-002,EQ-009,WBM,80.9,13.7,655.1,0
2026-05-14 06:00:00,PZ-002,EQ-009,WBM,81.9,13.4,846.7,0
2026-05-14 12:00:00,PZ-002,EQ-009,OBM,42.5,13.4,720.6,0
2026-05-14 18:00:00,PZ-002,EQ-009,OBM,50.2,15.8,847.4,0
2026-05-15 00:00:00,PZ-002,EQ-009,OBM,53.0,13.8,486.0,0
2026-05-15 06:00:00,PZ-002,EQ-009,WBM,62.4,12.0,479.3,0
2026-05-15 12:00:00,PZ-002,EQ-009,WBM,72.2,15.9,742.5,0
2026-05-15 18:00:00,PZ-002,EQ-009,WBM,54.6,12.6,325.1,0
2026-05-16 00:00:00,PZ-002,EQ-009,WBM,80.6,9.6,752.4,0
2026-05-16 06:00:00,PZ-002,EQ-009,WBM,72.4,11.0,693.0,0
2026-05-16 12:00:00,PZ-002,EQ-009,WBM,81.9,12.2,703.9,0
2026-05-16 18:00:00,PZ-002,EQ-009,OBM,53.6,10.4,598.4,0
2026-05-17 00:00:00,PZ-002,EQ-009,WBM,70.3,13.8,325.3,0
2026-05-17 06:00:00,PZ-002,EQ-009,OBM,44.4,10.7,328.4,0
2026-05-17 12:00:00,PZ-002,EQ-009,OBM,43.9,9.1,695.6,0
2026-05-17 18:00:00,PZ-002,EQ-009,OBM,81.6,13.2,402.9,0
2026-05-18 00:00:00,PZ-002,EQ-009,OBM,66.1,13.8,485.6,0
2026-05-18 06:00:00,PZ-002,EQ-009,OBM,81.7,13.4,734.4,0
2026-05-18 12:00:00,PZ-002,EQ-009,WBM,63.9,10.2,649.2,0
2026-05-18 18:00:00,PZ-002,EQ-009,OBM,76.4,12.2,399.4,0
2026-05-19 00:00:00,PZ-002,EQ-009,OBM,68.0,9.3,309.5,0
2026-05-19 06:00:00,PZ-002,EQ-009,WBM,76.6,14.9,442.2,0
2026-05-19 12:00:00,PZ-002,EQ-009,WBM,80.9,12.5,660.9,0
2026-05-19 18:00:00,PZ-002,EQ-009,OBM,57.4,11.4,649.0,0
2026-05-20 00:00:00,PZ-002,EQ-009,WBM,46.7,11.6,528.4,0
2026-05-20 06:00:00,PZ-002,EQ-009,OBM,41.6,10.7,406.5,0
2026-05-20 12:00:00,PZ-002,EQ-009,OBM,72.8,10.7,627.0,0
2026-05-20 18:00:00,PZ-002,EQ-009,OBM,83.1,14.4,798.3,0
2026-05-21 00:00:00,PZ-002,EQ-009,WBM,40.3,13.9,815.6,0
2026-05-21 06:00:00,PZ-002,EQ-009,OBM,73.6,15.5,655.8,0
2026-05-21 12:00:00,PZ-002,EQ-009,WBM,55.7,12.8,510.9,0
2026-05-21 18:00:00,PZ-002,EQ-009,OBM,54.2,15.9,556.4,0
2026-05-22 00:00:00,PZ-002,EQ-009,WBM,40.6,11.9,666.1,0
2026-05-22 06:00:00,PZ-002,EQ-009,OBM,59.5,11.2,803.8,0
2026-05-22 12:00:00,PZ-002,EQ-009,WBM,44.4,14.6,753.8,0
2026-05-22 18:00:00,PZ-002,EQ-009,WBM,73.7,15.6,507.8,0
2026-05-23 00:00:00,PZ-002,EQ-009,WBM,48.1,9.0,481.6,0
2026-05-23 06:00:00,PZ-002,EQ-009,OBM,49.3,11.7,313.8,0
2026-05-23 12:00:00,PZ-002,EQ-009,OBM,50.7,12.0,367.2,0
2026-05-23 18:00:00,PZ-002,EQ-009,WBM,63.6,14.1,604.3,0
2026-05-24 00:00:00,PZ-002,EQ-009,WBM,68.7,13.1,375.2,0
2026-05-24 06:00:00,PZ-002,EQ-009,OBM,47.3,9.9,831.1,0
2026-05-24 12:00:00,PZ-002,EQ-009,OBM,58.5,11.7,685.5,0
2026-05-24 18:00:00,PZ-002,EQ-009,OBM,56.4,10.9,624.8,0
2026-05-25 00:00:00,PZ-002,EQ-009,WBM,53.2,13.3,505.3,0
2026-05-25 06:00:00,PZ-002,EQ-009,OBM,83.0,14.4,522.9,0
2026-05-25 12:00:00,PZ-002,EQ-009,OBM,62.5,11.9,342.9,0
2026-05-25 18:00:00,PZ-002,EQ-009,WBM,42.9,12.8,765.2,0
2026-05-26 00:00:00,PZ-002,EQ-009,OBM,77.6,12.2,625.0,0
2026-05-26 06:00:00,PZ-002,EQ-009,OBM,72.6,15.5,421.0,0
2026-05-26 12:00:00,PZ-002,EQ-009,WBM,62.5,15.1,479.8,0
2026-05-26 18:00:00,PZ-002,EQ-009,WBM,60.1,10.1,490.4,0
2026-05-27 00:00:00,PZ-002,EQ-009,WBM,67.4,12.5,695.2,0
2026-05-27 06:00:00,PZ-002,EQ-009,OBM,69.0,10.9,367.8,0
2026-05-27 12:00:00,PZ-002,EQ-009,OBM,66.5,11.7,483.1,0
2026-05-27 18:00:00,PZ-002,EQ-009,OBM,66.2,12.7,749.0,0
2026-05-28 00:00:00,PZ-002,EQ-009,OBM,43.7,14.4,392.8,0
2026-05-28 06:00:00,PZ-002,EQ-009,OBM,66.0,15.2,566.5,0
2026-05-28 12:00:00,PZ-002,EQ-009,WBM,72.6,11.1,300.6,0
2026-05-28 18:00:00,PZ-002,EQ-009,OBM,46.8,12.5,416.8,0
2026-05-29 00:00:00,PZ-002,EQ-009,OBM,82.8,11.2,619.4,0
2026-05-29 06:00:00,PZ-002,EQ-009,OBM,70.3,10.3,570.9,0
2026-05-29 12:00:00,PZ-002,EQ-009,OBM,76.0,12.2,334.6,0
2026-05-29 18:00:00,PZ-002,EQ-009,OBM,81.6,13.0,338.3,0
2026-05-30 00:00:00,PZ-002,EQ-009,OBM,49.6,12.3,552.7,0
2026-05-30 06:00:00,PZ-002,EQ-009,WBM,66.2,10.7,545.5,0
2026-05-30 12:00:00,PZ-002,EQ-009,WBM,54.4,10.9,523.8,0
2026-05-30 18:00:00,PZ-002,EQ-009,OBM,64.9,15.6,806.6,0
2026-05-31 00:00:00,PZ-002,EQ-009,WBM,68.5,14.7,759.6,0
2026-05-31 06:00:00,PZ-002,EQ-009,WBM,83.8,12.3,516.5,0
2026-05-31 12:00:00,PZ-002,EQ-009,OBM,50.9,11.3,841.9,0
2026-05-31 18:00:00,PZ-002,EQ-009,OBM,78.2,12.7,478.4,0
2026-06-01 00:00:00,PZ-002,EQ-009,WBM,45.9,13.9,804.6,0
2026-06-01 06:00:00,PZ-002,EQ-009,WBM,58.1,9.0,581.2,0
2026-06-01 12:00:00,PZ-002,EQ-009,OBM,44.7,9.0,548.1,0
2026-06-01 18:00:00,PZ-002,EQ-009,OBM,81.4,9.3,517.6,0
2026-06-02 00:00:00,PZ-002,EQ-009,OBM,82.9,10.1,421.8,0
2026-06-02 06:00:00,PZ-002,EQ-009,WBM,72.6,10.2,588.3,0
2026-06-02 12:00:00,PZ-002,EQ-009,OBM,40.3,10.6,632.9,0
2026-06-02 18:00:00,PZ-002,EQ-009,OBM,59.6,15.0,644.0,0
2026-06-03 00:00:00,PZ-002,EQ-009,OBM,84.2,13.6,587.1,0
2026-06-03 06:00:00,PZ-002,EQ-009,WBM,84.4,13.9,460.1,0
2026-06-03 12:00:00,PZ-002,EQ-009,WBM,49.2,10.6,528.3,0
2026-06-03 18:00:00,PZ-002,EQ-009,OBM,49.5,10.3,559.2,0
2026-06-04 00:00:00,PZ-002,EQ-009,OBM,58.6,13.0,441.5,0
2026-06-04 06:00:00,PZ-002,EQ-009,WBM,65.7,13.9,670.5,0
2026-06-04 12:00:00,PZ-002,EQ-009,OBM,51.5,10.1,492.4,0
2026-06-04 18:00:00,PZ-002,EQ-009,WBM,69.2,15.0,461.2,0
2026-06-05 00:00:00,PZ-002,EQ-009,WBM,56.3,9.2,824.6,0
2026-06-05 06:00:00,PZ-002,EQ-009,OBM,46.4,14.7,773.1,0
2026-06-05 12:00:00,PZ-002,EQ-009,OBM,47.5,12.3,641.1,0
2026-06-05 18:00:00,PZ-002,EQ-009,OBM,49.7,10.2,439.4,0
2026-06-06 00:00:00,PZ-002,EQ-009,OBM,65.6,12.5,633.0,0
2026-06-06 06:00:00,PZ-002,EQ-009,WBM,70.9,12.2,584.6,0
2026-06-06 12:00:00,PZ-002,EQ-009,OBM,77.6,13.3,711.8,0
2026-06-06 18:00:00,PZ-002,EQ-009,OBM,57.8,14.5,557.5,0
2026-06-07 00:00:00,PZ-002,EQ-009,OBM,71.6,14.5,582.0,0
2026-06-07 06:00:00,PZ-002,EQ-009,OBM,83.0,14.3,394.1,0
2026-06-07 12:00:00,PZ-002,EQ-009,OBM,84.3,14.0,346.4,0
2026-06-07 18:00:00,PZ-002,EQ-009,OBM,77.8,14.1,503.1,0
2026-06-08 00:00:00,PZ-002,EQ-009,OBM,45.7,10.6,487.6,0
2026-06-08 06:00:00,PZ-002,EQ-009,WBM,42.6,15.1,458.9,0
2026-06-08 12:00:00,PZ-002,EQ-009,WBM,61.4,12.6,414.6,0
2026-06-08 18:00:00,PZ-002,EQ-009,OBM,56.8,13.1,576.3,0
2026-06-09 00:00:00,PZ-002,EQ-009,OBM,76.1,13.5,478.1,0
2026-06-09 06:00:00,PZ-002,EQ-009,OBM,52.0,11.9,680.6,0
2026-06-09 12:00:00,PZ-002,EQ-009,WBM,50.5,13.4,806.7,0
2026-06-09 18:00:00,PZ-002,EQ-009,OBM,61.4,14.6,578.0,0
2026-06-10 00:00:00,PZ-002,EQ-009,OBM,80.5,11.2,553.4,0
2026-06-10 06:00:00,PZ-002,EQ-009,WBM,75.0,10.4,736.3,0
2026-06-10 12:00:00,PZ-002,EQ-009,OBM,48.9,9.7,341.5,0
2026-06-10 18:00:00,PZ-002,EQ-009,OBM,40.1,15.1,782.3,0
2026-06-11 00:00:00,PZ-002,EQ-009,WBM,56.8,14.2,569.1,0
2026-06-11 06:00:00,PZ-002,EQ-009,WBM,83.8,10.1,699.3,0
2026-06-11 12:00:00,PZ-002,EQ-009,OBM,69.8,12.1,494.7,0
2026-06-11 18:00:00,PZ-002,EQ-009,WBM,75.4,13.8,617.7,0
2026-06-12 00:00:00,PZ-002,EQ-009,WBM,72.0,9.6,833.8,0
2026-06-12 06:00:00,PZ-002,EQ-009,WBM,44.7,11.9,830.0,0
2026-06-12 12:00:00,PZ-002,EQ-009,WBM,71.7,10.3,499.8,0
2026-06-12 18:00:00,PZ-002,EQ-009,OBM,47.3,12.8,771.7,0
2026-06-13 00:00:00,PZ-002,EQ-009,OBM,43.4,12.1,352.2,0
2026-06-13 06:00:00,PZ-002,EQ-009,WBM,52.9,9.5,470.6,0
2026-06-13 12:00:00,PZ-002,EQ-009,OBM,43.0,13.6,568.9,0
2026-06-13 18:00:00,PZ-002,EQ-009,OBM,55.4,10.2,603.5,0
2026-06-14 00:00:00,PZ-002,EQ-009,OBM,77.4,14.3,585.1,0
2026-06-14 06:00:00,PZ-002,EQ-009,OBM,63.9,12.6,690.0,0
2026-06-14 12:00:00,PZ-002,EQ-009,WBM,75.5,13.8,822.6,0
2026-06-14 18:00:00,PZ-002,EQ-009,WBM,45.5,14.4,337.3,0
2026-06-15 00:00:00,PZ-002,EQ-009,WBM,80.4,14.4,779.2,0
2026-06-15 06:00:00,PZ-002,EQ-009,OBM,44.2,10.4,470.4,0
2026-06-15 12:00:00,PZ-002,EQ-009,WBM,80.6,9.5,507.1,0
2026-06-15 18:00:00,PZ-002,EQ-009,OBM,46.4,15.2,591.6,0
2026-06-16 00:00:00,PZ-002,EQ-009,WBM,60.4,13.9,757.6,0
2026-06-16 06:00:00,PZ-002,EQ-009,OBM,45.3,14.0,491.5,0
2026-06-16 12:00:00,PZ-002,EQ-009,WBM,79.6,15.9,516.0,0
2026-06-16 18:00:00,PZ-002,EQ-009,OBM,72.3,9.3,606.5,0
2026-06-17 00:00:00,PZ-002,EQ-009,WBM,65.5,14.7,608.5,0
2026-06-17 06:00:00,PZ-002,EQ-009,OBM,47.0,11.7,667.7,0
2026-06-17 12:00:00,PZ-002,EQ-009,OBM,74.3,13.0,716.1,0
2026-06-17 18:00:00,PZ-002,EQ-009,WBM,69.4,15.1,833.4,0
2026-06-18 00:00:00,PZ-002,EQ-009,OBM,78.3,13.4,491.2,0
2026-06-18 06:00:00,PZ-002,EQ-009,OBM,67.3,13.3,765.9,0
2026-06-18 12:00:00,PZ-002,EQ-009,WBM,66.4,11.0,838.0,0
2026-06-18 18:00:00,PZ-002,EQ-009,OBM,79.5,9.6,751.4,0
2026-06-19 00:00:00,PZ-002,EQ-009,WBM,80.6,9.3,583.4,0
2026-06-19 06:00:00,PZ-002,EQ-009,WBM,79.9,14.4,408.3,0
2026-06-19 12:00:00,PZ-002,EQ-009,OBM,80.0,12.3,793.6,0
2026-06-19 18:00:00,PZ-002,EQ-009,OBM,84.1,10.7,392.7,0
2026-06-20 00:00:00,PZ-002,EQ-009,WBM,52.8,14.2,562.6,0
2026-06-20 06:00:00,PZ-002,EQ-009,WBM,48.8,12.1,643.5,0
2026-06-20 12:00:00,PZ-002,EQ-009,OBM,59.9,15.6,374.1,0
2026-06-20 18:00:00,PZ-002,EQ-009,OBM,76.9,13.2,829.6,0
2026-06-21 00:00:00,PZ-002,EQ-009,OBM,79.5,14.0,588.3,0
2026-06-21 06:00:00,PZ-002,EQ-009,OBM,61.6,13.3,343.6,0
2026-06-21 12:00:00,PZ-002,EQ-009,OBM,66.3,12.1,422.9,0
2026-06-21 18:00:00,PZ-002,EQ-009,OBM,50.1,13.4,624.4,0
2026-06-22 00:00:00,PZ-002,EQ-009,WBM,44.9,12.5,589.9,0
2026-06-22 06:00:00,PZ-002,EQ-009,OBM,62.3,11.4,475.4,0
2026-06-22 12:00:00,PZ-002,EQ-009,WBM,47.2,10.5,643.8,0
2026-06-22 18:00:00,PZ-002,EQ-009,WBM,47.8,10.5,640.6,0
2026-06-23 00:00:00,PZ-002,EQ-009,OBM,44.7,9.2,348.6,0
2026-06-23 06:00:00,PZ-002,EQ-009,OBM,83.1,11.4,417.0,0
2026-06-23 12:00:00,PZ-002,EQ-009,OBM,66.6,11.4,303.2,0
2026-06-23 18:00:00,PZ-002,EQ-009,OBM,63.5,14.7,465.2,0
2026-06-24 00:00:00,PZ-002,EQ-009,OBM,44.4,15.8,581.6,0
2026-06-24 06:00:00,PZ-002,EQ-009,OBM,56.3,14.2,778.6,0
2026-06-24 12:00:00,PZ-002,EQ-009,OBM,74.1,10.3,482.9,0
2026-06-24 18:00:00,PZ-002,EQ-009,OBM,76.0,13.3,398.9,0
2026-06-25 00:00:00,PZ-002,EQ-009,OBM,53.6,14.8,731.5,0
2026-06-25 06:00:00,PZ-002,EQ-009,WBM,64.4,14.0,784.3,0
2026-06-25 12:00:00,PZ-002,EQ-009,WBM,48.3,14.3,413.7,0
2026-06-25 18:00:00,PZ-002,EQ-009,WBM,44.1,10.8,456.7,0
2026-06-26 00:00:00,PZ-002,EQ-009,WBM,81.9,12.9,570.0,0
2026-06-26 06:00:00,PZ-002,EQ-009,OBM,41.0,15.9,606.6,0
2026-06-26 12:00:00,PZ-002,EQ-009,OBM,59.7,9.2,808.4,0
2026-06-26 18:00:00,PZ-002,EQ-009,OBM,83.3,10.7,439.8,0
2026-06-27 00:00:00,PZ-002,EQ-009,OBM,54.5,13.0,430.2,0
2026-06-27 06:00:00,PZ-002,EQ-009,WBM,73.3,15.4,551.7,0
2026-06-27 12:00:00,PZ-002,EQ-009,WBM,80.7,13.0,729.2,0
2026-06-27 18:00:00,PZ-002,EQ-009,WBM,63.8,15.7,349.3,0
2026-06-28 00:00:00,PZ-002,EQ-009,OBM,53.5,15.0,813.5,0
2026-06-28 06:00:00,PZ-002,EQ-009,WBM,55.0,9.3,757.3,0
2026-06-28 12:00:00,PZ-002,EQ-009,OBM,55.9,9.5,714.2,0
2026-06-28 18:00:00,PZ-002,EQ-009,OBM,72.9,14.8,710.3,0
2026-06-29 00:00:00,PZ-002,EQ-009,OBM,80.6,13.6,519.1,0
2026-06-29 06:00:00,PZ-002,EQ-009,WBM,64.5,10.9,421.7,0
2026-06-29 12:00:00,PZ-002,EQ-009,WBM,76.0,12.4,615.6,0
2026-06-29 18:00:00,PZ-002,EQ-009,WBM,58.5,14.7,723.6,0
2026-06-30 00:00:00,PZ-002,EQ-009,OBM,51.0,15.9,823.7,0
2026-06-30 06:00:00,PZ-002,EQ-009,OBM,76.1,14.0,684.9,0
2026-06-30 12:00:00,PZ-002,EQ-009,OBM,68.6,14.9,668.4,0
2026-06-30 18:00:00,PZ-002,EQ-009,WBM,56.7,10.0,578.2,0
2026-07-01 00:00:00,PZ-002,EQ-009,OBM,67.5,14.5,483.7,0
2026-07-01 06:00:00,PZ-002,EQ-009,OBM,71.4,11.1,601.8,0
2026-07-01 12:00:00,PZ-002,EQ-009,OBM,81.2,15.3,834.0,0
2026-07-01 18:00:00,PZ-002,EQ-009,OBM,77.5,10.9,535.1,0
2026-07-02 00:00:00,PZ-002,EQ-009,WBM,48.5,9.0,695.9,0
2026-07-02 06:00:00,PZ-002,EQ-009,WBM,74.3,14.8,836.4,0
2026-07-02 12:00:00,PZ-002,EQ-009,OBM,53.7,10.6,417.1,0
2026-07-02 18:00:00,PZ-002,EQ-009,OBM,40.0,10.4,403.6,0
2026-07-03 00:00:00,PZ-002,EQ-009,WBM,60.6,10.0,522.7,0
2026-07-03 06:00:00,PZ-002,EQ-009,OBM,44.4,14.5,611.6,0
2026-07-03 12:00:00,PZ-002,EQ-009,OBM,57.2,9.7,588.1,0
2026-07-03 18:00:00,PZ-002,EQ-009,OBM,73.3,14.8,712.9,0
2026-07-04 00:00:00,PZ-002,EQ-009,OBM,43.6,13.9,510.0,0
2026-07-04 06:00:00,PZ-002,EQ-009,OBM,67.6,11.5,316.9,0
2026-07-04 12:00:00,PZ-002,EQ-009,OBM,66.8,15.8,375.0,0
2026-07-04 18:00:00,PZ-002,EQ-009,OBM,63.6,9.6,620.6,0
2026-07-05 00:00:00,PZ-002,EQ-009,OBM,74.3,14.4,664.9,0
2026-07-05 06:00:00,PZ-002,EQ-009,OBM,74.9,15.7,343.4,0
2026-07-05 12:00:00,PZ-002,EQ-009,WBM,50.1,12.5,633.3,0
2026-07-05 18:00:00,PZ-002,EQ-009,OBM,50.5,12.2,353.2,0
2026-07-06 00:00:00,PZ-002,EQ-009,OBM,73.0,10.4,420.0,0
2026-07-06 06:00:00,PZ-002,EQ-009,WBM,61.7,14.9,574.5,0
2026-07-06 12:00:00,PZ-002,EQ-009,OBM,76.2,13.5,335.6,0
2026-07-06 18:00:00,PZ-002,EQ-009,OBM,48.8,13.1,763.6,0
2026-07-07 00:00:00,PZ-002,EQ-009,WBM,43.6,11.5,400.1,0
2026-07-07 06:00:00,PZ-002,EQ-009,OBM,73.7,12.1,360.5,0
2026-07-07 12:00:00,PZ-002,EQ-009,WBM,61.9,12.2,538.4,0
2026-07-07 18:00:00,PZ-002,EQ-009,OBM,53.4,13.3,431.7,0
2026-07-08 00:00:00,PZ-002,EQ-009,WBM,65.1,10.9,320.2,0
2026-07-08 06:00:00,PZ-002,EQ-009,WBM,56.6,12.3,537.9,0
2026-07-08 12:00:00,PZ-002,EQ-009,OBM,53.3,9.4,722.2,0
2026-07-08 18:00:00,PZ-002,EQ-009,OBM,57.8,14.0,816.8,0
2026-07-09 00:00:00,PZ-002,EQ-009,OBM,65.5,12.8,621.7,0
2026-07-09 06:00:00,PZ-002,EQ-009,OBM,46.5,9.1,643.6,0
2026-07-09 12:00:00,PZ-002,EQ-009,OBM,79.0,15.6,665.5,0
2026-07-09 18:00:00,PZ-002,EQ-009,WBM,62.1,10.3,491.6,0
2026-07-10 00:00:00,PZ-002,EQ-009,WBM,51.9,14.2,397.8,0
2026-07-10 06:00:00,PZ-002,EQ-009,WBM,72.4,13.3,681.9,0
2026-07-10 12:00:00,PZ-002,EQ-009,OBM,66.8,11.6,540.8,0
2026-07-10 18:00:00,PZ-002,EQ-009,OBM,68.9,10.3,597.4,0
2026-07-11 00:00:00,PZ-002,EQ-009,OBM,61.1,15.2,750.2,0
2026-07-11 06:00:00,PZ-002,EQ-009,OBM,41.9,14.2,567.4,0
2026-07-11 12:00:00,PZ-002,EQ-009,WBM,43.4,9.3,389.0,0
2026-07-11 18:00:00,PZ-002,EQ-009,OBM,51.2,11.6,752.5,0
2026-07-12 00:00:00,PZ-002,EQ-009,OBM,68.8,11.4,364.8,0
2026-07-12 06:00:00,PZ-002,EQ-009,WBM,46.3,10.9,329.1,0
2026-07-12 12:00:00,PZ-002,EQ-009,WBM,74.1,10.5,738.9,0
2026-07-12 18:00:00,PZ-002,EQ-009,OBM,55.0,13.1,321.3,0
2026-07-13 00:00:00,PZ-002,EQ-009,WBM,61.9,10.0,540.4,0
2026-07-13 06:00:00,PZ-002,EQ-009,WBM,66.8,15.8,547.1,0
2026-07-13 12:00:00,PZ-002,EQ-009,OBM,62.4,9.5,379.4,0
2026-07-13 18:00:00,PZ-002,EQ-009,OBM,67.6,12.7,508.4,0
2026-07-14 00:00:00,PZ-002,EQ-009,OBM,46.4,11.7,545.8,0
2026-07-14 06:00:00,PZ-002,EQ-009,WBM,69.0,10.0,336.0,0
2026-07-14 12:00:00,PZ-002,EQ-009,OBM,54.3,12.5,374.7,0
2026-07-14 18:00:00,PZ-002,EQ-009,WBM,74.1,12.8,453.4,0
2026-07-15 00:00:00,PZ-002,EQ-009,OBM,51.4,14.6,712.6,0
2026-07-15 06:00:00,PZ-002,EQ-009,OBM,61.9,13.7,753.1,0
2026-07-15 12:00:00,PZ-002,EQ-009,OBM,54.3,14.5,677.4,0
2026-07-15 18:00:00,PZ-002,EQ-009,OBM,43.3,9.0,590.9,0
2026-07-16 00:00:00,PZ-002,EQ-009,OBM,64.4,15.6,407.9,0
2026-07-16 06:00:00,PZ-002,EQ-009,WBM,68.9,12.5,497.8,0
2026-07-16 12:00:00,PZ-002,EQ-009,WBM,72.0,11.6,828.7,0
2026-07-16 18:00:00,PZ-002,EQ-009,OBM,49.2,9.7,471.9,0
2026-07-17 00:00:00,PZ-002,EQ-009,OBM,46.1,10.4,471.2,0
2026-07-17 06:00:00,PZ-002,EQ-009,WBM,73.6,13.3,780.6,0
2026-07-17 12:00:00,PZ-002,EQ-009,WBM,84.8,11.5,535.7,0
2026-07-17 18:00:00,PZ-002,EQ-009,WBM,57.4,9.6,376.6,0
2026-07-18 00:00:00,PZ-002,EQ-009,OBM,66.4,13.4,585.6,0
2026-07-18 06:00:00,PZ-002,EQ-009,OBM,78.2,14.7,400.5,0
2026-07-18 12:00:00,PZ-002,EQ-009,OBM,63.8,12.4,349.0,0
2026-07-18 18:00:00,PZ-002,EQ-009,OBM,68.4,10.8,453.6,0
2026-07-19 00:00:00,PZ-002,EQ-009,OBM,59.9,9.4,376.3,0
2026-07-19 06:00:00,PZ-002,EQ-009,OBM,42.2,11.3,682.3,0
2026-07-19 12:00:00,PZ-002,EQ-009,WBM,72.9,15.7,798.7,0
2026-07-19 18:00:00,PZ-002,EQ-009,OBM,50.6,13.4,653.8,0
2026-07-20 00:00:00,PZ-002,EQ-009,OBM,71.2,15.7,462.4,0
2026-07-20 06:00:00,PZ-002,EQ-009,OBM,45.9,13.1,348.9,0
2026-07-20 12:00:00,PZ-002,EQ-009,OBM,43.2,10.4,484.5,0
2026-07-20 18:00:00,PZ-002,EQ-009,OBM,63.8,11.7,547.9,0
2026-07-21 00:00:00,PZ-002,EQ-009,OBM,41.8,14.8,597.5,0
2026-07-21 06:00:00,PZ-002,EQ-009,OBM,78.7,15.6,598.9,0
2026-07-21 12:00:00,PZ-002,EQ-009,OBM,41.8,14.7,674.2,0
2026-07-21 18:00:00,PZ-002,EQ-009,OBM,42.4,13.3,368.6,0
2026-07-22 00:00:00,PZ-002,EQ-009,OBM,44.4,14.1,832.9,0
2026-07-22 06:00:00,PZ-002,EQ-009,WBM,77.9,15.0,703.0,0
2026-07-22 12:00:00,PZ-002,EQ-009,OBM,47.3,15.5,821.0,0
2026-07-22 18:00:00,PZ-002,EQ-009,WBM,78.6,12.5,627.2,0
2026-07-23 00:00:00,PZ-002,EQ-009,WBM,56.3,14.7,747.7,0
2026-07-23 06:00:00,PZ-002,EQ-009,WBM,71.8,10.0,731.8,0
2026-07-23 12:00:00,PZ-002,EQ-009,OBM,60.5,15.9,618.9,0
2026-07-23 18:00:00,PZ-002,EQ-009,WBM,73.1,12.5,309.9,0
2026-07-24 00:00:00,PZ-002,EQ-009,OBM,50.7,10.5,634.9,0
2026-07-24 06:00:00,PZ-002,EQ-009,WBM,82.0,15.5,410.3,0
2026-07-24 12:00:00,PZ-002,EQ-009,OBM,82.8,14.0,544.7,0
2026-07-24 18:00:00,PZ-002,EQ-009,OBM,67.3,11.3,580.6,0
2026-07-25 00:00:00,PZ-002,EQ-009,OBM,44.1,9.3,771.5,0
2026-07-25 06:00:00,PZ-002,EQ-009,OBM,46.7,10.8,498.7,0
2026-07-25 12:00:00,PZ-002,EQ-009,WBM,79.5,9.1,333.7,0
2026-07-25 18:00:00,PZ-002,EQ-009,WBM,72.5,10.0,430.5,0
2026-07-26 00:00:00,PZ-002,EQ-009,OBM,43.3,11.8,323.7,0
2026-07-26 06:00:00,PZ-002,EQ-009,OBM,44.3,15.0,397.8,0
2026-07-26 12:00:00,PZ-002,EQ-009,OBM,79.5,10.1,719.1,0
2026-07-26 18:00:00,PZ-002,EQ-009,OBM,76.5,13.5,782.4,0
2026-07-27 00:00:00,PZ-002,EQ-009,OBM,79.2,10.5,567.2,0
2026-07-27 06:00:00,PZ-002,EQ-009,OBM,51.4,11.5,786.8,0
2026-07-27 12:00:00,PZ-002,EQ-009,OBM,71.5,12.6,400.5,0
2026-07-27 18:00:00,PZ-002,EQ-009,WBM,40.8,15.1,745.0,0
2026-07-28 00:00:00,PZ-002,EQ-009,OBM,82.9,13.6,555.5,0
2026-07-28 06:00:00,PZ-002,EQ-009,OBM,47.1,11.8,818.5,0
2026-07-28 12:00:00,PZ-002,EQ-009,WBM,66.2,13.2,406.6,0
2026-07-28 18:00:00,PZ-002,EQ-009,OBM,50.9,14.9,558.7,0
2026-07-29 00:00:00,PZ-002,EQ-009,WBM,74.8,15.2,443.6,0
2026-07-29 06:00:00,PZ-002,EQ-009,WBM,75.7,12.1,372.6,0
2026-07-29 12:00:00,PZ-002,EQ-009,OBM,78.3,13.5,396.8,0
2026-07-29 18:00:00,PZ-002,EQ-009,OBM,43.4,14.3,520.8,0
2026-07-30 00:00:00,PZ-002,EQ-009,OBM,71.9,13.0,741.3,0
2026-07-30 06:00:00,PZ-002,EQ-009,OBM,71.4,10.4,328.8,0
2026-07-30 12:00:00,PZ-002,EQ-009,OBM,72.7,14.1,448.6,0
2026-07-30 18:00:00,PZ-002,EQ-009,OBM,78.5,11.1,465.6,0
2026-07-31 00:00:00,PZ-002,EQ-009,OBM,56.7,13.4,306.3,0
2026-05-01 00:00:00,PZ-002,EQ-010,OBM,77.4,14.9,611.5,0
2026-05-01 06:00:00,PZ-002,EQ-010,OBM,82.8,10.3,803.6,0
2026-05-01 12:00:00,PZ-002,EQ-010,WBM,59.8,13.3,427.0,0
2026-05-01 18:00:00,PZ-002,EQ-010,OBM,51.6,13.1,486.6,0
2026-05-02 00:00:00,PZ-002,EQ-010,OBM,55.8,16.0,610.1,0
2026-05-02 06:00:00,PZ-002,EQ-010,OBM,78.4,10.2,422.4,0
2026-05-02 12:00:00,PZ-002,EQ-010,OBM,48.9,15.8,370.2,0
2026-05-02 18:00:00,PZ-002,EQ-010,WBM,66.4,15.4,440.3,0
2026-05-03 00:00:00,PZ-002,EQ-010,WBM,68.4,9.9,570.2,0
2026-05-03 06:00:00,PZ-002,EQ-010,OBM,46.3,10.1,669.3,0
2026-05-03 12:00:00,PZ-002,EQ-010,OBM,76.6,15.8,524.5,0
2026-05-03 18:00:00,PZ-002,EQ-010,WBM,60.2,13.6,748.5,0
2026-05-04 00:00:00,PZ-002,EQ-010,OBM,69.8,12.9,450.7,0
2026-05-04 06:00:00,PZ-002,EQ-010,WBM,80.7,15.7,501.1,0
2026-05-04 12:00:00,PZ-002,EQ-010,OBM,60.5,9.2,805.9,0
2026-05-04 18:00:00,PZ-002,EQ-010,WBM,65.0,10.5,413.3,0
2026-05-05 00:00:00,PZ-002,EQ-010,WBM,65.8,16.0,772.5,0
2026-05-05 06:00:00,PZ-002,EQ-010,WBM,56.0,14.9,710.5,0
2026-05-05 12:00:00,PZ-002,EQ-010,OBM,60.8,9.6,848.1,0
2026-05-05 18:00:00,PZ-002,EQ-010,OBM,58.3,12.8,818.4,0
2026-05-06 00:00:00,PZ-002,EQ-010,WBM,46.8,14.5,334.1,0
2026-05-06 06:00:00,PZ-002,EQ-010,WBM,63.1,11.8,324.6,0
2026-05-06 12:00:00,PZ-002,EQ-010,OBM,52.6,14.1,618.2,0
2026-05-06 18:00:00,PZ-002,EQ-010,WBM,62.1,11.9,460.2,0
2026-05-07 00:00:00,PZ-002,EQ-010,OBM,69.5,10.3,593.4,0
2026-05-07 06:00:00,PZ-002,EQ-010,OBM,75.1,14.4,494.8,0
2026-05-07 12:00:00,PZ-002,EQ-010,OBM,68.2,10.0,673.8,0
2026-05-07 18:00:00,PZ-002,EQ-010,OBM,63.2,11.7,331.4,0
2026-05-08 00:00:00,PZ-002,EQ-010,OBM,40.9,12.3,812.1,0
2026-05-08 06:00:00,PZ-002,EQ-010,OBM,66.0,12.2,392.7,0
2026-05-08 12:00:00,PZ-002,EQ-010,OBM,81.4,9.7,416.0,0
2026-05-08 18:00:00,PZ-002,EQ-010,OBM,52.1,15.2,330.2,0
2026-05-09 00:00:00,PZ-002,EQ-010,OBM,69.6,11.6,730.1,0
2026-05-09 06:00:00,PZ-002,EQ-010,WBM,57.8,15.0,715.2,0
2026-05-09 12:00:00,PZ-002,EQ-010,OBM,45.8,14.9,732.8,0
2026-05-09 18:00:00,PZ-002,EQ-010,OBM,83.4,15.2,654.4,0
2026-05-10 00:00:00,PZ-002,EQ-010,OBM,65.9,11.8,468.7,0
2026-05-10 06:00:00,PZ-002,EQ-010,OBM,59.3,10.8,718.5,0
2026-05-10 12:00:00,PZ-002,EQ-010,WBM,56.6,15.2,715.4,0
2026-05-10 18:00:00,PZ-002,EQ-010,OBM,43.4,15.7,435.1,0
2026-05-11 00:00:00,PZ-002,EQ-010,OBM,75.9,14.9,520.7,0
2026-05-11 06:00:00,PZ-002,EQ-010,WBM,42.1,13.5,335.4,0
2026-05-11 12:00:00,PZ-002,EQ-010,OBM,48.9,12.8,400.6,0
2026-05-11 18:00:00,PZ-002,EQ-010,OBM,60.8,10.0,698.1,0
2026-05-12 00:00:00,PZ-002,EQ-010,OBM,61.6,12.2,768.3,0
2026-05-12 06:00:00,PZ-002,EQ-010,WBM,53.3,15.1,310.1,0
2026-05-12 12:00:00,PZ-002,EQ-010,OBM,68.0,14.3,699.1,0
2026-05-12 18:00:00,PZ-002,EQ-010,OBM,69.1,11.8,559.6,0
2026-05-13 00:00:00,PZ-002,EQ-010,OBM,52.2,11.4,811.9,0
2026-05-13 06:00:00,PZ-002,EQ-010,WBM,69.9,15.9,752.9,0
2026-05-13 12:00:00,PZ-002,EQ-010,WBM,79.4,12.7,789.1,0
2026-05-13 18:00:00,PZ-002,EQ-010,WBM,61.4,10.9,693.4,0
2026-05-14 00:00:00,PZ-002,EQ-010,OBM,79.9,12.2,724.4,0
2026-05-14 06:00:00,PZ-002,EQ-010,OBM,62.8,13.4,685.3,0
2026-05-14 12:00:00,PZ-002,EQ-010,OBM,82.8,12.3,685.6,0
2026-05-14 18:00:00,PZ-002,EQ-010,OBM,64.6,15.2,546.9,0
2026-05-15 00:00:00,PZ-002,EQ-010,OBM,70.3,14.9,376.2,0
2026-05-15 06:00:00,PZ-002,EQ-010,OBM,46.6,14.7,752.8,0
2026-05-15 12:00:00,PZ-002,EQ-010,WBM,70.0,15.2,534.0,0
2026-05-15 18:00:00,PZ-002,EQ-010,OBM,43.7,15.2,778.1,0
2026-05-16 00:00:00,PZ-002,EQ-010,OBM,73.8,10.4,667.1,0
2026-05-16 06:00:00,PZ-002,EQ-010,OBM,77.4,15.6,777.9,0
2026-05-16 12:00:00,PZ-002,EQ-010,WBM,78.1,13.3,509.2,0
2026-05-16 18:00:00,PZ-002,EQ-010,OBM,54.8,12.3,675.0,0
2026-05-17 00:00:00,PZ-002,EQ-010,OBM,60.3,11.7,431.9,0
2026-05-17 06:00:00,PZ-002,EQ-010,WBM,83.7,13.0,370.3,0
2026-05-17 12:00:00,PZ-002,EQ-010,OBM,64.0,9.2,823.0,0
2026-05-17 18:00:00,PZ-002,EQ-010,WBM,43.4,13.1,375.8,0
2026-05-18 00:00:00,PZ-002,EQ-010,WBM,68.0,9.8,472.3,0
2026-05-18 06:00:00,PZ-002,EQ-010,WBM,62.8,9.6,325.6,0
2026-05-18 12:00:00,PZ-002,EQ-010,WBM,44.3,12.0,803.3,0
2026-05-18 18:00:00,PZ-002,EQ-010,OBM,79.2,15.8,719.8,0
2026-05-19 00:00:00,PZ-002,EQ-010,WBM,48.2,13.8,847.2,0
2026-05-19 06:00:00,PZ-002,EQ-010,OBM,62.3,12.0,525.7,0
2026-05-19 12:00:00,PZ-002,EQ-010,WBM,73.7,15.1,785.6,0
2026-05-19 18:00:00,PZ-002,EQ-010,OBM,55.4,11.2,699.7,0
2026-05-20 00:00:00,PZ-002,EQ-010,WBM,56.8,14.1,479.8,0
2026-05-20 06:00:00,PZ-002,EQ-010,OBM,73.0,15.3,537.9,0
2026-05-20 12:00:00,PZ-002,EQ-010,WBM,59.4,14.0,307.2,0
2026-05-20 18:00:00,PZ-002,EQ-010,OBM,70.2,14.1,746.5,0
2026-05-21 00:00:00,PZ-002,EQ-010,OBM,59.8,15.9,613.0,0
2026-05-21 06:00:00,PZ-002,EQ-010,WBM,71.2,15.5,398.3,0
2026-05-21 12:00:00,PZ-002,EQ-010,OBM,81.2,10.9,507.5,0
2026-05-21 18:00:00,PZ-002,EQ-010,WBM,79.5,9.8,320.9,0
2026-05-22 00:00:00,PZ-002,EQ-010,WBM,45.1,9.5,715.6,0
2026-05-22 06:00:00,PZ-002,EQ-010,OBM,56.6,13.7,424.0,0
2026-05-22 12:00:00,PZ-002,EQ-010,OBM,65.2,14.4,716.8,0
2026-05-22 18:00:00,PZ-002,EQ-010,OBM,80.1,13.4,844.6,0
2026-05-23 00:00:00,PZ-002,EQ-010,WBM,54.4,13.0,696.8,0
2026-05-23 06:00:00,PZ-002,EQ-010,OBM,52.7,10.3,329.7,0
2026-05-23 12:00:00,PZ-002,EQ-010,OBM,54.7,13.3,328.7,0
2026-05-23 18:00:00,PZ-002,EQ-010,OBM,56.6,13.7,757.4,0
2026-05-24 00:00:00,PZ-002,EQ-010,WBM,61.9,14.1,725.7,0
2026-05-24 06:00:00,PZ-002,EQ-010,WBM,48.7,13.1,707.6,0
2026-05-24 12:00:00,PZ-002,EQ-010,WBM,72.3,11.1,391.5,0
2026-05-24 18:00:00,PZ-002,EQ-010,WBM,66.7,11.5,311.4,0
2026-05-25 00:00:00,PZ-002,EQ-010,WBM,69.7,9.7,608.4,0
2026-05-25 06:00:00,PZ-002,EQ-010,WBM,47.7,9.5,669.2,0
2026-05-25 12:00:00,PZ-002,EQ-010,OBM,44.5,10.0,468.6,0
2026-05-25 18:00:00,PZ-002,EQ-010,WBM,58.4,11.1,344.1,0
2026-05-26 00:00:00,PZ-002,EQ-010,OBM,75.5,13.6,582.8,0
2026-05-26 06:00:00,PZ-002,EQ-010,OBM,47.0,11.9,646.0,0
2026-05-26 12:00:00,PZ-002,EQ-010,OBM,70.2,10.0,490.4,0
2026-05-26 18:00:00,PZ-002,EQ-010,OBM,82.9,10.8,348.2,0
2026-05-27 00:00:00,PZ-002,EQ-010,OBM,64.8,9.3,835.8,0
2026-05-27 06:00:00,PZ-002,EQ-010,WBM,81.5,12.2,504.5,0
2026-05-27 12:00:00,PZ-002,EQ-010,OBM,69.7,9.4,826.7,0
2026-05-27 18:00:00,PZ-002,EQ-010,OBM,68.6,10.3,393.9,0
2026-05-28 00:00:00,PZ-002,EQ-010,OBM,69.5,12.5,700.0,0
2026-05-28 06:00:00,PZ-002,EQ-010,WBM,56.4,15.0,557.4,0
2026-05-28 12:00:00,PZ-002,EQ-010,OBM,75.8,9.4,849.4,0
2026-05-28 18:00:00,PZ-002,EQ-010,WBM,50.7,13.8,728.9,0
2026-05-29 00:00:00,PZ-002,EQ-010,WBM,53.8,13.2,394.5,0
2026-05-29 06:00:00,PZ-002,EQ-010,OBM,75.1,12.5,500.1,0
2026-05-29 12:00:00,PZ-002,EQ-010,WBM,83.2,14.4,414.4,0
2026-05-29 18:00:00,PZ-002,EQ-010,OBM,67.6,12.3,745.6,0
2026-05-30 00:00:00,PZ-002,EQ-010,OBM,78.4,14.3,728.2,0
2026-05-30 06:00:00,PZ-002,EQ-010,WBM,52.0,15.2,724.7,0
2026-05-30 12:00:00,PZ-002,EQ-010,WBM,68.2,10.0,577.1,0
2026-05-30 18:00:00,PZ-002,EQ-010,WBM,40.5,13.4,497.5,0
2026-05-31 00:00:00,PZ-002,EQ-010,WBM,47.6,15.6,476.0,0
2026-05-31 06:00:00,PZ-002,EQ-010,OBM,69.1,14.0,649.8,0
2026-05-31 12:00:00,PZ-002,EQ-010,WBM,84.5,14.8,623.9,0
2026-05-31 18:00:00,PZ-002,EQ-010,OBM,42.6,10.5,828.8,0
2026-06-01 00:00:00,PZ-002,EQ-010,WBM,74.3,12.7,307.2,0
2026-06-01 06:00:00,PZ-002,EQ-010,OBM,47.4,15.7,423.1,0
2026-06-01 12:00:00,PZ-002,EQ-010,WBM,67.1,11.6,494.2,0
2026-06-01 18:00:00,PZ-002,EQ-010,WBM,75.9,13.0,842.4,0
2026-06-02 00:00:00,PZ-002,EQ-010,WBM,42.3,15.2,762.7,0
2026-06-02 06:00:00,PZ-002,EQ-010,OBM,62.0,15.8,822.5,0
2026-06-02 12:00:00,PZ-002,EQ-010,OBM,80.9,10.5,757.1,0
2026-06-02 18:00:00,PZ-002,EQ-010,OBM,65.7,9.6,628.6,0
2026-06-03 00:00:00,PZ-002,EQ-010,WBM,57.7,13.2,505.8,0
2026-06-03 06:00:00,PZ-002,EQ-010,WBM,82.3,14.3,300.7,0
2026-06-03 12:00:00,PZ-002,EQ-010,OBM,40.4,11.6,633.7,0
2026-06-03 18:00:00,PZ-002,EQ-010,OBM,59.1,10.1,837.0,0
2026-06-04 00:00:00,PZ-002,EQ-010,OBM,46.4,11.3,543.1,0
2026-06-04 06:00:00,PZ-002,EQ-010,OBM,47.1,12.9,665.0,0
2026-06-04 12:00:00,PZ-002,EQ-010,OBM,48.3,10.6,663.7,0
2026-06-04 18:00:00,PZ-002,EQ-010,OBM,45.8,14.6,639.4,0
2026-06-05 00:00:00,PZ-002,EQ-010,WBM,76.5,13.0,359.8,0
2026-06-05 06:00:00,PZ-002,EQ-010,WBM,63.3,14.9,539.9,0
2026-06-05 12:00:00,PZ-002,EQ-010,OBM,65.9,13.0,444.1,0
2026-06-05 18:00:00,PZ-002,EQ-010,OBM,57.9,15.9,785.0,0
2026-06-06 00:00:00,PZ-002,EQ-010,OBM,60.8,10.3,468.2,0
2026-06-06 06:00:00,PZ-002,EQ-010,OBM,79.7,10.0,579.6,0
2026-06-06 12:00:00,PZ-002,EQ-010,OBM,80.0,15.9,363.7,0
2026-06-06 18:00:00,PZ-002,EQ-010,WBM,70.7,11.6,703.3,0
2026-06-07 00:00:00,PZ-002,EQ-010,OBM,74.6,12.8,596.7,0
2026-06-07 06:00:00,PZ-002,EQ-010,OBM,64.6,12.2,795.4,0
2026-06-07 12:00:00,PZ-002,EQ-010,OBM,56.9,14.0,517.4,0
2026-06-07 18:00:00,PZ-002,EQ-010,WBM,43.2,11.3,553.4,0
2026-06-08 00:00:00,PZ-002,EQ-010,WBM,80.6,10.6,405.0,0
2026-06-08 06:00:00,PZ-002,EQ-010,OBM,42.0,10.5,550.6,0
2026-06-08 12:00:00,PZ-002,EQ-010,OBM,63.0,10.1,792.0,0
2026-06-08 18:00:00,PZ-002,EQ-010,OBM,75.1,15.7,574.2,0
2026-06-09 00:00:00,PZ-002,EQ-010,WBM,70.5,12.2,540.7,0
2026-06-09 06:00:00,PZ-002,EQ-010,WBM,79.7,15.0,578.5,0
2026-06-09 12:00:00,PZ-002,EQ-010,WBM,84.7,9.8,624.6,0
2026-06-09 18:00:00,PZ-002,EQ-010,OBM,75.1,13.5,364.2,0
2026-06-10 00:00:00,PZ-002,EQ-010,WBM,79.7,14.2,716.6,0
2026-06-10 06:00:00,PZ-002,EQ-010,OBM,46.7,11.3,375.3,0
2026-06-10 12:00:00,PZ-002,EQ-010,WBM,71.6,13.8,552.6,0
2026-06-10 18:00:00,PZ-002,EQ-010,WBM,54.4,13.9,362.6,0
2026-06-11 00:00:00,PZ-002,EQ-010,OBM,48.4,14.0,667.7,0
2026-06-11 06:00:00,PZ-002,EQ-010,WBM,47.1,10.7,501.2,0
2026-06-11 12:00:00,PZ-002,EQ-010,OBM,81.6,9.4,306.4,0
2026-06-11 18:00:00,PZ-002,EQ-010,WBM,55.0,12.8,356.3,0
2026-06-12 00:00:00,PZ-002,EQ-010,WBM,68.5,14.8,394.1,0
2026-06-12 06:00:00,PZ-002,EQ-010,OBM,81.5,10.5,632.5,0
2026-06-12 12:00:00,PZ-002,EQ-010,OBM,67.3,12.5,802.1,0
2026-06-12 18:00:00,PZ-002,EQ-010,WBM,67.4,13.4,541.5,0
2026-06-13 00:00:00,PZ-002,EQ-010,OBM,73.0,9.8,416.7,0
2026-06-13 06:00:00,PZ-002,EQ-010,OBM,81.2,11.1,708.0,0
2026-06-13 12:00:00,PZ-002,EQ-010,WBM,64.8,13.4,564.6,0
2026-06-13 18:00:00,PZ-002,EQ-010,OBM,78.3,14.6,568.4,0
2026-06-14 00:00:00,PZ-002,EQ-010,OBM,62.1,10.7,579.0,0
2026-06-14 06:00:00,PZ-002,EQ-010,OBM,55.1,10.8,826.1,0
2026-06-14 12:00:00,PZ-002,EQ-010,OBM,68.1,14.9,717.5,0
2026-06-14 18:00:00,PZ-002,EQ-010,OBM,48.6,15.6,520.8,0
2026-06-15 00:00:00,PZ-002,EQ-010,WBM,64.3,13.3,848.7,0
2026-06-15 06:00:00,PZ-002,EQ-010,OBM,55.7,15.9,550.5,0
2026-06-15 12:00:00,PZ-002,EQ-010,WBM,62.8,15.8,820.9,0
2026-06-15 18:00:00,PZ-002,EQ-010,OBM,47.9,14.1,639.9,0
2026-06-16 00:00:00,PZ-002,EQ-010,WBM,44.9,14.1,377.9,0
2026-06-16 06:00:00,PZ-002,EQ-010,WBM,64.8,13.9,676.6,0
2026-06-16 12:00:00,PZ-002,EQ-010,OBM,57.9,15.0,482.0,0
2026-06-16 18:00:00,PZ-002,EQ-010,OBM,56.2,14.9,480.3,0
2026-06-17 00:00:00,PZ-002,EQ-010,WBM,57.4,11.4,749.2,0
2026-06-17 06:00:00,PZ-002,EQ-010,OBM,77.1,13.9,832.1,0
2026-06-17 12:00:00,PZ-002,EQ-010,WBM,72.1,12.7,309.0,0
2026-06-17 18:00:00,PZ-002,EQ-010,OBM,81.7,14.6,840.0,0
2026-06-18 00:00:00,PZ-002,EQ-010,WBM,53.0,9.2,351.8,0
2026-06-18 06:00:00,PZ-002,EQ-010,OBM,78.1,15.0,638.9,0
2026-06-18 12:00:00,PZ-002,EQ-010,OBM,80.0,12.2,452.5,0
2026-06-18 18:00:00,PZ-002,EQ-010,WBM,62.7,11.3,664.6,0
2026-06-19 00:00:00,PZ-002,EQ-010,WBM,80.5,9.0,500.3,0
2026-06-19 06:00:00,PZ-002,EQ-010,OBM,42.3,12.9,462.2,0
2026-06-19 12:00:00,PZ-002,EQ-010,OBM,49.8,10.6,451.3,0
2026-06-19 18:00:00,PZ-002,EQ-010,OBM,40.8,10.7,537.0,0
2026-06-20 00:00:00,PZ-002,EQ-010,OBM,75.4,13.4,485.9,0
2026-06-20 06:00:00,PZ-002,EQ-010,OBM,66.8,14.5,712.0,0
2026-06-20 12:00:00,PZ-002,EQ-010,WBM,73.6,10.4,728.7,0
2026-06-20 18:00:00,PZ-002,EQ-010,OBM,61.3,10.3,354.8,0
2026-06-21 00:00:00,PZ-002,EQ-010,OBM,69.3,10.0,814.2,0
2026-06-21 06:00:00,PZ-002,EQ-010,OBM,66.8,14.4,705.0,0
2026-06-21 12:00:00,PZ-002,EQ-010,WBM,66.1,13.8,789.6,0
2026-06-21 18:00:00,PZ-002,EQ-010,OBM,63.0,14.8,535.0,0
2026-06-22 00:00:00,PZ-002,EQ-010,WBM,76.8,15.9,441.0,0
2026-06-22 06:00:00,PZ-002,EQ-010,OBM,67.9,15.7,438.7,0
2026-06-22 12:00:00,PZ-002,EQ-010,OBM,43.8,10.8,369.3,0
2026-06-22 18:00:00,PZ-002,EQ-010,WBM,82.9,10.9,544.1,0
2026-06-23 00:00:00,PZ-002,EQ-010,OBM,67.8,13.9,755.9,0
2026-06-23 06:00:00,PZ-002,EQ-010,OBM,80.1,12.7,452.5,0
2026-06-23 12:00:00,PZ-002,EQ-010,OBM,80.8,9.3,518.6,0
2026-06-23 18:00:00,PZ-002,EQ-010,WBM,82.4,15.7,785.2,0
2026-06-24 00:00:00,PZ-002,EQ-010,OBM,79.1,14.4,646.6,0
2026-06-24 06:00:00,PZ-002,EQ-010,OBM,83.9,9.4,376.4,0
2026-06-24 12:00:00,PZ-002,EQ-010,WBM,75.2,10.1,836.9,0
2026-06-24 18:00:00,PZ-002,EQ-010,OBM,52.4,13.1,332.2,0
2026-06-25 00:00:00,PZ-002,EQ-010,OBM,48.4,10.6,736.1,0
2026-06-25 06:00:00,PZ-002,EQ-010,OBM,41.0,11.4,684.4,0
2026-06-25 12:00:00,PZ-002,EQ-010,OBM,80.9,9.7,844.9,0
2026-06-25 18:00:00,PZ-002,EQ-010,WBM,40.2,11.9,646.4,0
2026-06-26 00:00:00,PZ-002,EQ-010,OBM,72.2,11.5,703.9,0
2026-06-26 06:00:00,PZ-002,EQ-010,WBM,53.8,12.2,573.9,0
2026-06-26 12:00:00,PZ-002,EQ-010,WBM,70.0,13.5,617.8,0
2026-06-26 18:00:00,PZ-002,EQ-010,OBM,56.0,12.4,807.0,0
2026-06-27 00:00:00,PZ-002,EQ-010,WBM,59.7,14.7,729.0,0
2026-06-27 06:00:00,PZ-002,EQ-010,WBM,60.9,12.9,849.9,0
2026-06-27 12:00:00,PZ-002,EQ-010,OBM,62.1,11.5,747.1,0
2026-06-27 18:00:00,PZ-002,EQ-010,OBM,60.6,9.5,675.4,0
2026-06-28 00:00:00,PZ-002,EQ-010,WBM,55.9,14.2,571.8,0
2026-06-28 06:00:00,PZ-002,EQ-010,OBM,58.5,15.5,574.8,0
2026-06-28 12:00:00,PZ-002,EQ-010,WBM,74.2,14.0,797.2,0
2026-06-28 18:00:00,PZ-002,EQ-010,OBM,70.6,9.7,525.8,0
2026-06-29 00:00:00,PZ-002,EQ-010,OBM,84.3,9.4,694.8,0
2026-06-29 06:00:00,PZ-002,EQ-010,OBM,83.7,9.9,792.8,0
2026-06-29 12:00:00,PZ-002,EQ-010,WBM,80.6,12.0,747.8,0
2026-06-29 18:00:00,PZ-002,EQ-010,OBM,68.6,10.0,657.3,0
2026-06-30 00:00:00,PZ-002,EQ-010,OBM,47.7,9.2,416.5,0
2026-06-30 06:00:00,PZ-002,EQ-010,OBM,62.6,10.7,676.8,0
2026-06-30 12:00:00,PZ-002,EQ-010,WBM,79.7,13.5,692.2,0
2026-06-30 18:00:00,PZ-002,EQ-010,WBM,78.9,14.8,367.8,0
2026-07-01 00:00:00,PZ-002,EQ-010,OBM,69.3,15.0,377.1,0
2026-07-01 06:00:00,PZ-002,EQ-010,WBM,57.5,9.1,794.1,0
2026-07-01 12:00:00,PZ-002,EQ-010,OBM,42.7,10.6,442.7,0
2026-07-01 18:00:00,PZ-002,EQ-010,OBM,57.4,10.4,335.7,0
2026-07-02 00:00:00,PZ-002,EQ-010,OBM,60.0,14.1,675.3,0
2026-07-02 06:00:00,PZ-002,EQ-010,WBM,74.0,14.0,507.9,0
2026-07-02 12:00:00,PZ-002,EQ-010,WBM,53.0,9.1,426.5,0
2026-07-02 18:00:00,PZ-002,EQ-010,WBM,44.7,15.3,622.0,0
2026-07-03 00:00:00,PZ-002,EQ-010,WBM,70.5,10.4,640.1,0
2026-07-03 06:00:00,PZ-002,EQ-010,WBM,81.9,12.9,809.8,0
2026-07-03 12:00:00,PZ-002,EQ-010,WBM,58.0,13.9,611.2,0
2026-07-03 18:00:00,PZ-002,EQ-010,WBM,71.9,11.3,399.1,0
2026-07-04 00:00:00,PZ-002,EQ-010,OBM,46.2,10.4,524.5,0
2026-07-04 06:00:00,PZ-002,EQ-010,WBM,46.7,9.0,833.6,0
2026-07-04 12:00:00,PZ-002,EQ-010,OBM,84.8,13.7,337.9,0
2026-07-04 18:00:00,PZ-002,EQ-010,OBM,68.4,14.9,794.0,0
2026-07-05 00:00:00,PZ-002,EQ-010,WBM,48.5,9.5,403.8,0
2026-07-05 06:00:00,PZ-002,EQ-010,WBM,47.5,12.1,487.1,0
2026-07-05 12:00:00,PZ-002,EQ-010,OBM,69.0,15.6,359.3,0
2026-07-05 18:00:00,PZ-002,EQ-010,OBM,62.8,14.4,418.5,0
2026-07-06 00:00:00,PZ-002,EQ-010,OBM,68.6,9.7,792.4,0
2026-07-06 06:00:00,PZ-002,EQ-010,OBM,41.7,14.6,375.9,0
2026-07-06 12:00:00,PZ-002,EQ-010,OBM,51.9,13.6,634.4,0
2026-07-06 18:00:00,PZ-002,EQ-010,OBM,81.6,10.1,628.4,0
2026-07-07 00:00:00,PZ-002,EQ-010,OBM,52.9,11.5,315.9,0
2026-07-07 06:00:00,PZ-002,EQ-010,OBM,62.5,11.7,596.7,0
2026-07-07 12:00:00,PZ-002,EQ-010,WBM,60.9,10.9,399.0,0
2026-07-07 18:00:00,PZ-002,EQ-010,OBM,46.9,9.2,435.7,0
2026-07-08 00:00:00,PZ-002,EQ-010,OBM,66.8,15.5,544.9,0
2026-07-08 06:00:00,PZ-002,EQ-010,WBM,50.8,13.5,508.0,0
2026-07-08 12:00:00,PZ-002,EQ-010,WBM,67.8,10.9,328.0,0
2026-07-08 18:00:00,PZ-002,EQ-010,OBM,83.7,14.0,675.5,0
2026-07-09 00:00:00,PZ-002,EQ-010,WBM,48.5,11.0,789.6,0
2026-07-09 06:00:00,PZ-002,EQ-010,OBM,63.5,14.0,360.6,0
2026-07-09 12:00:00,PZ-002,EQ-010,OBM,52.0,11.1,408.7,0
2026-07-09 18:00:00,PZ-002,EQ-010,WBM,68.9,12.2,604.6,0
2026-07-10 00:00:00,PZ-002,EQ-010,OBM,75.3,9.2,510.9,0
2026-07-10 06:00:00,PZ-002,EQ-010,OBM,73.2,15.3,430.0,0
2026-07-10 12:00:00,PZ-002,EQ-010,WBM,56.7,12.7,329.3,0
2026-07-10 18:00:00,PZ-002,EQ-010,OBM,77.3,10.9,796.8,0
2026-07-11 00:00:00,PZ-002,EQ-010,OBM,75.0,14.7,615.6,0
2026-07-11 06:00:00,PZ-002,EQ-010,OBM,72.1,15.9,597.7,0
2026-07-11 12:00:00,PZ-002,EQ-010,OBM,84.1,10.2,479.3,0
2026-07-11 18:00:00,PZ-002,EQ-010,WBM,41.0,11.4,776.0,0
2026-07-12 00:00:00,PZ-002,EQ-010,OBM,74.3,15.7,842.0,0
2026-07-12 06:00:00,PZ-002,EQ-010,OBM,41.6,14.2,653.5,0
2026-07-12 12:00:00,PZ-002,EQ-010,OBM,45.8,15.1,496.8,0
2026-07-12 18:00:00,PZ-002,EQ-010,WBM,49.3,15.9,714.2,0
2026-07-13 00:00:00,PZ-002,EQ-010,WBM,47.4,12.5,572.1,0
2026-07-13 06:00:00,PZ-002,EQ-010,OBM,56.3,10.3,482.6,0
2026-07-13 12:00:00,PZ-002,EQ-010,OBM,61.7,12.7,376.4,0
2026-07-13 18:00:00,PZ-002,EQ-010,OBM,70.8,9.1,595.4,0
2026-07-14 00:00:00,PZ-002,EQ-010,OBM,84.8,15.0,335.1,0
2026-07-14 06:00:00,PZ-002,EQ-010,OBM,76.0,11.9,475.8,0
2026-07-14 12:00:00,PZ-002,EQ-010,WBM,56.1,15.0,320.9,0
2026-07-14 18:00:00,PZ-002,EQ-010,WBM,58.1,16.0,395.3,0
2026-07-15 00:00:00,PZ-002,EQ-010,OBM,79.7,9.2,713.4,0
2026-07-15 06:00:00,PZ-002,EQ-010,OBM,62.3,15.9,324.1,0
2026-07-15 12:00:00,PZ-002,EQ-010,WBM,60.2,15.4,608.0,0
2026-07-15 18:00:00,PZ-002,EQ-010,OBM,58.7,15.8,629.6,0
2026-07-16 00:00:00,PZ-002,EQ-010,OBM,74.7,13.4,430.5,0
2026-07-16 06:00:00,PZ-002,EQ-010,OBM,73.4,16.0,741.4,0
2026-07-16 12:00:00,PZ-002,EQ-010,OBM,46.8,12.5,619.3,0
2026-07-16 18:00:00,PZ-002,EQ-010,OBM,74.3,14.0,848.4,0
2026-07-17 00:00:00,PZ-002,EQ-010,OBM,64.8,11.2,388.3,0
2026-07-17 06:00:00,PZ-002,EQ-010,OBM,77.1,12.8,421.0,0
2026-07-17 12:00:00,PZ-002,EQ-010,WBM,83.8,9.0,842.1,0
2026-07-17 18:00:00,PZ-002,EQ-010,OBM,61.4,15.7,517.6,0
2026-07-18 00:00:00,PZ-002,EQ-010,WBM,82.5,9.1,600.3,0
2026-07-18 06:00:00,PZ-002,EQ-010,WBM,44.0,15.0,625.1,0
2026-07-18 12:00:00,PZ-002,EQ-010,OBM,83.7,12.6,651.3,0
2026-07-18 18:00:00,PZ-002,EQ-010,OBM,78.1,13.5,740.7,0
2026-07-19 00:00:00,PZ-002,EQ-010,WBM,69.3,10.4,620.8,0
2026-07-19 06:00:00,PZ-002,EQ-010,OBM,41.4,9.6,342.4,0
2026-07-19 12:00:00,PZ-002,EQ-010,OBM,78.0,14.2,793.3,0
2026-07-19 18:00:00,PZ-002,EQ-010,WBM,42.6,15.0,701.7,0
2026-07-20 00:00:00,PZ-002,EQ-010,WBM,57.1,15.7,335.1,0
2026-07-20 06:00:00,PZ-002,EQ-010,WBM,41.8,14.2,482.0,0
2026-07-20 12:00:00,PZ-002,EQ-010,OBM,64.1,14.4,619.6,0
2026-07-20 18:00:00,PZ-002,EQ-010,OBM,66.5,9.1,795.9,0
2026-07-21 00:00:00,PZ-002,EQ-010,OBM,79.7,12.1,579.2,0
2026-07-21 06:00:00,PZ-002,EQ-010,OBM,80.3,14.5,369.6,0
2026-07-21 12:00:00,PZ-002,EQ-010,OBM,66.8,14.5,723.0,0
2026-07-21 18:00:00,PZ-002,EQ-010,WBM,72.6,12.5,613.8,0
2026-07-22 00:00:00,PZ-002,EQ-010,OBM,52.2,10.0,460.5,0
2026-07-22 06:00:00,PZ-002,EQ-010,WBM,65.6,9.4,580.4,0
2026-07-22 12:00:00,PZ-002,EQ-010,OBM,59.0,11.0,797.3,0
2026-07-22 18:00:00,PZ-002,EQ-010,OBM,81.6,12.8,782.0,0
2026-07-23 00:00:00,PZ-002,EQ-010,OBM,60.6,9.1,543.8,0
2026-07-23 06:00:00,PZ-002,EQ-010,OBM,82.2,9.6,480.1,0
2026-07-23 12:00:00,PZ-002,EQ-010,OBM,74.9,12.1,314.9,0
2026-07-23 18:00:00,PZ-002,EQ-010,OBM,63.1,13.1,389.6,0
2026-07-24 00:00:00,PZ-002,EQ-010,WBM,59.4,15.5,587.0,0
2026-07-24 06:00:00,PZ-002,EQ-010,WBM,57.3,13.4,542.0,0
2026-07-24 12:00:00,PZ-002,EQ-010,OBM,50.9,9.6,313.4,0
2026-07-24 18:00:00,PZ-002,EQ-010,WBM,55.1,14.4,694.0,0
2026-07-25 00:00:00,PZ-002,EQ-010,OBM,52.7,15.2,519.6,0
2026-07-25 06:00:00,PZ-002,EQ-010,OBM,44.4,15.8,376.2,0
2026-07-25 12:00:00,PZ-002,EQ-010,WBM,43.4,10.1,324.7,0
2026-07-25 18:00:00,PZ-002,EQ-010,OBM,55.3,9.9,655.1,0
2026-07-26 00:00:00,PZ-002,EQ-010,WBM,52.6,15.8,398.3,0
2026-07-26 06:00:00,PZ-002,EQ-010,WBM,82.0,15.9,748.1,0
2026-07-26 12:00:00,PZ-002,EQ-010,OBM,50.9,15.2,803.0,0
2026-07-26 18:00:00,PZ-002,EQ-010,OBM,47.4,12.0,647.3,0
2026-07-27 00:00:00,PZ-002,EQ-010,WBM,40.0,14.6,789.1,0
2026-07-27 06:00:00,PZ-002,EQ-010,OBM,64.7,10.9,849.6,0
2026-07-27 12:00:00,PZ-002,EQ-010,OBM,70.7,14.9,305.3,0
2026-07-27 18:00:00,PZ-002,EQ-010,OBM,80.3,13.8,527.4,0
2026-07-28 00:00:00,PZ-002,EQ-010,OBM,73.4,13.2,460.3,0
2026-07-28 06:00:00,PZ-002,EQ-010,OBM,75.6,10.5,489.2,0
2026-07-28 12:00:00,PZ-002,EQ-010,WBM,63.1,12.4,713.2,0
2026-07-28 18:00:00,PZ-002,EQ-010,WBM,81.7,13.0,357.6,0
2026-07-29 00:00:00,PZ-002,EQ-010,OBM,48.8,13.3,531.1,0
2026-07-29 06:00:00,PZ-002,EQ-010,OBM,66.9,9.1,783.9,0
2026-07-29 12:00:00,PZ-002,EQ-010,OBM,62.3,13.9,338.1,0
2026-07-29 18:00:00,PZ-002,EQ-010,WBM,55.8,9.8,380.8,0
2026-07-30 00:00:00,PZ-002,EQ-010,WBM,80.1,11.6,698.4,0
2026-07-30 06:00:00,PZ-002,EQ-010,OBM,61.7,15.8,765.4,0
2026-07-30 12:00:00,PZ-002,EQ-010,OBM,48.7,12.9,341.0,0
2026-07-30 18:00:00,PZ-002,EQ-010,WBM,72.4,12.4,713.1,0
2026-07-31 00:00:00,PZ-002,EQ-010,WBM,73.1,14.8,796.9,0
2026-05-01 00:00:00,PZ-003,EQ-011,OBM,73.8,10.1,390.3,170
2026-05-01 06:00:00,PZ-003,EQ-011,OBM,84.9,12.0,699.4,170
2026-05-01 12:00:00,PZ-003,EQ-011,OBM,62.8,10.8,670.1,170
2026-05-01 18:00:00,PZ-003,EQ-011,WBM,43.5,9.1,504.0,100
2026-05-02 00:00:00,PZ-003,EQ-011,OBM,58.9,10.6,389.7,100
2026-05-02 06:00:00,PZ-003,EQ-011,WBM,76.4,10.3,459.4,230
2026-05-02 12:00:00,PZ-003,EQ-011,OBM,69.4,11.9,355.1,170
2026-05-02 18:00:00,PZ-003,EQ-011,OBM,56.2,11.5,451.7,140
2026-05-03 00:00:00,PZ-003,EQ-011,WBM,51.0,15.2,591.9,170
2026-05-03 06:00:00,PZ-003,EQ-011,OBM,58.4,14.6,536.7,170
2026-05-03 12:00:00,PZ-003,EQ-011,OBM,71.1,10.7,594.2,170
2026-05-03 18:00:00,PZ-003,EQ-011,OBM,61.2,15.8,341.6,140
2026-05-04 00:00:00,PZ-003,EQ-011,OBM,68.3,12.3,368.7,140
2026-05-04 06:00:00,PZ-003,EQ-011,OBM,69.9,13.2,411.6,100
2026-05-04 12:00:00,PZ-003,EQ-011,WBM,82.9,14.9,443.3,100
2026-05-04 18:00:00,PZ-003,EQ-011,OBM,41.3,11.4,752.9,170
2026-05-05 00:00:00,PZ-003,EQ-011,OBM,47.6,15.8,820.0,100
2026-05-05 06:00:00,PZ-003,EQ-011,OBM,51.5,13.2,676.7,170
2026-05-05 12:00:00,PZ-003,EQ-011,OBM,64.3,11.7,400.0,200
2026-05-05 18:00:00,PZ-003,EQ-011,OBM,63.0,11.7,551.6,230
2026-05-06 00:00:00,PZ-003,EQ-011,WBM,41.1,14.8,803.9,230
2026-05-06 06:00:00,PZ-003,EQ-011,OBM,54.8,11.9,775.2,230
2026-05-06 12:00:00,PZ-003,EQ-011,WBM,42.4,14.4,666.3,170
2026-05-06 18:00:00,PZ-003,EQ-011,WBM,50.7,13.0,462.3,230
2026-05-07 00:00:00,PZ-003,EQ-011,OBM,72.0,11.6,527.4,200
2026-05-07 06:00:00,PZ-003,EQ-011,OBM,71.3,15.3,690.0,100
2026-05-07 12:00:00,PZ-003,EQ-011,OBM,56.1,11.3,350.4,230
2026-05-07 18:00:00,PZ-003,EQ-011,OBM,49.5,12.7,656.8,230
2026-05-08 00:00:00,PZ-003,EQ-011,WBM,70.4,11.1,493.0,140
2026-05-08 06:00:00,PZ-003,EQ-011,WBM,79.6,15.5,313.4,230
2026-05-08 12:00:00,PZ-003,EQ-011,OBM,50.9,13.1,677.1,140
2026-05-08 18:00:00,PZ-003,EQ-011,OBM,65.8,10.4,679.0,200
2026-05-09 00:00:00,PZ-003,EQ-011,OBM,80.4,12.2,726.4,100
2026-05-09 06:00:00,PZ-003,EQ-011,OBM,42.7,13.2,744.6,170
2026-05-09 12:00:00,PZ-003,EQ-011,OBM,48.5,10.5,337.0,100
2026-05-09 18:00:00,PZ-003,EQ-011,OBM,51.1,14.4,644.8,100
2026-05-10 00:00:00,PZ-003,EQ-011,OBM,43.3,13.9,540.5,230
2026-05-10 06:00:00,PZ-003,EQ-011,WBM,74.9,15.5,497.4,230
2026-05-10 12:00:00,PZ-003,EQ-011,WBM,82.2,12.6,557.1,200
2026-05-10 18:00:00,PZ-003,EQ-011,OBM,48.5,12.7,429.1,170
2026-05-11 00:00:00,PZ-003,EQ-011,OBM,83.7,11.2,388.3,170
2026-05-11 06:00:00,PZ-003,EQ-011,WBM,68.1,14.6,492.4,230
2026-05-11 12:00:00,PZ-003,EQ-011,OBM,71.5,9.3,386.7,170
2026-05-11 18:00:00,PZ-003,EQ-011,OBM,66.2,9.4,346.4,170
2026-05-12 00:00:00,PZ-003,EQ-011,OBM,40.4,14.9,825.1,140
2026-05-12 06:00:00,PZ-003,EQ-011,OBM,58.4,15.3,801.6,170
2026-05-12 12:00:00,PZ-003,EQ-011,WBM,64.6,13.6,641.2,230
2026-05-12 18:00:00,PZ-003,EQ-011,OBM,51.7,10.2,376.4,170
2026-05-13 00:00:00,PZ-003,EQ-011,OBM,72.1,9.7,388.8,100
2026-05-13 06:00:00,PZ-003,EQ-011,WBM,77.2,11.2,448.4,140
2026-05-13 12:00:00,PZ-003,EQ-011,WBM,40.7,13.8,354.1,100
2026-05-13 18:00:00,PZ-003,EQ-011,WBM,45.6,12.5,449.4,170
2026-05-14 00:00:00,PZ-003,EQ-011,WBM,45.9,9.4,348.2,140
2026-05-14 06:00:00,PZ-003,EQ-011,WBM,48.7,10.3,476.6,170
2026-05-14 12:00:00,PZ-003,EQ-011,WBM,43.9,10.9,350.8,200
2026-05-14 18:00:00,PZ-003,EQ-011,OBM,80.6,11.4,495.1,140
2026-05-15 00:00:00,PZ-003,EQ-011,OBM,58.2,13.1,787.0,230
2026-05-15 06:00:00,PZ-003,EQ-011,WBM,73.9,10.7,705.7,140
2026-05-15 12:00:00,PZ-003,EQ-011,OBM,70.8,9.7,587.6,140
2026-05-15 18:00:00,PZ-003,EQ-011,OBM,55.1,10.5,360.6,100
2026-05-16 00:00:00,PZ-003,EQ-011,WBM,61.7,12.2,587.1,170
2026-05-16 06:00:00,PZ-003,EQ-011,WBM,66.9,14.6,627.6,100
2026-05-16 12:00:00,PZ-003,EQ-011,OBM,62.6,12.7,406.8,200
2026-05-16 18:00:00,PZ-003,EQ-011,WBM,73.2,10.9,643.1,200
2026-05-17 00:00:00,PZ-003,EQ-011,WBM,78.6,13.2,392.7,100
2026-05-17 06:00:00,PZ-003,EQ-011,WBM,51.0,9.6,543.1,140
2026-05-17 12:00:00,PZ-003,EQ-011,OBM,53.3,14.3,667.8,200
2026-05-17 18:00:00,PZ-003,EQ-011,OBM,55.4,13.8,744.2,100
2026-05-18 00:00:00,PZ-003,EQ-011,OBM,80.5,15.1,325.7,170
2026-05-18 06:00:00,PZ-003,EQ-011,WBM,84.9,14.2,760.9,170
2026-05-18 12:00:00,PZ-003,EQ-011,OBM,83.3,9.8,690.3,230
2026-05-18 18:00:00,PZ-003,EQ-011,WBM,54.4,11.4,794.8,170
2026-05-19 00:00:00,PZ-003,EQ-011,OBM,50.9,11.3,475.9,100
2026-05-19 06:00:00,PZ-003,EQ-011,OBM,57.3,10.0,312.2,100
2026-05-19 12:00:00,PZ-003,EQ-011,OBM,62.9,11.1,610.6,100
2026-05-19 18:00:00,PZ-003,EQ-011,OBM,66.1,10.7,792.1,200
2026-05-20 00:00:00,PZ-003,EQ-011,WBM,62.8,14.9,465.4,100
2026-05-20 06:00:00,PZ-003,EQ-011,OBM,42.0,14.4,614.9,170
2026-05-20 12:00:00,PZ-003,EQ-011,OBM,80.3,15.3,835.2,230
2026-05-20 18:00:00,PZ-003,EQ-011,WBM,54.3,9.8,822.5,230
2026-05-21 00:00:00,PZ-003,EQ-011,OBM,44.8,12.9,663.6,170
2026-05-21 06:00:00,PZ-003,EQ-011,OBM,41.5,10.4,420.3,230
2026-05-21 12:00:00,PZ-003,EQ-011,OBM,62.8,10.7,737.9,140
2026-05-21 18:00:00,PZ-003,EQ-011,WBM,62.6,12.5,688.8,140
2026-05-22 00:00:00,PZ-003,EQ-011,WBM,67.7,9.3,656.4,140
2026-05-22 06:00:00,PZ-003,EQ-011,OBM,48.7,15.3,329.4,140
2026-05-22 12:00:00,PZ-003,EQ-011,OBM,70.5,15.2,722.0,200
2026-05-22 18:00:00,PZ-003,EQ-011,OBM,82.0,14.8,574.6,200
2026-05-23 00:00:00,PZ-003,EQ-011,WBM,60.8,9.5,496.5,200
2026-05-23 06:00:00,PZ-003,EQ-011,OBM,46.0,15.2,515.7,230
2026-05-23 12:00:00,PZ-003,EQ-011,OBM,82.4,15.7,757.1,100
2026-05-23 18:00:00,PZ-003,EQ-011,WBM,42.8,9.5,438.5,230
2026-05-24 00:00:00,PZ-003,EQ-011,OBM,79.5,16.0,767.3,140
2026-05-24 06:00:00,PZ-003,EQ-011,OBM,67.1,15.5,425.7,100
2026-05-24 12:00:00,PZ-003,EQ-011,OBM,51.0,11.7,835.3,170
2026-05-24 18:00:00,PZ-003,EQ-011,WBM,60.6,13.3,436.7,140
2026-05-25 00:00:00,PZ-003,EQ-011,OBM,52.7,13.5,516.5,230
2026-05-25 06:00:00,PZ-003,EQ-011,OBM,76.3,12.2,765.7,230
2026-05-25 12:00:00,PZ-003,EQ-011,OBM,66.3,9.3,423.5,170
2026-05-25 18:00:00,PZ-003,EQ-011,OBM,58.7,15.2,501.9,140
2026-05-26 00:00:00,PZ-003,EQ-011,OBM,46.5,14.8,704.8,100
2026-05-26 06:00:00,PZ-003,EQ-011,OBM,50.1,11.9,771.0,140
2026-05-26 12:00:00,PZ-003,EQ-011,OBM,80.6,12.7,591.6,200
2026-05-26 18:00:00,PZ-003,EQ-011,OBM,52.8,14.5,669.0,170
2026-05-27 00:00:00,PZ-003,EQ-011,WBM,42.1,10.7,490.0,200
2026-05-27 06:00:00,PZ-003,EQ-011,WBM,48.2,13.1,638.3,230
2026-05-27 12:00:00,PZ-003,EQ-011,OBM,68.0,14.7,658.4,200
2026-05-27 18:00:00,PZ-003,EQ-011,WBM,77.1,10.3,512.6,230
2026-05-28 00:00:00,PZ-003,EQ-011,OBM,74.6,11.0,307.9,170
2026-05-28 06:00:00,PZ-003,EQ-011,OBM,81.7,11.7,383.5,140
2026-05-28 12:00:00,PZ-003,EQ-011,OBM,67.3,10.7,589.2,170
2026-05-28 18:00:00,PZ-003,EQ-011,WBM,81.3,11.1,421.8,200
2026-05-29 00:00:00,PZ-003,EQ-011,OBM,67.7,9.5,821.5,230
2026-05-29 06:00:00,PZ-003,EQ-011,OBM,63.5,15.5,335.6,140
2026-05-29 12:00:00,PZ-003,EQ-011,WBM,64.0,9.6,426.6,230
2026-05-29 18:00:00,PZ-003,EQ-011,OBM,52.3,10.9,484.7,170
2026-05-30 00:00:00,PZ-003,EQ-011,WBM,80.7,13.5,424.8,230
2026-05-30 06:00:00,PZ-003,EQ-011,OBM,46.5,9.7,773.8,200
2026-05-30 12:00:00,PZ-003,EQ-011,OBM,63.3,15.4,479.3,230
2026-05-30 18:00:00,PZ-003,EQ-011,OBM,53.6,10.9,313.0,230
2026-05-31 00:00:00,PZ-003,EQ-011,OBM,80.4,13.3,564.8,140
2026-05-31 06:00:00,PZ-003,EQ-011,OBM,74.3,11.3,576.7,200
2026-05-31 12:00:00,PZ-003,EQ-011,WBM,40.2,14.5,684.6,100
2026-05-31 18:00:00,PZ-003,EQ-011,OBM,62.5,11.7,794.3,170
2026-06-01 00:00:00,PZ-003,EQ-011,OBM,66.8,13.3,420.2,170
2026-06-01 06:00:00,PZ-003,EQ-011,WBM,76.1,11.4,717.0,170
2026-06-01 12:00:00,PZ-003,EQ-011,OBM,49.2,15.4,807.7,100
2026-06-01 18:00:00,PZ-003,EQ-011,OBM,65.6,11.7,362.0,140
2026-06-02 00:00:00,PZ-003,EQ-011,WBM,52.2,13.2,811.5,140
2026-06-02 06:00:00,PZ-003,EQ-011,WBM,67.1,11.8,404.9,170
2026-06-02 12:00:00,PZ-003,EQ-011,OBM,45.9,14.9,815.6,140
2026-06-02 18:00:00,PZ-003,EQ-011,WBM,56.9,9.8,528.9,140
2026-06-03 00:00:00,PZ-003,EQ-011,OBM,65.1,13.1,771.0,100
2026-06-03 06:00:00,PZ-003,EQ-011,WBM,82.7,11.5,355.1,140
2026-06-03 12:00:00,PZ-003,EQ-011,WBM,81.4,13.0,806.0,230
2026-06-03 18:00:00,PZ-003,EQ-011,OBM,57.9,9.5,426.1,200
2026-06-04 00:00:00,PZ-003,EQ-011,WBM,58.8,14.9,642.7,230
2026-06-04 06:00:00,PZ-003,EQ-011,WBM,82.9,14.5,408.6,200
2026-06-04 12:00:00,PZ-003,EQ-011,OBM,71.8,11.9,423.0,200
2026-06-04 18:00:00,PZ-003,EQ-011,OBM,56.2,14.5,375.2,230
2026-06-05 00:00:00,PZ-003,EQ-011,OBM,84.5,10.4,722.8,170
2026-06-05 06:00:00,PZ-003,EQ-011,OBM,41.9,9.5,304.1,100
2026-06-05 12:00:00,PZ-003,EQ-011,OBM,55.0,11.7,614.1,200
2026-06-05 18:00:00,PZ-003,EQ-011,OBM,47.5,9.4,405.4,140
2026-06-06 00:00:00,PZ-003,EQ-011,WBM,70.4,9.6,381.0,170
2026-06-06 06:00:00,PZ-003,EQ-011,WBM,77.5,9.3,439.3,170
2026-06-06 12:00:00,PZ-003,EQ-011,OBM,46.6,12.8,512.3,100
2026-06-06 18:00:00,PZ-003,EQ-011,OBM,79.7,15.3,662.6,170
2026-06-07 00:00:00,PZ-003,EQ-011,WBM,57.3,9.8,410.1,200
2026-06-07 06:00:00,PZ-003,EQ-011,OBM,66.4,13.2,410.3,140
2026-06-07 12:00:00,PZ-003,EQ-011,OBM,60.3,9.8,509.8,200
2026-06-07 18:00:00,PZ-003,EQ-011,WBM,75.1,15.2,809.9,200
2026-06-08 00:00:00,PZ-003,EQ-011,WBM,75.6,14.5,372.2,200
2026-06-08 06:00:00,PZ-003,EQ-011,OBM,53.0,12.0,568.7,140
2026-06-08 12:00:00,PZ-003,EQ-011,OBM,72.1,13.5,401.9,200
2026-06-08 18:00:00,PZ-003,EQ-011,WBM,69.6,16.0,658.7,100
2026-06-09 00:00:00,PZ-003,EQ-011,OBM,83.6,12.5,459.6,170
2026-06-09 06:00:00,PZ-003,EQ-011,OBM,77.8,10.0,666.4,100
2026-06-09 12:00:00,PZ-003,EQ-011,WBM,45.7,11.1,495.2,200
2026-06-09 18:00:00,PZ-003,EQ-011,OBM,69.9,9.5,483.4,140
2026-06-10 00:00:00,PZ-003,EQ-011,OBM,53.0,12.7,501.3,140
2026-06-10 06:00:00,PZ-003,EQ-011,WBM,40.2,14.1,676.1,100
2026-06-10 12:00:00,PZ-003,EQ-011,WBM,65.3,11.9,725.0,170
2026-06-10 18:00:00,PZ-003,EQ-011,WBM,84.5,14.0,502.1,200
2026-06-11 00:00:00,PZ-003,EQ-011,WBM,80.7,12.1,461.0,230
2026-06-11 06:00:00,PZ-003,EQ-011,WBM,72.0,10.1,307.2,200
2026-06-11 12:00:00,PZ-003,EQ-011,OBM,42.0,12.2,544.2,200
2026-06-11 18:00:00,PZ-003,EQ-011,WBM,71.1,11.8,581.4,170
2026-06-12 00:00:00,PZ-003,EQ-011,WBM,56.9,15.0,583.5,140
2026-06-12 06:00:00,PZ-003,EQ-011,WBM,76.0,12.3,676.6,100
2026-06-12 12:00:00,PZ-003,EQ-011,OBM,83.7,15.0,473.6,140
2026-06-12 18:00:00,PZ-003,EQ-011,WBM,71.6,9.1,380.4,230
2026-06-13 00:00:00,PZ-003,EQ-011,OBM,80.7,13.4,519.0,100
2026-06-13 06:00:00,PZ-003,EQ-011,WBM,51.6,13.2,749.9,200
2026-06-13 12:00:00,PZ-003,EQ-011,OBM,71.2,11.7,316.0,200
2026-06-13 18:00:00,PZ-003,EQ-011,OBM,82.5,14.7,676.5,170
2026-06-14 00:00:00,PZ-003,EQ-011,OBM,53.0,10.8,466.6,200
2026-06-14 06:00:00,PZ-003,EQ-011,WBM,55.0,11.5,328.4,100
2026-06-14 12:00:00,PZ-003,EQ-011,OBM,43.7,9.3,481.5,170
2026-06-14 18:00:00,PZ-003,EQ-011,OBM,76.6,14.4,732.3,170
2026-06-15 00:00:00,PZ-003,EQ-011,WBM,61.9,10.7,392.5,100
2026-06-15 06:00:00,PZ-003,EQ-011,WBM,46.2,10.3,590.7,100
2026-06-15 12:00:00,PZ-003,EQ-011,OBM,57.0,9.5,520.6,100
2026-06-15 18:00:00,PZ-003,EQ-011,OBM,66.8,9.5,446.8,170
2026-06-16 00:00:00,PZ-003,EQ-011,WBM,52.3,11.8,563.0,140
2026-06-16 06:00:00,PZ-003,EQ-011,OBM,66.2,14.9,647.6,140
2026-06-16 12:00:00,PZ-003,EQ-011,WBM,82.6,14.9,840.4,170
2026-06-16 18:00:00,PZ-003,EQ-011,WBM,65.5,15.4,458.0,100
2026-06-17 00:00:00,PZ-003,EQ-011,WBM,67.0,9.9,539.5,170
2026-06-17 06:00:00,PZ-003,EQ-011,OBM,66.0,11.1,598.0,140
2026-06-17 12:00:00,PZ-003,EQ-011,OBM,44.9,11.8,742.5,140
2026-06-17 18:00:00,PZ-003,EQ-011,OBM,53.1,13.4,302.5,200
2026-06-18 00:00:00,PZ-003,EQ-011,OBM,64.5,10.2,723.5,140
2026-06-18 06:00:00,PZ-003,EQ-011,OBM,40.6,14.1,509.7,200
2026-06-18 12:00:00,PZ-003,EQ-011,WBM,49.6,15.1,629.4,170
2026-06-18 18:00:00,PZ-003,EQ-011,OBM,54.0,10.3,521.8,100
2026-06-19 00:00:00,PZ-003,EQ-011,WBM,64.4,15.3,399.8,140
2026-06-19 06:00:00,PZ-003,EQ-011,OBM,81.0,14.9,622.7,200
2026-06-19 12:00:00,PZ-003,EQ-011,WBM,50.6,15.5,751.9,170
2026-06-19 18:00:00,PZ-003,EQ-011,OBM,54.7,9.4,522.4,140
2026-06-20 00:00:00,PZ-003,EQ-011,OBM,56.5,12.2,691.4,100
2026-06-20 06:00:00,PZ-003,EQ-011,OBM,58.3,10.5,600.1,230
2026-06-20 12:00:00,PZ-003,EQ-011,OBM,75.1,10.5,779.2,230
2026-06-20 18:00:00,PZ-003,EQ-011,WBM,72.4,14.5,813.6,100
2026-06-21 00:00:00,PZ-003,EQ-011,OBM,64.6,11.6,374.2,140
2026-06-21 06:00:00,PZ-003,EQ-011,WBM,62.3,12.4,492.5,100
2026-06-21 12:00:00,PZ-003,EQ-011,OBM,65.1,9.0,501.1,140
2026-06-21 18:00:00,PZ-003,EQ-011,OBM,53.6,12.3,415.3,140
2026-06-22 00:00:00,PZ-003,EQ-011,WBM,51.2,14.7,555.9,140
2026-06-22 06:00:00,PZ-003,EQ-011,WBM,78.0,9.8,319.9,170
2026-06-22 12:00:00,PZ-003,EQ-011,WBM,70.9,15.0,477.2,230
2026-06-22 18:00:00,PZ-003,EQ-011,OBM,41.7,15.1,463.2,140
2026-06-23 00:00:00,PZ-003,EQ-011,OBM,76.5,10.5,592.9,100
2026-06-23 06:00:00,PZ-003,EQ-011,OBM,58.5,13.8,425.8,140
2026-06-23 12:00:00,PZ-003,EQ-011,OBM,61.0,15.2,678.7,140
2026-06-23 18:00:00,PZ-003,EQ-011,OBM,69.1,13.7,356.6,230
2026-06-24 00:00:00,PZ-003,EQ-011,OBM,79.2,12.6,662.9,200
2026-06-24 06:00:00,PZ-003,EQ-011,OBM,73.3,11.6,464.8,230
2026-06-24 12:00:00,PZ-003,EQ-011,WBM,68.3,14.3,575.8,200
2026-06-24 18:00:00,PZ-003,EQ-011,OBM,40.7,15.2,506.2,200
2026-06-25 00:00:00,PZ-003,EQ-011,WBM,47.7,9.2,484.7,200
2026-06-25 06:00:00,PZ-003,EQ-011,OBM,79.9,12.8,820.6,230
2026-06-25 12:00:00,PZ-003,EQ-011,OBM,78.7,15.5,731.6,200
2026-06-25 18:00:00,PZ-003,EQ-011,OBM,44.7,9.2,712.6,100
2026-06-26 00:00:00,PZ-003,EQ-011,OBM,50.1,15.6,683.2,200
2026-06-26 06:00:00,PZ-003,EQ-011,WBM,55.0,11.8,555.0,200
2026-06-26 12:00:00,PZ-003,EQ-011,WBM,68.3,13.1,648.6,140
2026-06-26 18:00:00,PZ-003,EQ-011,OBM,77.3,10.1,314.0,230
2026-06-27 00:00:00,PZ-003,EQ-011,OBM,84.7,14.4,584.6,140
2026-06-27 06:00:00,PZ-003,EQ-011,WBM,49.7,11.0,836.4,100
2026-06-27 12:00:00,PZ-003,EQ-011,WBM,69.7,10.8,661.6,100
2026-06-27 18:00:00,PZ-003,EQ-011,WBM,55.0,15.0,382.4,140
2026-06-28 00:00:00,PZ-003,EQ-011,OBM,83.7,15.4,550.2,200
2026-06-28 06:00:00,PZ-003,EQ-011,OBM,41.4,15.8,669.7,200
2026-06-28 12:00:00,PZ-003,EQ-011,OBM,65.3,14.0,529.9,100
2026-06-28 18:00:00,PZ-003,EQ-011,WBM,74.6,15.4,343.2,200
2026-06-29 00:00:00,PZ-003,EQ-011,OBM,62.2,13.9,318.8,140
2026-06-29 06:00:00,PZ-003,EQ-011,WBM,45.6,11.7,489.9,230
2026-06-29 12:00:00,PZ-003,EQ-011,WBM,71.9,14.7,416.5,230
2026-06-29 18:00:00,PZ-003,EQ-011,OBM,82.6,9.5,323.7,230
2026-06-30 00:00:00,PZ-003,EQ-011,WBM,74.4,14.0,387.8,200
2026-06-30 06:00:00,PZ-003,EQ-011,OBM,70.8,9.9,819.1,200
2026-06-30 12:00:00,PZ-003,EQ-011,OBM,50.0,14.9,750.0,170
2026-06-30 18:00:00,PZ-003,EQ-011,OBM,45.8,10.9,674.5,200
2026-07-01 00:00:00,PZ-003,EQ-011,WBM,52.1,10.3,579.6,230
2026-07-01 06:00:00,PZ-003,EQ-011,OBM,68.7,15.1,300.5,170
2026-07-01 12:00:00,PZ-003,EQ-011,OBM,57.4,14.3,826.2,170
2026-07-01 18:00:00,PZ-003,EQ-011,WBM,67.9,13.3,778.4,200
2026-07-02 00:00:00,PZ-003,EQ-011,OBM,50.3,10.8,346.6,230
2026-07-02 06:00:00,PZ-003,EQ-011,WBM,66.9,13.1,650.0,230
2026-07-02 12:00:00,PZ-003,EQ-011,OBM,68.2,9.1,786.9,230
2026-07-02 18:00:00,PZ-003,EQ-011,WBM,69.5,9.4,540.2,170
2026-07-03 00:00:00,PZ-003,EQ-011,OBM,67.2,10.8,760.2,230
2026-07-03 06:00:00,PZ-003,EQ-011,OBM,61.0,13.7,669.2,140
2026-07-03 12:00:00,PZ-003,EQ-011,WBM,45.2,14.4,715.6,200
2026-07-03 18:00:00,PZ-003,EQ-011,OBM,68.7,13.8,332.2,140
2026-07-04 00:00:00,PZ-003,EQ-011,WBM,46.1,13.6,586.9,140
2026-07-04 06:00:00,PZ-003,EQ-011,OBM,40.7,13.5,340.5,100
2026-07-04 12:00:00,PZ-003,EQ-011,WBM,52.8,13.3,375.7,100
2026-07-04 18:00:00,PZ-003,EQ-011,OBM,77.5,14.9,486.2,170
2026-07-05 00:00:00,PZ-003,EQ-011,OBM,82.7,9.1,542.2,170
2026-07-05 06:00:00,PZ-003,EQ-011,OBM,78.0,11.8,743.4,170
2026-07-05 12:00:00,PZ-003,EQ-011,WBM,47.1,10.3,579.7,230
2026-07-05 18:00:00,PZ-003,EQ-011,OBM,83.8,10.9,686.7,230
2026-07-06 00:00:00,PZ-003,EQ-011,OBM,70.2,9.1,398.2,100
2026-07-06 06:00:00,PZ-003,EQ-011,WBM,43.5,14.2,375.0,230
2026-07-06 12:00:00,PZ-003,EQ-011,OBM,49.7,15.1,622.4,100
2026-07-06 18:00:00,PZ-003,EQ-011,WBM,55.6,11.9,812.6,200
2026-07-07 00:00:00,PZ-003,EQ-011,OBM,79.9,13.9,689.6,140
2026-07-07 06:00:00,PZ-003,EQ-011,WBM,53.8,10.1,579.5,170
2026-07-07 12:00:00,PZ-003,EQ-011,OBM,74.7,10.9,835.6,170
2026-07-07 18:00:00,PZ-003,EQ-011,OBM,48.6,15.1,716.7,200
2026-07-08 00:00:00,PZ-003,EQ-011,WBM,66.7,15.0,621.4,230
2026-07-08 06:00:00,PZ-003,EQ-011,WBM,58.6,14.3,780.8,140
2026-07-08 12:00:00,PZ-003,EQ-011,OBM,76.4,13.3,361.0,100
2026-07-08 18:00:00,PZ-003,EQ-011,OBM,60.5,13.0,549.2,200
2026-07-09 00:00:00,PZ-003,EQ-011,OBM,51.3,15.7,548.0,230
2026-07-09 06:00:00,PZ-003,EQ-011,WBM,52.0,9.4,721.6,200
2026-07-09 12:00:00,PZ-003,EQ-011,WBM,71.0,9.1,467.8,140
2026-07-09 18:00:00,PZ-003,EQ-011,WBM,40.5,11.5,574.4,230
2026-07-10 00:00:00,PZ-003,EQ-011,WBM,48.3,10.1,733.9,170
2026-07-10 06:00:00,PZ-003,EQ-011,OBM,51.1,9.6,497.9,140
2026-07-10 12:00:00,PZ-003,EQ-011,OBM,46.5,15.5,568.3,230
2026-07-10 18:00:00,PZ-003,EQ-011,WBM,71.5,9.6,691.9,230
2026-07-11 00:00:00,PZ-003,EQ-011,OBM,71.6,12.8,349.8,230
2026-07-11 06:00:00,PZ-003,EQ-011,WBM,64.7,13.2,414.1,170
2026-07-11 12:00:00,PZ-003,EQ-011,WBM,40.5,13.3,734.1,230
2026-07-11 18:00:00,PZ-003,EQ-011,OBM,57.8,9.7,441.3,170
2026-07-12 00:00:00,PZ-003,EQ-011,WBM,48.5,14.6,451.6,170
2026-07-12 06:00:00,PZ-003,EQ-011,OBM,58.5,12.5,748.0,100
2026-07-12 12:00:00,PZ-003,EQ-011,WBM,76.0,9.8,368.6,230
2026-07-12 18:00:00,PZ-003,EQ-011,OBM,79.4,15.9,635.9,170
2026-07-13 00:00:00,PZ-003,EQ-011,OBM,74.5,10.4,574.8,200
2026-07-13 06:00:00,PZ-003,EQ-011,OBM,66.2,12.2,661.8,230
2026-07-13 12:00:00,PZ-003,EQ-011,OBM,80.8,11.8,426.7,140
2026-07-13 18:00:00,PZ-003,EQ-011,OBM,69.7,13.8,312.3,170
2026-07-14 00:00:00,PZ-003,EQ-011,OBM,66.4,11.1,651.9,200
2026-07-14 06:00:00,PZ-003,EQ-011,OBM,54.5,10.7,711.5,200
2026-07-14 12:00:00,PZ-003,EQ-011,WBM,47.9,11.0,413.8,140
2026-07-14 18:00:00,PZ-003,EQ-011,WBM,55.5,11.0,550.5,100
2026-07-15 00:00:00,PZ-003,EQ-011,OBM,47.6,9.6,376.7,100
2026-07-15 06:00:00,PZ-003,EQ-011,WBM,43.5,12.9,651.5,100
2026-07-15 12:00:00,PZ-003,EQ-011,WBM,47.0,15.1,360.2,200
2026-07-15 18:00:00,PZ-003,EQ-011,OBM,57.5,14.9,302.4,230
2026-07-16 00:00:00,PZ-003,EQ-011,WBM,59.3,9.8,825.5,100
2026-07-16 06:00:00,PZ-003,EQ-011,WBM,68.7,11.1,537.5,230
2026-07-16 12:00:00,PZ-003,EQ-011,WBM,63.8,11.0,834.9,170
2026-07-16 18:00:00,PZ-003,EQ-011,OBM,45.8,11.2,433.7,100
2026-07-17 00:00:00,PZ-003,EQ-011,OBM,40.8,11.5,310.7,200
2026-07-17 06:00:00,PZ-003,EQ-011,OBM,46.6,10.6,533.5,230
2026-07-17 12:00:00,PZ-003,EQ-011,WBM,75.0,11.1,416.1,100
2026-07-17 18:00:00,PZ-003,EQ-011,OBM,67.0,14.9,777.0,170
2026-07-18 00:00:00,PZ-003,EQ-011,OBM,72.1,11.9,802.7,140
2026-07-18 06:00:00,PZ-003,EQ-011,WBM,71.6,12.6,573.0,170
2026-07-18 12:00:00,PZ-003,EQ-011,WBM,79.1,11.6,784.3,170
2026-07-18 18:00:00,PZ-003,EQ-011,WBM,45.6,14.0,498.9,170
2026-07-19 00:00:00,PZ-003,EQ-011,OBM,73.6,14.0,662.7,140
2026-07-19 06:00:00,PZ-003,EQ-011,OBM,51.1,10.2,767.2,140
2026-07-19 12:00:00,PZ-003,EQ-011,OBM,41.1,9.5,656.8,230
2026-07-19 18:00:00,PZ-003,EQ-011,OBM,54.3,10.8,311.5,100
2026-07-20 00:00:00,PZ-003,EQ-011,OBM,46.3,12.9,665.9,230
2026-07-20 06:00:00,PZ-003,EQ-011,WBM,65.8,15.7,704.6,140
2026-07-20 12:00:00,PZ-003,EQ-011,OBM,82.8,14.2,681.3,170
2026-07-20 18:00:00,PZ-003,EQ-011,WBM,58.6,10.9,409.2,230
2026-07-21 00:00:00,PZ-003,EQ-011,WBM,77.4,10.8,786.6,100
2026-07-21 06:00:00,PZ-003,EQ-011,WBM,74.3,10.3,473.3,200
2026-07-21 12:00:00,PZ-003,EQ-011,OBM,44.9,9.7,817.2,230
2026-07-21 18:00:00,PZ-003,EQ-011,OBM,46.6,14.4,319.2,200
2026-07-22 00:00:00,PZ-003,EQ-011,WBM,68.9,13.3,739.1,200
2026-07-22 06:00:00,PZ-003,EQ-011,WBM,81.3,9.8,776.7,140
2026-07-22 12:00:00,PZ-003,EQ-011,OBM,84.5,13.1,423.3,200
2026-07-22 18:00:00,PZ-003,EQ-011,OBM,76.0,15.2,484.1,140
2026-07-23 00:00:00,PZ-003,EQ-011,WBM,56.7,14.8,723.5,140
2026-07-23 06:00:00,PZ-003,EQ-011,WBM,54.5,15.0,509.6,140
2026-07-23 12:00:00,PZ-003,EQ-011,OBM,45.2,10.0,639.6,100
2026-07-23 18:00:00,PZ-003,EQ-011,OBM,47.8,9.1,658.6,170
2026-07-24 00:00:00,PZ-003,EQ-011,WBM,59.5,14.2,728.5,100
2026-07-24 06:00:00,PZ-003,EQ-011,OBM,82.8,15.0,549.8,170
2026-07-24 12:00:00,PZ-003,EQ-011,OBM,66.3,10.3,631.9,100
2026-07-24 18:00:00,PZ-003,EQ-011,OBM,66.0,13.6,455.9,100
2026-07-25 00:00:00,PZ-003,EQ-011,OBM,71.6,13.9,496.7,230
2026-07-25 06:00:00,PZ-003,EQ-011,OBM,62.0,14.7,472.1,230
2026-07-25 12:00:00,PZ-003,EQ-011,WBM,72.0,11.1,414.6,170
2026-07-25 18:00:00,PZ-003,EQ-011,WBM,40.7,12.3,352.5,100
2026-07-26 00:00:00,PZ-003,EQ-011,OBM,53.4,9.8,757.2,100
2026-07-26 06:00:00,PZ-003,EQ-011,OBM,81.1,14.9,702.2,230
2026-07-26 12:00:00,PZ-003,EQ-011,OBM,48.0,13.4,403.4,140
2026-07-26 18:00:00,PZ-003,EQ-011,WBM,83.3,11.2,515.2,230
2026-07-27 00:00:00,PZ-003,EQ-011,OBM,72.4,9.6,668.9,200
2026-07-27 06:00:00,PZ-003,EQ-011,WBM,79.8,13.7,413.0,170
2026-07-27 12:00:00,PZ-003,EQ-011,OBM,47.1,11.4,388.3,170
2026-07-27 18:00:00,PZ-003,EQ-011,OBM,82.4,13.7,417.1,100
2026-07-28 00:00:00,PZ-003,EQ-011,OBM,49.8,14.0,802.8,100
2026-07-28 06:00:00,PZ-003,EQ-011,WBM,61.0,14.4,333.5,200
2026-07-28 12:00:00,PZ-003,EQ-011,WBM,63.0,10.2,651.8,230
2026-07-28 18:00:00,PZ-003,EQ-011,WBM,81.8,14.2,456.5,200
2026-07-29 00:00:00,PZ-003,EQ-011,WBM,74.5,11.7,715.4,230
2026-07-29 06:00:00,PZ-003,EQ-011,WBM,44.9,13.2,328.0,200
2026-07-29 12:00:00,PZ-003,EQ-011,OBM,53.8,12.3,775.7,200
2026-07-29 18:00:00,PZ-003,EQ-011,WBM,52.3,12.3,836.0,170
2026-07-30 00:00:00,PZ-003,EQ-011,OBM,63.4,12.8,482.3,230
2026-07-30 06:00:00,PZ-003,EQ-011,OBM,84.3,11.0,732.4,200
2026-07-30 12:00:00,PZ-003,EQ-011,WBM,77.7,15.9,559.9,100
2026-07-30 18:00:00,PZ-003,EQ-011,OBM,54.9,13.6,426.4,100
2026-07-31 00:00:00,PZ-003,EQ-011,WBM,59.8,15.3,771.1,100
2026-05-01 00:00:00,PZ-003,EQ-012,WBM,59.8,9.7,443.3,100
2026-05-01 06:00:00,PZ-003,EQ-012,OBM,48.8,11.6,309.1,100
2026-05-01 12:00:00,PZ-003,EQ-012,WBM,54.0,12.8,794.8,100
2026-05-01 18:00:00,PZ-003,EQ-012,WBM,66.8,15.8,848.6,200
2026-05-02 00:00:00,PZ-003,EQ-012,OBM,69.0,11.6,630.1,230
2026-05-02 06:00:00,PZ-003,EQ-012,WBM,73.6,14.7,439.1,100
2026-05-02 12:00:00,PZ-003,EQ-012,OBM,84.8,15.6,701.2,100
2026-05-02 18:00:00,PZ-003,EQ-012,OBM,79.2,11.0,743.9,100
2026-05-03 00:00:00,PZ-003,EQ-012,WBM,77.6,15.3,596.5,140
2026-05-03 06:00:00,PZ-003,EQ-012,OBM,58.6,13.2,536.4,200
2026-05-03 12:00:00,PZ-003,EQ-012,WBM,68.7,14.8,788.9,170
2026-05-03 18:00:00,PZ-003,EQ-012,WBM,40.5,10.6,483.0,230
2026-05-04 00:00:00,PZ-003,EQ-012,OBM,63.1,14.1,562.0,200
2026-05-04 06:00:00,PZ-003,EQ-012,OBM,78.1,14.5,470.7,170
2026-05-04 12:00:00,PZ-003,EQ-012,OBM,73.7,10.7,477.0,170
2026-05-04 18:00:00,PZ-003,EQ-012,WBM,65.6,13.3,338.5,140
2026-05-05 00:00:00,PZ-003,EQ-012,WBM,62.0,11.9,755.6,200
2026-05-05 06:00:00,PZ-003,EQ-012,OBM,75.2,9.7,453.2,200
2026-05-05 12:00:00,PZ-003,EQ-012,OBM,42.0,9.2,637.1,100
2026-05-05 18:00:00,PZ-003,EQ-012,WBM,68.9,10.9,399.5,230
2026-05-06 00:00:00,PZ-003,EQ-012,OBM,63.2,15.5,586.6,140
2026-05-06 06:00:00,PZ-003,EQ-012,WBM,61.2,10.3,628.4,230
2026-05-06 12:00:00,PZ-003,EQ-012,OBM,55.4,14.4,650.7,100
2026-05-06 18:00:00,PZ-003,EQ-012,OBM,46.7,12.7,612.1,170
2026-05-07 00:00:00,PZ-003,EQ-012,WBM,59.6,13.6,685.2,230
2026-05-07 06:00:00,PZ-003,EQ-012,OBM,42.7,15.9,771.8,200
2026-05-07 12:00:00,PZ-003,EQ-012,WBM,79.5,15.7,300.7,230
2026-05-07 18:00:00,PZ-003,EQ-012,WBM,78.7,12.1,682.5,140
2026-05-08 00:00:00,PZ-003,EQ-012,WBM,64.8,15.5,615.6,230
2026-05-08 06:00:00,PZ-003,EQ-012,WBM,42.1,12.6,369.3,100
2026-05-08 12:00:00,PZ-003,EQ-012,OBM,46.8,14.6,553.4,100
2026-05-08 18:00:00,PZ-003,EQ-012,OBM,44.1,10.3,836.3,200
2026-05-09 00:00:00,PZ-003,EQ-012,OBM,40.0,13.8,721.9,230
2026-05-09 06:00:00,PZ-003,EQ-012,WBM,73.6,14.9,359.5,230
2026-05-09 12:00:00,PZ-003,EQ-012,WBM,70.3,11.6,343.9,140
2026-05-09 18:00:00,PZ-003,EQ-012,OBM,57.1,9.4,529.9,100
2026-05-10 00:00:00,PZ-003,EQ-012,OBM,47.7,15.4,674.9,230
2026-05-10 06:00:00,PZ-003,EQ-012,WBM,59.3,10.7,646.7,230
2026-05-10 12:00:00,PZ-003,EQ-012,OBM,75.4,15.4,675.8,100
2026-05-10 18:00:00,PZ-003,EQ-012,WBM,45.7,10.3,353.8,100
2026-05-11 00:00:00,PZ-003,EQ-012,OBM,46.1,10.3,531.3,200
2026-05-11 06:00:00,PZ-003,EQ-012,OBM,73.7,12.4,466.1,100
2026-05-11 12:00:00,PZ-003,EQ-012,OBM,74.6,10.9,432.9,200
2026-05-11 18:00:00,PZ-003,EQ-012,OBM,75.0,11.6,720.5,230
2026-05-12 00:00:00,PZ-003,EQ-012,OBM,61.3,13.5,798.8,200
2026-05-12 06:00:00,PZ-003,EQ-012,OBM,55.0,9.2,538.2,100
2026-05-12 12:00:00,PZ-003,EQ-012,WBM,76.0,12.4,586.4,100
2026-05-12 18:00:00,PZ-003,EQ-012,OBM,76.1,11.1,353.2,100
2026-05-13 00:00:00,PZ-003,EQ-012,WBM,50.0,14.9,561.7,230
2026-05-13 06:00:00,PZ-003,EQ-012,OBM,84.8,15.7,449.4,100
2026-05-13 12:00:00,PZ-003,EQ-012,WBM,65.9,15.8,835.9,230
2026-05-13 18:00:00,PZ-003,EQ-012,WBM,47.3,10.1,790.0,100
2026-05-14 00:00:00,PZ-003,EQ-012,OBM,51.8,11.4,404.5,140
2026-05-14 06:00:00,PZ-003,EQ-012,OBM,67.2,10.1,794.0,200
2026-05-14 12:00:00,PZ-003,EQ-012,WBM,81.4,12.2,697.2,200
2026-05-14 18:00:00,PZ-003,EQ-012,WBM,53.7,15.0,409.2,100
2026-05-15 00:00:00,PZ-003,EQ-012,WBM,57.0,9.6,773.7,140
2026-05-15 06:00:00,PZ-003,EQ-012,OBM,67.8,12.7,479.1,100
2026-05-15 12:00:00,PZ-003,EQ-012,WBM,76.9,10.1,560.5,140
2026-05-15 18:00:00,PZ-003,EQ-012,OBM,51.8,11.9,782.9,230
2026-05-16 00:00:00,PZ-003,EQ-012,OBM,50.6,12.9,511.9,170
2026-05-16 06:00:00,PZ-003,EQ-012,WBM,42.8,12.7,659.2,230
2026-05-16 12:00:00,PZ-003,EQ-012,OBM,84.3,10.3,547.0,170
2026-05-16 18:00:00,PZ-003,EQ-012,OBM,54.3,15.7,746.8,140
2026-05-17 00:00:00,PZ-003,EQ-012,OBM,49.2,9.2,607.5,100
2026-05-17 06:00:00,PZ-003,EQ-012,OBM,62.5,11.8,762.0,100
2026-05-17 12:00:00,PZ-003,EQ-012,WBM,53.7,15.1,525.5,170
2026-05-17 18:00:00,PZ-003,EQ-012,OBM,62.9,11.1,387.5,170
2026-05-18 00:00:00,PZ-003,EQ-012,OBM,71.7,9.5,606.0,140
2026-05-18 06:00:00,PZ-003,EQ-012,OBM,72.2,15.7,390.8,230
2026-05-18 12:00:00,PZ-003,EQ-012,WBM,42.1,11.0,335.1,140
2026-05-18 18:00:00,PZ-003,EQ-012,OBM,63.5,10.4,814.6,230
2026-05-19 00:00:00,PZ-003,EQ-012,OBM,65.6,12.6,743.6,170
2026-05-19 06:00:00,PZ-003,EQ-012,OBM,61.8,10.1,811.5,100
2026-05-19 12:00:00,PZ-003,EQ-012,OBM,61.5,11.4,708.0,230
2026-05-19 18:00:00,PZ-003,EQ-012,WBM,81.9,9.5,736.5,100
2026-05-20 00:00:00,PZ-003,EQ-012,WBM,50.4,10.8,426.6,100
2026-05-20 06:00:00,PZ-003,EQ-012,WBM,58.5,12.1,777.8,170
2026-05-20 12:00:00,PZ-003,EQ-012,WBM,77.6,13.6,335.5,170
2026-05-20 18:00:00,PZ-003,EQ-012,OBM,61.4,14.2,466.6,230
2026-05-21 00:00:00,PZ-003,EQ-012,OBM,79.6,15.6,332.2,140
2026-05-21 06:00:00,PZ-003,EQ-012,OBM,51.3,11.0,502.0,100
2026-05-21 12:00:00,PZ-003,EQ-012,OBM,78.8,11.6,589.1,170
2026-05-21 18:00:00,PZ-003,EQ-012,OBM,74.2,10.2,392.3,100
2026-05-22 00:00:00,PZ-003,EQ-012,OBM,47.9,14.7,452.1,100
2026-05-22 06:00:00,PZ-003,EQ-012,WBM,81.0,14.0,566.2,170
2026-05-22 12:00:00,PZ-003,EQ-012,WBM,59.1,11.2,849.7,230
2026-05-22 18:00:00,PZ-003,EQ-012,WBM,75.3,11.7,358.9,230
2026-05-23 00:00:00,PZ-003,EQ-012,OBM,47.3,9.1,685.4,100
2026-05-23 06:00:00,PZ-003,EQ-012,OBM,59.5,9.9,817.0,170
2026-05-23 12:00:00,PZ-003,EQ-012,OBM,56.4,14.5,473.9,100
2026-05-23 18:00:00,PZ-003,EQ-012,OBM,58.4,12.9,528.7,170
2026-05-24 00:00:00,PZ-003,EQ-012,OBM,65.5,14.7,568.3,200
2026-05-24 06:00:00,PZ-003,EQ-012,WBM,45.2,14.9,574.0,100
2026-05-24 12:00:00,PZ-003,EQ-012,OBM,54.6,13.9,655.5,100
2026-05-24 18:00:00,PZ-003,EQ-012,WBM,75.7,12.4,702.4,200
2026-05-25 00:00:00,PZ-003,EQ-012,WBM,76.1,11.8,552.2,230
2026-05-25 06:00:00,PZ-003,EQ-012,WBM,83.5,13.4,303.1,200
2026-05-25 12:00:00,PZ-003,EQ-012,OBM,69.4,10.4,558.8,100
2026-05-25 18:00:00,PZ-003,EQ-012,OBM,65.9,13.0,638.3,200
2026-05-26 00:00:00,PZ-003,EQ-012,OBM,40.7,11.3,533.3,140
2026-05-26 06:00:00,PZ-003,EQ-012,OBM,82.8,15.3,387.1,140
2026-05-26 12:00:00,PZ-003,EQ-012,WBM,69.1,11.0,625.5,200
2026-05-26 18:00:00,PZ-003,EQ-012,WBM,46.4,12.1,455.1,230
2026-05-27 00:00:00,PZ-003,EQ-012,OBM,80.3,15.4,706.8,140
2026-05-27 06:00:00,PZ-003,EQ-012,OBM,63.6,12.2,827.8,100
2026-05-27 12:00:00,PZ-003,EQ-012,OBM,61.0,13.2,351.8,230
2026-05-27 18:00:00,PZ-003,EQ-012,WBM,81.4,12.4,777.7,200
2026-05-28 00:00:00,PZ-003,EQ-012,OBM,73.4,14.7,408.6,170
2026-05-28 06:00:00,PZ-003,EQ-012,OBM,47.9,15.8,417.2,140
2026-05-28 12:00:00,PZ-003,EQ-012,OBM,73.4,9.9,738.7,230
2026-05-28 18:00:00,PZ-003,EQ-012,WBM,62.3,11.9,789.7,140
2026-05-29 00:00:00,PZ-003,EQ-012,WBM,49.2,11.0,748.2,170
2026-05-29 06:00:00,PZ-003,EQ-012,WBM,51.0,13.6,604.4,200
2026-05-29 12:00:00,PZ-003,EQ-012,WBM,73.8,12.5,796.5,200
2026-05-29 18:00:00,PZ-003,EQ-012,WBM,84.7,13.5,612.1,230
2026-05-30 00:00:00,PZ-003,EQ-012,WBM,59.3,15.9,615.8,230
2026-05-30 06:00:00,PZ-003,EQ-012,OBM,67.6,12.5,468.7,140
2026-05-30 12:00:00,PZ-003,EQ-012,WBM,52.7,9.4,795.1,100
2026-05-30 18:00:00,PZ-003,EQ-012,OBM,59.2,13.0,686.4,230
2026-05-31 00:00:00,PZ-003,EQ-012,OBM,80.7,10.6,396.5,230
2026-05-31 06:00:00,PZ-003,EQ-012,WBM,74.7,10.6,789.7,170
2026-05-31 12:00:00,PZ-003,EQ-012,WBM,71.6,9.6,344.5,100
2026-05-31 18:00:00,PZ-003,EQ-012,WBM,52.5,13.5,308.6,230
2026-06-01 00:00:00,PZ-003,EQ-012,OBM,83.5,11.4,656.5,230
2026-06-01 06:00:00,PZ-003,EQ-012,OBM,76.7,11.2,425.7,170
2026-06-01 12:00:00,PZ-003,EQ-012,WBM,70.6,11.8,737.6,140
2026-06-01 18:00:00,PZ-003,EQ-012,OBM,76.0,10.9,487.0,200
2026-06-02 00:00:00,PZ-003,EQ-012,WBM,79.1,14.2,533.4,230
2026-06-02 06:00:00,PZ-003,EQ-012,OBM,82.9,11.3,531.9,100
2026-06-02 12:00:00,PZ-003,EQ-012,OBM,56.2,13.3,666.3,200
2026-06-02 18:00:00,PZ-003,EQ-012,OBM,57.7,9.9,476.3,100
2026-06-03 00:00:00,PZ-003,EQ-012,OBM,79.6,11.4,732.2,200
2026-06-03 06:00:00,PZ-003,EQ-012,OBM,44.8,10.9,521.3,170
2026-06-03 12:00:00,PZ-003,EQ-012,WBM,48.6,9.7,609.1,170
2026-06-03 18:00:00,PZ-003,EQ-012,OBM,67.5,13.3,705.0,200
2026-06-04 00:00:00,PZ-003,EQ-012,OBM,40.5,15.1,420.2,100
2026-06-04 06:00:00,PZ-003,EQ-012,OBM,69.5,11.0,738.5,200
2026-06-04 12:00:00,PZ-003,EQ-012,OBM,64.4,14.7,828.5,170
2026-06-04 18:00:00,PZ-003,EQ-012,WBM,60.8,15.6,699.8,230
2026-06-05 00:00:00,PZ-003,EQ-012,OBM,74.0,9.3,314.9,200
2026-06-05 06:00:00,PZ-003,EQ-012,OBM,67.1,13.9,506.2,230
2026-06-05 12:00:00,PZ-003,EQ-012,WBM,55.1,13.9,560.5,170
2026-06-05 18:00:00,PZ-003,EQ-012,OBM,54.6,12.1,450.9,140
2026-06-06 00:00:00,PZ-003,EQ-012,WBM,44.7,13.8,728.8,140
2026-06-06 06:00:00,PZ-003,EQ-012,OBM,74.1,13.8,360.4,140
2026-06-06 12:00:00,PZ-003,EQ-012,OBM,66.1,16.0,452.9,230
2026-06-06 18:00:00,PZ-003,EQ-012,WBM,57.2,12.5,309.0,200
2026-06-07 00:00:00,PZ-003,EQ-012,OBM,74.5,13.8,611.9,200
2026-06-07 06:00:00,PZ-003,EQ-012,WBM,68.3,13.8,519.2,100
2026-06-07 12:00:00,PZ-003,EQ-012,WBM,43.1,12.5,652.9,230
2026-06-07 18:00:00,PZ-003,EQ-012,WBM,41.7,10.2,657.8,200
2026-06-08 00:00:00,PZ-003,EQ-012,WBM,73.6,9.9,472.7,230
2026-06-08 06:00:00,PZ-003,EQ-012,OBM,53.2,12.7,580.7,100
2026-06-08 12:00:00,PZ-003,EQ-012,OBM,62.9,15.9,817.0,100
2026-06-08 18:00:00,PZ-003,EQ-012,OBM,78.5,14.1,343.6,140
2026-06-09 00:00:00,PZ-003,EQ-012,WBM,49.0,10.6,435.9,170
2026-06-09 06:00:00,PZ-003,EQ-012,OBM,78.2,10.5,714.6,170
2026-06-09 12:00:00,PZ-003,EQ-012,WBM,73.2,14.2,573.2,230
2026-06-09 18:00:00,PZ-003,EQ-012,OBM,56.0,11.0,671.1,200
2026-06-10 00:00:00,PZ-003,EQ-012,WBM,78.5,14.3,490.0,140
2026-06-10 06:00:00,PZ-003,EQ-012,WBM,47.2,12.3,719.5,100
2026-06-10 12:00:00,PZ-003,EQ-012,WBM,65.1,11.9,737.2,140
2026-06-10 18:00:00,PZ-003,EQ-012,WBM,81.5,9.5,693.4,170
2026-06-11 00:00:00,PZ-003,EQ-012,OBM,66.7,13.1,591.2,200
2026-06-11 06:00:00,PZ-003,EQ-012,OBM,62.6,13.9,613.4,100
2026-06-11 12:00:00,PZ-003,EQ-012,WBM,44.3,11.7,623.2,170
2026-06-11 18:00:00,PZ-003,EQ-012,WBM,71.8,14.8,490.5,140
2026-06-12 00:00:00,PZ-003,EQ-012,WBM,72.2,12.7,698.7,200
2026-06-12 06:00:00,PZ-003,EQ-012,WBM,65.0,10.2,300.5,140
2026-06-12 12:00:00,PZ-003,EQ-012,OBM,75.0,11.9,485.5,230
2026-06-12 18:00:00,PZ-003,EQ-012,WBM,51.4,15.2,832.7,200
2026-06-13 00:00:00,PZ-003,EQ-012,OBM,84.4,13.9,713.1,230
2026-06-13 06:00:00,PZ-003,EQ-012,WBM,63.7,9.5,768.7,100
2026-06-13 12:00:00,PZ-003,EQ-012,OBM,64.2,9.0,306.1,140
2026-06-13 18:00:00,PZ-003,EQ-012,OBM,77.5,9.8,312.8,140
2026-06-14 00:00:00,PZ-003,EQ-012,OBM,60.1,14.3,689.4,230
2026-06-14 06:00:00,PZ-003,EQ-012,OBM,58.4,11.5,532.7,200
2026-06-14 12:00:00,PZ-003,EQ-012,OBM,81.7,14.5,700.3,200
2026-06-14 18:00:00,PZ-003,EQ-012,WBM,48.6,13.7,641.4,200
2026-06-15 00:00:00,PZ-003,EQ-012,WBM,75.0,12.2,771.9,100
2026-06-15 06:00:00,PZ-003,EQ-012,OBM,62.6,11.0,467.9,200
2026-06-15 12:00:00,PZ-003,EQ-012,WBM,48.5,15.5,635.9,170
2026-06-15 18:00:00,PZ-003,EQ-012,OBM,46.5,12.6,798.7,200
2026-06-16 00:00:00,PZ-003,EQ-012,OBM,53.3,12.2,594.6,100
2026-06-16 06:00:00,PZ-003,EQ-012,OBM,51.1,14.2,729.6,230
2026-06-16 12:00:00,PZ-003,EQ-012,OBM,44.7,12.3,407.4,170
2026-06-16 18:00:00,PZ-003,EQ-012,OBM,79.1,13.4,750.5,170
2026-06-17 00:00:00,PZ-003,EQ-012,WBM,58.6,12.9,692.6,140
2026-06-17 06:00:00,PZ-003,EQ-012,WBM,76.3,10.2,360.3,230
2026-06-17 12:00:00,PZ-003,EQ-012,WBM,68.3,12.2,392.9,170
2026-06-17 18:00:00,PZ-003,EQ-012,WBM,69.3,15.9,648.7,170
2026-06-18 00:00:00,PZ-003,EQ-012,OBM,67.4,13.7,682.7,140
2026-06-18 06:00:00,PZ-003,EQ-012,WBM,71.3,14.1,846.4,100
2026-06-18 12:00:00,PZ-003,EQ-012,WBM,46.9,15.1,818.0,170
2026-06-18 18:00:00,PZ-003,EQ-012,OBM,44.9,15.2,689.5,230
2026-06-19 00:00:00,PZ-003,EQ-012,WBM,74.2,10.7,676.2,140
2026-06-19 06:00:00,PZ-003,EQ-012,WBM,69.7,15.5,833.1,200
2026-06-19 12:00:00,PZ-003,EQ-012,OBM,64.7,12.3,698.8,230
2026-06-19 18:00:00,PZ-003,EQ-012,OBM,81.2,11.4,449.8,230
2026-06-20 00:00:00,PZ-003,EQ-012,OBM,72.6,14.8,794.4,140
2026-06-20 06:00:00,PZ-003,EQ-012,WBM,59.6,10.2,572.9,140
2026-06-20 12:00:00,PZ-003,EQ-012,WBM,65.0,15.1,530.2,140
2026-06-20 18:00:00,PZ-003,EQ-012,WBM,71.9,10.7,752.8,140
2026-06-21 00:00:00,PZ-003,EQ-012,OBM,53.6,13.5,502.1,100
2026-06-21 06:00:00,PZ-003,EQ-012,OBM,53.9,11.4,408.3,230
2026-06-21 12:00:00,PZ-003,EQ-012,OBM,55.7,11.1,561.4,140
2026-06-21 18:00:00,PZ-003,EQ-012,WBM,43.8,14.7,724.4,100
2026-06-22 00:00:00,PZ-003,EQ-012,OBM,42.0,9.7,748.0,230
2026-06-22 06:00:00,PZ-003,EQ-012,WBM,70.6,9.6,621.9,200
2026-06-22 12:00:00,PZ-003,EQ-012,OBM,76.3,10.9,690.3,200
2026-06-22 18:00:00,PZ-003,EQ-012,OBM,46.0,11.7,825.0,170
2026-06-23 00:00:00,PZ-003,EQ-012,OBM,76.9,9.9,669.5,230
2026-06-23 06:00:00,PZ-003,EQ-012,OBM,52.5,10.5,803.2,140
2026-06-23 12:00:00,PZ-003,EQ-012,WBM,63.5,10.3,454.7,170
2026-06-23 18:00:00,PZ-003,EQ-012,WBM,53.4,15.5,536.0,230
2026-06-24 00:00:00,PZ-003,EQ-012,WBM,53.0,12.9,630.9,230
2026-06-24 06:00:00,PZ-003,EQ-012,OBM,59.5,10.4,658.1,170
2026-06-24 12:00:00,PZ-003,EQ-012,WBM,50.0,11.7,719.9,100
2026-06-24 18:00:00,PZ-003,EQ-012,OBM,70.9,13.0,689.6,230
2026-06-25 00:00:00,PZ-003,EQ-012,WBM,55.5,11.6,489.4,230
2026-06-25 06:00:00,PZ-003,EQ-012,OBM,49.1,13.9,763.1,200
2026-06-25 12:00:00,PZ-003,EQ-012,OBM,63.1,11.8,811.4,140
2026-06-25 18:00:00,PZ-003,EQ-012,WBM,46.1,12.4,739.4,170
2026-06-26 00:00:00,PZ-003,EQ-012,WBM,45.5,12.6,601.2,140
2026-06-26 06:00:00,PZ-003,EQ-012,WBM,46.5,12.8,334.0,170
2026-06-26 12:00:00,PZ-003,EQ-012,OBM,57.6,11.8,720.7,100
2026-06-26 18:00:00,PZ-003,EQ-012,OBM,74.2,13.3,638.6,170
2026-06-27 00:00:00,PZ-003,EQ-012,WBM,52.7,13.4,420.1,140
2026-06-27 06:00:00,PZ-003,EQ-012,OBM,63.1,14.1,310.5,100
2026-06-27 12:00:00,PZ-003,EQ-012,WBM,41.4,12.0,687.4,230
2026-06-27 18:00:00,PZ-003,EQ-012,WBM,77.7,15.1,597.3,170
2026-06-28 00:00:00,PZ-003,EQ-012,OBM,77.3,14.5,696.9,200
2026-06-28 06:00:00,PZ-003,EQ-012,OBM,42.3,13.8,653.3,230
2026-06-28 12:00:00,PZ-003,EQ-012,OBM,69.2,14.0,654.1,200
2026-06-28 18:00:00,PZ-003,EQ-012,WBM,61.8,14.2,336.6,200
2026-06-29 00:00:00,PZ-003,EQ-012,OBM,77.8,10.8,373.7,230
2026-06-29 06:00:00,PZ-003,EQ-012,WBM,51.6,14.1,688.7,230
2026-06-29 12:00:00,PZ-003,EQ-012,WBM,57.7,12.5,790.9,170
2026-06-29 18:00:00,PZ-003,EQ-012,OBM,42.2,11.2,517.3,140
2026-06-30 00:00:00,PZ-003,EQ-012,OBM,63.9,12.0,686.6,230
2026-06-30 06:00:00,PZ-003,EQ-012,WBM,74.5,12.4,819.5,230
2026-06-30 12:00:00,PZ-003,EQ-012,OBM,72.2,14.5,815.2,230
2026-06-30 18:00:00,PZ-003,EQ-012,WBM,68.2,14.4,449.4,170
2026-07-01 00:00:00,PZ-003,EQ-012,WBM,84.9,13.6,807.2,230
2026-07-01 06:00:00,PZ-003,EQ-012,OBM,66.9,11.9,389.1,230
2026-07-01 12:00:00,PZ-003,EQ-012,OBM,78.2,9.1,336.4,140
2026-07-01 18:00:00,PZ-003,EQ-012,WBM,74.3,15.4,419.9,100
2026-07-02 00:00:00,PZ-003,EQ-012,WBM,72.8,13.3,344.6,140
2026-07-02 06:00:00,PZ-003,EQ-012,WBM,44.7,10.0,301.1,100
2026-07-02 12:00:00,PZ-003,EQ-012,OBM,62.1,13.8,380.2,170
2026-07-02 18:00:00,PZ-003,EQ-012,WBM,45.4,10.7,739.0,100
2026-07-03 00:00:00,PZ-003,EQ-012,OBM,55.4,9.7,421.2,230
2026-07-03 06:00:00,PZ-003,EQ-012,WBM,76.0,12.1,684.6,100
2026-07-03 12:00:00,PZ-003,EQ-012,WBM,62.4,11.6,742.1,230
2026-07-03 18:00:00,PZ-003,EQ-012,OBM,65.7,11.9,331.9,140
2026-07-04 00:00:00,PZ-003,EQ-012,OBM,83.5,13.6,797.7,170
2026-07-04 06:00:00,PZ-003,EQ-012,OBM,54.5,15.8,353.4,230
2026-07-04 12:00:00,PZ-003,EQ-012,OBM,80.6,11.0,385.7,140
2026-07-04 18:00:00,PZ-003,EQ-012,WBM,60.8,10.3,709.8,170
2026-07-05 00:00:00,PZ-003,EQ-012,OBM,73.5,13.2,824.7,230
2026-07-05 06:00:00,PZ-003,EQ-012,WBM,43.3,10.3,710.3,100
2026-07-05 12:00:00,PZ-003,EQ-012,WBM,68.8,15.8,820.6,170
2026-07-05 18:00:00,PZ-003,EQ-012,OBM,66.4,13.6,707.8,140
2026-07-06 00:00:00,PZ-003,EQ-012,WBM,65.7,14.9,806.4,170
2026-07-06 06:00:00,PZ-003,EQ-012,WBM,51.4,11.0,351.4,170
2026-07-06 12:00:00,PZ-003,EQ-012,OBM,75.7,12.2,781.6,200
2026-07-06 18:00:00,PZ-003,EQ-012,WBM,61.7,14.0,415.8,230
2026-07-07 00:00:00,PZ-003,EQ-012,OBM,69.5,12.9,461.0,200
2026-07-07 06:00:00,PZ-003,EQ-012,OBM,52.6,12.8,392.9,100
2026-07-07 12:00:00,PZ-003,EQ-012,OBM,68.4,11.9,518.0,140
2026-07-07 18:00:00,PZ-003,EQ-012,WBM,76.8,14.6,546.8,140
2026-07-08 00:00:00,PZ-003,EQ-012,WBM,63.3,12.1,612.7,200
2026-07-08 06:00:00,PZ-003,EQ-012,OBM,47.2,11.5,428.3,230
2026-07-08 12:00:00,PZ-003,EQ-012,OBM,68.9,10.1,447.7,170
2026-07-08 18:00:00,PZ-003,EQ-012,OBM,40.5,9.0,754.7,100
2026-07-09 00:00:00,PZ-003,EQ-012,OBM,77.9,10.3,766.4,230
2026-07-09 06:00:00,PZ-003,EQ-012,WBM,40.6,9.1,636.6,170
2026-07-09 12:00:00,PZ-003,EQ-012,WBM,72.0,10.1,597.1,100
2026-07-09 18:00:00,PZ-003,EQ-012,WBM,57.7,14.7,479.6,230
2026-07-10 00:00:00,PZ-003,EQ-012,OBM,81.4,9.5,366.5,230
2026-07-10 06:00:00,PZ-003,EQ-012,WBM,74.6,10.8,700.0,140
2026-07-10 12:00:00,PZ-003,EQ-012,OBM,48.1,12.7,711.2,140
2026-07-10 18:00:00,PZ-003,EQ-012,OBM,63.0,12.7,750.9,140
2026-07-11 00:00:00,PZ-003,EQ-012,OBM,75.9,11.2,654.9,140
2026-07-11 06:00:00,PZ-003,EQ-012,OBM,43.0,10.2,751.8,170
2026-07-11 12:00:00,PZ-003,EQ-012,OBM,62.0,12.9,528.6,100
2026-07-11 18:00:00,PZ-003,EQ-012,OBM,48.4,14.9,761.9,170
2026-07-12 00:00:00,PZ-003,EQ-012,OBM,73.2,13.6,848.2,170
2026-07-12 06:00:00,PZ-003,EQ-012,OBM,76.8,12.3,705.7,100
2026-07-12 12:00:00,PZ-003,EQ-012,OBM,57.7,11.7,356.6,230
2026-07-12 18:00:00,PZ-003,EQ-012,OBM,76.8,10.3,330.9,170
2026-07-13 00:00:00,PZ-003,EQ-012,WBM,71.4,14.7,434.9,140
2026-07-13 06:00:00,PZ-003,EQ-012,OBM,41.3,10.9,372.9,100
2026-07-13 12:00:00,PZ-003,EQ-012,OBM,51.3,12.2,651.5,200
2026-07-13 18:00:00,PZ-003,EQ-012,WBM,79.0,11.2,343.7,200
2026-07-14 00:00:00,PZ-003,EQ-012,OBM,53.7,14.6,834.1,100
2026-07-14 06:00:00,PZ-003,EQ-012,WBM,59.8,11.5,705.0,200
2026-07-14 12:00:00,PZ-003,EQ-012,OBM,43.6,13.4,328.5,230
2026-07-14 18:00:00,PZ-003,EQ-012,OBM,64.0,14.7,562.2,200
2026-07-15 00:00:00,PZ-003,EQ-012,OBM,43.0,10.4,835.9,230
2026-07-15 06:00:00,PZ-003,EQ-012,OBM,43.0,15.2,789.6,230
2026-07-15 12:00:00,PZ-003,EQ-012,OBM,58.0,11.3,836.3,170
2026-07-15 18:00:00,PZ-003,EQ-012,OBM,78.6,15.5,350.8,230
2026-07-16 00:00:00,PZ-003,EQ-012,OBM,80.8,16.0,690.1,230
2026-07-16 06:00:00,PZ-003,EQ-012,WBM,82.0,9.5,481.5,170
2026-07-16 12:00:00,PZ-003,EQ-012,OBM,40.2,13.5,778.3,100
2026-07-16 18:00:00,PZ-003,EQ-012,WBM,67.1,12.2,671.8,140
2026-07-17 00:00:00,PZ-003,EQ-012,OBM,78.1,11.1,504.5,100
2026-07-17 06:00:00,PZ-003,EQ-012,OBM,63.0,10.6,521.6,140
2026-07-17 12:00:00,PZ-003,EQ-012,OBM,57.5,15.4,488.4,140
2026-07-17 18:00:00,PZ-003,EQ-012,OBM,54.3,13.1,815.9,170
2026-07-18 00:00:00,PZ-003,EQ-012,OBM,82.2,15.4,439.6,100
2026-07-18 06:00:00,PZ-003,EQ-012,OBM,44.3,16.0,714.0,230
2026-07-18 12:00:00,PZ-003,EQ-012,WBM,65.6,13.4,849.9,230
2026-07-18 18:00:00,PZ-003,EQ-012,OBM,46.6,11.1,435.8,200
2026-07-19 00:00:00,PZ-003,EQ-012,WBM,44.3,10.5,491.4,140
2026-07-19 06:00:00,PZ-003,EQ-012,OBM,43.6,14.4,549.3,170
2026-07-19 12:00:00,PZ-003,EQ-012,OBM,72.3,12.0,311.0,170
2026-07-19 18:00:00,PZ-003,EQ-012,WBM,61.4,14.2,479.1,170
2026-07-20 00:00:00,PZ-003,EQ-012,OBM,76.5,14.8,717.6,200
2026-07-20 06:00:00,PZ-003,EQ-012,OBM,68.6,11.9,326.7,230
2026-07-20 12:00:00,PZ-003,EQ-012,OBM,64.5,15.7,501.6,170
2026-07-20 18:00:00,PZ-003,EQ-012,OBM,82.6,12.9,775.1,230
2026-07-21 00:00:00,PZ-003,EQ-012,OBM,74.2,9.8,560.2,230
2026-07-21 06:00:00,PZ-003,EQ-012,OBM,71.4,15.5,691.6,100
2026-07-21 12:00:00,PZ-003,EQ-012,WBM,57.0,14.5,590.4,200
2026-07-21 18:00:00,PZ-003,EQ-012,OBM,81.4,13.9,366.8,170
2026-07-22 00:00:00,PZ-003,EQ-012,WBM,40.6,13.6,571.2,140
2026-07-22 06:00:00,PZ-003,EQ-012,OBM,50.5,12.6,700.8,200
2026-07-22 12:00:00,PZ-003,EQ-012,WBM,84.0,16.0,628.8,200
2026-07-22 18:00:00,PZ-003,EQ-012,OBM,72.5,12.5,517.5,140
2026-07-23 00:00:00,PZ-003,EQ-012,WBM,49.0,12.8,835.6,140
2026-07-23 06:00:00,PZ-003,EQ-012,OBM,44.3,12.6,608.1,100
2026-07-23 12:00:00,PZ-003,EQ-012,WBM,82.3,11.0,809.8,100
2026-07-23 18:00:00,PZ-003,EQ-012,OBM,52.1,9.4,703.2,100
2026-07-24 00:00:00,PZ-003,EQ-012,OBM,64.8,13.9,832.6,200
2026-07-24 06:00:00,PZ-003,EQ-012,OBM,45.5,11.1,469.3,230
2026-07-24 12:00:00,PZ-003,EQ-012,OBM,57.9,9.5,499.6,170
2026-07-24 18:00:00,PZ-003,EQ-012,WBM,57.1,14.5,717.4,170
2026-07-25 00:00:00,PZ-003,EQ-012,OBM,81.8,15.7,668.9,170
2026-07-25 06:00:00,PZ-003,EQ-012,OBM,56.9,15.4,478.3,100
2026-07-25 12:00:00,PZ-003,EQ-012,OBM,48.3,15.3,578.5,230
2026-07-25 18:00:00,PZ-003,EQ-012,OBM,61.3,12.4,614.2,140
2026-07-26 00:00:00,PZ-003,EQ-012,OBM,57.6,14.2,821.7,140
2026-07-26 06:00:00,PZ-003,EQ-012,WBM,50.0,14.2,334.0,230
2026-07-26 12:00:00,PZ-003,EQ-012,WBM,71.5,11.4,550.7,170
2026-07-26 18:00:00,PZ-003,EQ-012,OBM,56.3,14.3,765.0,230
2026-07-27 00:00:00,PZ-003,EQ-012,OBM,60.4,10.1,593.3,170
2026-07-27 06:00:00,PZ-003,EQ-012,WBM,49.3,11.5,569.1,200
2026-07-27 12:00:00,PZ-003,EQ-012,OBM,74.8,13.4,469.4,100
2026-07-27 18:00:00,PZ-003,EQ-012,OBM,64.0,9.9,744.7,230
2026-07-28 00:00:00,PZ-003,EQ-012,OBM,66.9,14.1,486.7,200
2026-07-28 06:00:00,PZ-003,EQ-012,OBM,55.4,11.1,676.8,100
2026-07-28 12:00:00,PZ-003,EQ-012,WBM,48.3,14.4,629.4,140
2026-07-28 18:00:00,PZ-003,EQ-012,WBM,54.4,11.6,473.0,140
2026-07-29 00:00:00,PZ-003,EQ-012,OBM,50.7,10.8,423.9,170
2026-07-29 06:00:00,PZ-003,EQ-012,OBM,80.5,9.6,762.1,170
2026-07-29 12:00:00,PZ-003,EQ-012,WBM,76.5,14.8,481.3,140
2026-07-29 18:00:00,PZ-003,EQ-012,WBM,48.4,10.3,587.4,230
2026-07-30 00:00:00,PZ-003,EQ-012,OBM,51.1,13.7,745.6,100
2026-07-30 06:00:00,PZ-003,EQ-012,WBM,75.6,11.1,374.2,200
2026-07-30 12:00:00,PZ-003,EQ-012,WBM,60.5,13.9,337.3,230
2026-07-30 18:00:00,PZ-003,EQ-012,OBM,65.6,11.4,699.2,140
2026-07-31 00:00:00,PZ-003,EQ-012,OBM,41.8,10.9,310.7,200
2026-05-01 00:00:00,PZ-003,EQ-013,OBM,53.8,11.6,698.9,0
2026-05-01 06:00:00,PZ-003,EQ-013,OBM,77.9,10.4,844.1,0
2026-05-01 12:00:00,PZ-003,EQ-013,WBM,80.2,14.3,811.9,0
2026-05-01 18:00:00,PZ-003,EQ-013,OBM,40.2,12.3,410.1,0
2026-05-02 00:00:00,PZ-003,EQ-013,OBM,43.8,14.1,395.1,0
2026-05-02 06:00:00,PZ-003,EQ-013,WBM,55.2,10.8,397.2,0
2026-05-02 12:00:00,PZ-003,EQ-013,OBM,50.2,14.0,703.1,0
2026-05-02 18:00:00,PZ-003,EQ-013,WBM,80.1,12.6,491.2,0
2026-05-03 00:00:00,PZ-003,EQ-013,WBM,44.5,14.7,347.7,0
2026-05-03 06:00:00,PZ-003,EQ-013,WBM,75.2,9.3,469.6,0
2026-05-03 12:00:00,PZ-003,EQ-013,OBM,52.7,10.9,738.8,0
2026-05-03 18:00:00,PZ-003,EQ-013,WBM,41.8,9.3,717.6,0
2026-05-04 00:00:00,PZ-003,EQ-013,OBM,71.4,15.4,787.2,0
2026-05-04 06:00:00,PZ-003,EQ-013,OBM,53.9,12.5,576.1,0
2026-05-04 12:00:00,PZ-003,EQ-013,WBM,69.5,12.2,641.1,0
2026-05-04 18:00:00,PZ-003,EQ-013,OBM,49.5,15.1,568.4,0
2026-05-05 00:00:00,PZ-003,EQ-013,WBM,70.4,10.5,844.3,0
2026-05-05 06:00:00,PZ-003,EQ-013,WBM,69.6,10.9,751.2,0
2026-05-05 12:00:00,PZ-003,EQ-013,OBM,67.2,14.9,340.0,0
2026-05-05 18:00:00,PZ-003,EQ-013,OBM,69.5,10.4,495.9,0
2026-05-06 00:00:00,PZ-003,EQ-013,OBM,55.5,11.2,414.1,0
2026-05-06 06:00:00,PZ-003,EQ-013,WBM,83.3,10.1,802.3,0
2026-05-06 12:00:00,PZ-003,EQ-013,WBM,50.4,13.5,677.0,0
2026-05-06 18:00:00,PZ-003,EQ-013,WBM,81.3,15.9,537.1,0
2026-05-07 00:00:00,PZ-003,EQ-013,OBM,54.5,9.5,550.8,0
2026-05-07 06:00:00,PZ-003,EQ-013,WBM,66.2,15.2,419.7,0
2026-05-07 12:00:00,PZ-003,EQ-013,OBM,51.5,10.3,507.9,0
2026-05-07 18:00:00,PZ-003,EQ-013,OBM,67.8,11.8,593.9,0
2026-05-08 00:00:00,PZ-003,EQ-013,WBM,49.3,15.7,826.5,0
2026-05-08 06:00:00,PZ-003,EQ-013,WBM,58.9,9.3,660.2,0
2026-05-08 12:00:00,PZ-003,EQ-013,WBM,61.8,15.7,534.7,0
2026-05-08 18:00:00,PZ-003,EQ-013,OBM,63.9,11.6,512.2,0
2026-05-09 00:00:00,PZ-003,EQ-013,OBM,59.7,10.9,388.3,0
2026-05-09 06:00:00,PZ-003,EQ-013,OBM,42.6,10.1,821.2,0
2026-05-09 12:00:00,PZ-003,EQ-013,WBM,71.2,9.4,706.4,0
2026-05-09 18:00:00,PZ-003,EQ-013,OBM,72.9,9.6,699.7,0
2026-05-10 00:00:00,PZ-003,EQ-013,WBM,82.4,12.5,832.1,0
2026-05-10 06:00:00,PZ-003,EQ-013,OBM,42.8,13.4,343.3,0
2026-05-10 12:00:00,PZ-003,EQ-013,WBM,73.7,10.1,765.6,0
2026-05-10 18:00:00,PZ-003,EQ-013,WBM,57.8,15.9,360.7,0
2026-05-11 00:00:00,PZ-003,EQ-013,OBM,54.0,14.0,410.0,0
2026-05-11 06:00:00,PZ-003,EQ-013,WBM,60.3,14.4,719.1,0
2026-05-11 12:00:00,PZ-003,EQ-013,OBM,51.9,10.7,637.6,0
2026-05-11 18:00:00,PZ-003,EQ-013,WBM,67.3,11.6,711.1,0
2026-05-12 00:00:00,PZ-003,EQ-013,OBM,40.1,13.5,711.9,0
2026-05-12 06:00:00,PZ-003,EQ-013,OBM,83.5,11.1,422.7,0
2026-05-12 12:00:00,PZ-003,EQ-013,OBM,82.7,13.3,466.8,0
2026-05-12 18:00:00,PZ-003,EQ-013,OBM,66.9,10.1,649.0,0
2026-05-13 00:00:00,PZ-003,EQ-013,WBM,64.3,15.9,492.4,0
2026-05-13 06:00:00,PZ-003,EQ-013,WBM,73.0,9.8,450.5,0
2026-05-13 12:00:00,PZ-003,EQ-013,OBM,74.9,13.3,626.5,0
2026-05-13 18:00:00,PZ-003,EQ-013,OBM,50.1,10.1,520.0,0
2026-05-14 00:00:00,PZ-003,EQ-013,WBM,45.8,9.7,621.9,0
2026-05-14 06:00:00,PZ-003,EQ-013,WBM,66.7,14.3,482.7,0
2026-05-14 12:00:00,PZ-003,EQ-013,WBM,82.1,11.4,848.6,0
2026-05-14 18:00:00,PZ-003,EQ-013,OBM,40.9,12.8,347.8,0
2026-05-15 00:00:00,PZ-003,EQ-013,OBM,83.8,13.3,587.2,0
2026-05-15 06:00:00,PZ-003,EQ-013,WBM,61.1,13.4,813.1,0
2026-05-15 12:00:00,PZ-003,EQ-013,OBM,78.8,12.6,491.1,0
2026-05-15 18:00:00,PZ-003,EQ-013,OBM,43.7,11.6,846.7,0
2026-05-16 00:00:00,PZ-003,EQ-013,OBM,77.9,13.5,613.4,0
2026-05-16 06:00:00,PZ-003,EQ-013,OBM,44.1,15.7,537.8,0
2026-05-16 12:00:00,PZ-003,EQ-013,OBM,42.5,15.7,735.9,0
2026-05-16 18:00:00,PZ-003,EQ-013,OBM,73.2,12.3,636.3,0
2026-05-17 00:00:00,PZ-003,EQ-013,OBM,43.3,12.8,604.0,0
2026-05-17 06:00:00,PZ-003,EQ-013,OBM,51.2,15.2,615.3,0
2026-05-17 12:00:00,PZ-003,EQ-013,WBM,78.6,15.5,726.2,0
2026-05-17 18:00:00,PZ-003,EQ-013,WBM,78.8,12.4,390.2,0
2026-05-18 00:00:00,PZ-003,EQ-013,OBM,52.9,9.2,409.9,0
2026-05-18 06:00:00,PZ-003,EQ-013,WBM,48.7,11.7,829.0,0
2026-05-18 12:00:00,PZ-003,EQ-013,WBM,82.8,13.5,550.5,0
2026-05-18 18:00:00,PZ-003,EQ-013,OBM,50.5,11.7,590.3,0
2026-05-19 00:00:00,PZ-003,EQ-013,OBM,56.1,14.0,618.0,0
2026-05-19 06:00:00,PZ-003,EQ-013,WBM,80.6,14.7,650.7,0
2026-05-19 12:00:00,PZ-003,EQ-013,WBM,82.8,9.7,609.8,0
2026-05-19 18:00:00,PZ-003,EQ-013,OBM,67.5,15.4,551.7,0
2026-05-20 00:00:00,PZ-003,EQ-013,OBM,47.2,10.3,693.9,0
2026-05-20 06:00:00,PZ-003,EQ-013,OBM,46.7,12.0,712.5,0
2026-05-20 12:00:00,PZ-003,EQ-013,WBM,51.3,11.6,338.3,0
2026-05-20 18:00:00,PZ-003,EQ-013,OBM,42.8,11.8,527.7,0
2026-05-21 00:00:00,PZ-003,EQ-013,OBM,55.6,11.9,738.6,0
2026-05-21 06:00:00,PZ-003,EQ-013,OBM,62.8,11.1,700.1,0
2026-05-21 12:00:00,PZ-003,EQ-013,OBM,70.0,14.6,835.0,0
2026-05-21 18:00:00,PZ-003,EQ-013,OBM,40.0,12.7,418.1,0
2026-05-22 00:00:00,PZ-003,EQ-013,OBM,73.6,11.9,668.6,0
2026-05-22 06:00:00,PZ-003,EQ-013,OBM,53.1,11.7,492.4,0
2026-05-22 12:00:00,PZ-003,EQ-013,WBM,44.2,13.6,600.5,0
2026-05-22 18:00:00,PZ-003,EQ-013,WBM,58.5,14.5,789.3,0
2026-05-23 00:00:00,PZ-003,EQ-013,WBM,70.2,10.7,473.4,0
2026-05-23 06:00:00,PZ-003,EQ-013,OBM,69.2,13.3,667.4,0
2026-05-23 12:00:00,PZ-003,EQ-013,OBM,68.5,13.5,735.5,0
2026-05-23 18:00:00,PZ-003,EQ-013,OBM,59.8,13.7,550.6,0
2026-05-24 00:00:00,PZ-003,EQ-013,WBM,70.4,13.0,395.0,0
2026-05-24 06:00:00,PZ-003,EQ-013,OBM,47.1,10.3,838.1,0
2026-05-24 12:00:00,PZ-003,EQ-013,WBM,66.6,12.7,764.5,0
2026-05-24 18:00:00,PZ-003,EQ-013,OBM,49.5,13.5,322.1,0
2026-05-25 00:00:00,PZ-003,EQ-013,OBM,41.1,13.1,762.2,0
2026-05-25 06:00:00,PZ-003,EQ-013,WBM,72.1,15.5,694.4,0
2026-05-25 12:00:00,PZ-003,EQ-013,WBM,40.7,13.9,427.1,0
2026-05-25 18:00:00,PZ-003,EQ-013,OBM,63.9,14.3,728.7,0
2026-05-26 00:00:00,PZ-003,EQ-013,OBM,84.2,15.6,753.3,0
2026-05-26 06:00:00,PZ-003,EQ-013,OBM,44.7,10.9,303.1,0
2026-05-26 12:00:00,PZ-003,EQ-013,OBM,46.6,15.3,743.1,0
2026-05-26 18:00:00,PZ-003,EQ-013,WBM,76.9,14.6,820.0,0
2026-05-27 00:00:00,PZ-003,EQ-013,OBM,58.5,10.8,717.1,0
2026-05-27 06:00:00,PZ-003,EQ-013,OBM,64.0,14.6,451.7,0
2026-05-27 12:00:00,PZ-003,EQ-013,OBM,82.4,10.9,815.2,0
2026-05-27 18:00:00,PZ-003,EQ-013,OBM,75.4,13.2,434.2,0
2026-05-28 00:00:00,PZ-003,EQ-013,OBM,72.6,10.5,638.3,0
2026-05-28 06:00:00,PZ-003,EQ-013,WBM,63.9,11.0,352.9,0
2026-05-28 12:00:00,PZ-003,EQ-013,OBM,42.1,11.8,441.7,0
2026-05-28 18:00:00,PZ-003,EQ-013,WBM,46.3,10.3,741.9,0
2026-05-29 00:00:00,PZ-003,EQ-013,WBM,44.5,11.1,738.9,0
2026-05-29 06:00:00,PZ-003,EQ-013,WBM,58.2,12.9,316.3,0
2026-05-29 12:00:00,PZ-003,EQ-013,WBM,40.4,13.7,691.8,0
2026-05-29 18:00:00,PZ-003,EQ-013,WBM,63.8,11.7,685.3,0
2026-05-30 00:00:00,PZ-003,EQ-013,WBM,68.9,13.8,503.9,0
2026-05-30 06:00:00,PZ-003,EQ-013,OBM,47.9,15.3,542.5,0
2026-05-30 12:00:00,PZ-003,EQ-013,OBM,62.7,11.8,803.5,0
2026-05-30 18:00:00,PZ-003,EQ-013,WBM,56.3,15.0,816.3,0
2026-05-31 00:00:00,PZ-003,EQ-013,OBM,51.6,15.8,628.6,0
2026-05-31 06:00:00,PZ-003,EQ-013,WBM,68.6,14.7,494.3,0
2026-05-31 12:00:00,PZ-003,EQ-013,OBM,55.3,10.7,679.0,0
2026-05-31 18:00:00,PZ-003,EQ-013,OBM,62.1,13.2,378.3,0
2026-06-01 00:00:00,PZ-003,EQ-013,OBM,83.5,15.9,495.0,0
2026-06-01 06:00:00,PZ-003,EQ-013,OBM,68.8,11.3,714.3,0
2026-06-01 12:00:00,PZ-003,EQ-013,OBM,41.1,13.4,823.4,0
2026-06-01 18:00:00,PZ-003,EQ-013,OBM,53.2,14.0,685.0,0
2026-06-02 00:00:00,PZ-003,EQ-013,OBM,78.7,11.7,690.7,0
2026-06-02 06:00:00,PZ-003,EQ-013,WBM,81.3,12.9,495.4,0
2026-06-02 12:00:00,PZ-003,EQ-013,OBM,72.9,13.4,699.9,0
2026-06-02 18:00:00,PZ-003,EQ-013,OBM,63.4,15.9,832.4,0
2026-06-03 00:00:00,PZ-003,EQ-013,OBM,52.0,10.1,722.6,0
2026-06-03 06:00:00,PZ-003,EQ-013,WBM,74.1,15.4,813.3,0
2026-06-03 12:00:00,PZ-003,EQ-013,OBM,46.4,14.5,819.9,0
2026-06-03 18:00:00,PZ-003,EQ-013,OBM,40.2,11.9,525.9,0
2026-06-04 00:00:00,PZ-003,EQ-013,WBM,63.9,10.0,664.3,0
2026-06-04 06:00:00,PZ-003,EQ-013,OBM,75.8,13.3,404.4,0
2026-06-04 12:00:00,PZ-003,EQ-013,OBM,53.0,9.4,511.7,0
2026-06-04 18:00:00,PZ-003,EQ-013,OBM,65.2,15.9,715.9,0
2026-06-05 00:00:00,PZ-003,EQ-013,OBM,77.1,15.3,533.2,0
2026-06-05 06:00:00,PZ-003,EQ-013,OBM,75.0,12.8,364.8,0
2026-06-05 12:00:00,PZ-003,EQ-013,WBM,44.5,11.3,504.1,0
2026-06-05 18:00:00,PZ-003,EQ-013,WBM,41.5,10.1,363.3,0
2026-06-06 00:00:00,PZ-003,EQ-013,WBM,53.2,12.3,429.6,0
2026-06-06 06:00:00,PZ-003,EQ-013,OBM,64.7,15.0,583.0,0
2026-06-06 12:00:00,PZ-003,EQ-013,WBM,67.8,12.5,805.3,0
2026-06-06 18:00:00,PZ-003,EQ-013,OBM,65.4,14.0,787.8,0
2026-06-07 00:00:00,PZ-003,EQ-013,OBM,54.2,11.1,470.0,0
2026-06-07 06:00:00,PZ-003,EQ-013,WBM,66.1,14.7,319.9,0
2026-06-07 12:00:00,PZ-003,EQ-013,WBM,80.2,10.0,609.9,0
2026-06-07 18:00:00,PZ-003,EQ-013,WBM,73.4,15.2,402.4,0
2026-06-08 00:00:00,PZ-003,EQ-013,OBM,46.2,11.2,643.7,0
2026-06-08 06:00:00,PZ-003,EQ-013,WBM,72.9,10.9,743.0,0
2026-06-08 12:00:00,PZ-003,EQ-013,OBM,69.2,15.1,512.5,0
2026-06-08 18:00:00,PZ-003,EQ-013,WBM,71.6,14.3,543.6,0
2026-06-09 00:00:00,PZ-003,EQ-013,OBM,82.1,9.8,372.0,0
2026-06-09 06:00:00,PZ-003,EQ-013,OBM,61.2,15.7,673.7,0
2026-06-09 12:00:00,PZ-003,EQ-013,OBM,49.1,12.1,839.3,0
2026-06-09 18:00:00,PZ-003,EQ-013,OBM,75.9,12.1,598.0,0
2026-06-10 00:00:00,PZ-003,EQ-013,OBM,43.5,15.5,628.3,0
2026-06-10 06:00:00,PZ-003,EQ-013,OBM,59.4,13.0,756.2,0
2026-06-10 12:00:00,PZ-003,EQ-013,OBM,61.0,15.7,784.4,0
2026-06-10 18:00:00,PZ-003,EQ-013,OBM,66.4,14.9,599.2,0
2026-06-11 00:00:00,PZ-003,EQ-013,OBM,63.1,12.8,408.8,0
2026-06-11 06:00:00,PZ-003,EQ-013,OBM,77.8,9.1,778.2,0
2026-06-11 12:00:00,PZ-003,EQ-013,OBM,43.0,15.8,834.8,0
2026-06-11 18:00:00,PZ-003,EQ-013,WBM,63.0,14.3,422.8,0
2026-06-12 00:00:00,PZ-003,EQ-013,OBM,57.8,9.2,579.1,0
2026-06-12 06:00:00,PZ-003,EQ-013,OBM,41.7,12.8,547.5,0
2026-06-12 12:00:00,PZ-003,EQ-013,OBM,47.4,11.0,730.0,0
2026-06-12 18:00:00,PZ-003,EQ-013,OBM,57.4,12.2,465.1,0
2026-06-13 00:00:00,PZ-003,EQ-013,OBM,73.7,11.3,685.1,0
2026-06-13 06:00:00,PZ-003,EQ-013,WBM,51.9,10.4,778.4,0
2026-06-13 12:00:00,PZ-003,EQ-013,WBM,64.5,13.3,744.5,0
2026-06-13 18:00:00,PZ-003,EQ-013,OBM,83.4,11.1,436.5,0
2026-06-14 00:00:00,PZ-003,EQ-013,OBM,58.7,10.5,728.4,0
2026-06-14 06:00:00,PZ-003,EQ-013,OBM,78.0,10.4,757.8,0
2026-06-14 12:00:00,PZ-003,EQ-013,OBM,74.7,13.0,653.2,0
2026-06-14 18:00:00,PZ-003,EQ-013,WBM,54.9,14.7,556.2,0
2026-06-15 00:00:00,PZ-003,EQ-013,OBM,50.3,14.7,549.1,0
2026-06-15 06:00:00,PZ-003,EQ-013,WBM,80.5,9.6,379.4,0
2026-06-15 12:00:00,PZ-003,EQ-013,OBM,44.3,14.1,708.4,0
2026-06-15 18:00:00,PZ-003,EQ-013,OBM,54.4,11.5,670.9,0
2026-06-16 00:00:00,PZ-003,EQ-013,OBM,52.5,12.3,607.4,0
2026-06-16 06:00:00,PZ-003,EQ-013,OBM,50.2,9.6,644.8,0
2026-06-16 12:00:00,PZ-003,EQ-013,OBM,60.7,14.8,806.1,0
2026-06-16 18:00:00,PZ-003,EQ-013,OBM,41.6,12.1,553.9,0
2026-06-17 00:00:00,PZ-003,EQ-013,WBM,76.9,11.4,488.4,0
2026-06-17 06:00:00,PZ-003,EQ-013,OBM,43.4,11.5,446.8,0
2026-06-17 12:00:00,PZ-003,EQ-013,WBM,48.6,12.1,577.1,0
2026-06-17 18:00:00,PZ-003,EQ-013,OBM,55.1,11.6,730.4,0
2026-06-18 00:00:00,PZ-003,EQ-013,OBM,56.2,14.8,706.1,0
2026-06-18 06:00:00,PZ-003,EQ-013,OBM,40.3,9.6,670.9,0
2026-06-18 12:00:00,PZ-003,EQ-013,OBM,40.5,14.6,374.4,0
2026-06-18 18:00:00,PZ-003,EQ-013,OBM,42.3,11.4,346.5,0
2026-06-19 00:00:00,PZ-003,EQ-013,OBM,76.0,12.7,496.7,0
2026-06-19 06:00:00,PZ-003,EQ-013,OBM,44.7,12.9,303.3,0
2026-06-19 12:00:00,PZ-003,EQ-013,WBM,45.8,11.4,724.1,0
2026-06-19 18:00:00,PZ-003,EQ-013,WBM,40.4,15.8,625.7,0
2026-06-20 00:00:00,PZ-003,EQ-013,OBM,46.5,13.2,372.3,0
2026-06-20 06:00:00,PZ-003,EQ-013,OBM,65.1,9.8,318.9,0
2026-06-20 12:00:00,PZ-003,EQ-013,OBM,43.7,9.9,790.9,0
2026-06-20 18:00:00,PZ-003,EQ-013,OBM,51.4,12.4,430.1,0
2026-06-21 00:00:00,PZ-003,EQ-013,WBM,45.7,9.5,681.5,0
2026-06-21 06:00:00,PZ-003,EQ-013,OBM,79.6,14.2,553.9,0
2026-06-21 12:00:00,PZ-003,EQ-013,OBM,45.1,15.9,312.6,0
2026-06-21 18:00:00,PZ-003,EQ-013,WBM,62.7,12.9,432.1,0
2026-06-22 00:00:00,PZ-003,EQ-013,OBM,52.0,11.7,447.5,0
2026-06-22 06:00:00,PZ-003,EQ-013,OBM,79.2,10.2,340.5,0
2026-06-22 12:00:00,PZ-003,EQ-013,WBM,64.0,15.8,496.5,0
2026-06-22 18:00:00,PZ-003,EQ-013,WBM,81.7,10.3,801.9,0
2026-06-23 00:00:00,PZ-003,EQ-013,OBM,49.0,11.1,570.0,0
2026-06-23 06:00:00,PZ-003,EQ-013,OBM,83.9,13.2,696.8,0
2026-06-23 12:00:00,PZ-003,EQ-013,OBM,60.4,15.2,513.5,0
2026-06-23 18:00:00,PZ-003,EQ-013,WBM,51.7,11.6,467.2,0
2026-06-24 00:00:00,PZ-003,EQ-013,WBM,77.7,9.5,788.1,0
2026-06-24 06:00:00,PZ-003,EQ-013,WBM,65.3,12.5,570.2,0
2026-06-24 12:00:00,PZ-003,EQ-013,WBM,69.8,12.5,484.1,0
2026-06-24 18:00:00,PZ-003,EQ-013,OBM,57.7,14.9,806.1,0
2026-06-25 00:00:00,PZ-003,EQ-013,WBM,81.2,10.3,326.6,0
2026-06-25 06:00:00,PZ-003,EQ-013,OBM,81.5,13.5,823.5,0
2026-06-25 12:00:00,PZ-003,EQ-013,WBM,67.2,15.8,576.5,0
2026-06-25 18:00:00,PZ-003,EQ-013,WBM,51.0,11.4,324.0,0
2026-06-26 00:00:00,PZ-003,EQ-013,OBM,70.2,9.5,329.8,0
2026-06-26 06:00:00,PZ-003,EQ-013,OBM,63.8,15.1,746.0,0
2026-06-26 12:00:00,PZ-003,EQ-013,WBM,69.6,12.1,459.9,0
2026-06-26 18:00:00,PZ-003,EQ-013,OBM,81.0,9.7,453.9,0
2026-06-27 00:00:00,PZ-003,EQ-013,OBM,68.4,15.6,737.6,0
2026-06-27 06:00:00,PZ-003,EQ-013,WBM,60.3,13.9,760.9,0
2026-06-27 12:00:00,PZ-003,EQ-013,OBM,63.7,9.1,339.7,0
2026-06-27 18:00:00,PZ-003,EQ-013,WBM,58.0,11.4,650.5,0
2026-06-28 00:00:00,PZ-003,EQ-013,OBM,61.2,10.9,824.1,0
2026-06-28 06:00:00,PZ-003,EQ-013,OBM,54.0,12.6,359.9,0
2026-06-28 12:00:00,PZ-003,EQ-013,OBM,73.4,10.9,609.3,0
2026-06-28 18:00:00,PZ-003,EQ-013,WBM,80.8,15.0,583.8,0
2026-06-29 00:00:00,PZ-003,EQ-013,WBM,82.9,10.4,744.5,0
2026-06-29 06:00:00,PZ-003,EQ-013,OBM,56.6,11.5,650.6,0
2026-06-29 12:00:00,PZ-003,EQ-013,OBM,71.8,14.3,609.9,0
2026-06-29 18:00:00,PZ-003,EQ-013,OBM,61.9,13.3,595.5,0
2026-06-30 00:00:00,PZ-003,EQ-013,OBM,56.0,10.5,551.0,0
2026-06-30 06:00:00,PZ-003,EQ-013,OBM,80.7,13.3,770.5,0
2026-06-30 12:00:00,PZ-003,EQ-013,OBM,67.1,9.2,648.2,0
2026-06-30 18:00:00,PZ-003,EQ-013,WBM,66.2,15.4,305.3,0
2026-07-01 00:00:00,PZ-003,EQ-013,OBM,55.6,13.4,329.0,0
2026-07-01 06:00:00,PZ-003,EQ-013,WBM,53.8,12.5,507.4,0
2026-07-01 12:00:00,PZ-003,EQ-013,OBM,82.1,15.1,587.3,0
2026-07-01 18:00:00,PZ-003,EQ-013,OBM,58.4,11.0,354.0,0
2026-07-02 00:00:00,PZ-003,EQ-013,OBM,65.2,13.7,362.1,0
2026-07-02 06:00:00,PZ-003,EQ-013,OBM,82.8,11.5,782.6,0
2026-07-02 12:00:00,PZ-003,EQ-013,OBM,67.0,15.0,301.8,0
2026-07-02 18:00:00,PZ-003,EQ-013,WBM,82.7,10.1,320.3,0
2026-07-03 00:00:00,PZ-003,EQ-013,OBM,78.0,15.6,596.2,0
2026-07-03 06:00:00,PZ-003,EQ-013,OBM,51.9,15.5,667.1,0
2026-07-03 12:00:00,PZ-003,EQ-013,OBM,58.1,9.8,695.4,0
2026-07-03 18:00:00,PZ-003,EQ-013,OBM,50.3,15.7,313.9,0
2026-07-04 00:00:00,PZ-003,EQ-013,WBM,42.2,11.8,642.7,0
2026-07-04 06:00:00,PZ-003,EQ-013,OBM,76.4,12.3,698.0,0
2026-07-04 12:00:00,PZ-003,EQ-013,OBM,75.3,12.4,512.6,0
2026-07-04 18:00:00,PZ-003,EQ-013,OBM,72.7,11.5,614.2,0
2026-07-05 00:00:00,PZ-003,EQ-013,OBM,50.2,10.3,672.2,0
2026-07-05 06:00:00,PZ-003,EQ-013,WBM,55.6,14.6,738.6,0
2026-07-05 12:00:00,PZ-003,EQ-013,OBM,66.1,10.5,589.3,0
2026-07-05 18:00:00,PZ-003,EQ-013,OBM,55.1,13.7,651.1,0
2026-07-06 00:00:00,PZ-003,EQ-013,WBM,51.4,13.4,339.8,0
2026-07-06 06:00:00,PZ-003,EQ-013,OBM,74.0,11.3,569.3,0
2026-07-06 12:00:00,PZ-003,EQ-013,OBM,53.8,14.7,626.7,0
2026-07-06 18:00:00,PZ-003,EQ-013,OBM,74.9,14.4,573.6,0
2026-07-07 00:00:00,PZ-003,EQ-013,WBM,45.5,12.0,819.0,0
2026-07-07 06:00:00,PZ-003,EQ-013,OBM,68.1,9.9,514.7,0
2026-07-07 12:00:00,PZ-003,EQ-013,OBM,47.6,11.9,352.3,0
2026-07-07 18:00:00,PZ-003,EQ-013,WBM,64.3,10.6,425.2,0
2026-07-08 00:00:00,PZ-003,EQ-013,OBM,54.6,13.8,441.9,0
2026-07-08 06:00:00,PZ-003,EQ-013,OBM,76.1,9.3,629.2,0
2026-07-08 12:00:00,PZ-003,EQ-013,WBM,51.8,13.1,688.6,0
2026-07-08 18:00:00,PZ-003,EQ-013,OBM,47.7,10.0,642.7,0
2026-07-09 00:00:00,PZ-003,EQ-013,OBM,56.2,13.5,558.6,0
2026-07-09 06:00:00,PZ-003,EQ-013,WBM,73.3,10.8,579.8,0
2026-07-09 12:00:00,PZ-003,EQ-013,WBM,61.2,11.0,303.3,0
2026-07-09 18:00:00,PZ-003,EQ-013,OBM,74.7,11.0,524.4,0
2026-07-10 00:00:00,PZ-003,EQ-013,WBM,75.1,13.2,413.2,0
2026-07-10 06:00:00,PZ-003,EQ-013,OBM,49.4,11.3,665.4,0
2026-07-10 12:00:00,PZ-003,EQ-013,OBM,80.5,10.5,707.8,0
2026-07-10 18:00:00,PZ-003,EQ-013,OBM,79.2,12.2,698.4,0
2026-07-11 00:00:00,PZ-003,EQ-013,WBM,71.8,15.4,617.0,0
2026-07-11 06:00:00,PZ-003,EQ-013,WBM,51.7,9.7,582.4,0
2026-07-11 12:00:00,PZ-003,EQ-013,WBM,59.8,12.3,611.0,0
2026-07-11 18:00:00,PZ-003,EQ-013,WBM,43.6,9.4,532.7,0
2026-07-12 00:00:00,PZ-003,EQ-013,OBM,50.0,15.6,567.5,0
2026-07-12 06:00:00,PZ-003,EQ-013,OBM,72.1,13.3,814.3,0
2026-07-12 12:00:00,PZ-003,EQ-013,OBM,57.1,14.9,442.7,0
2026-07-12 18:00:00,PZ-003,EQ-013,OBM,49.6,10.6,467.9,0
2026-07-13 00:00:00,PZ-003,EQ-013,OBM,70.4,14.8,599.0,0
2026-07-13 06:00:00,PZ-003,EQ-013,WBM,64.9,11.3,421.3,0
2026-07-13 12:00:00,PZ-003,EQ-013,OBM,57.3,14.6,706.2,0
2026-07-13 18:00:00,PZ-003,EQ-013,OBM,53.3,13.5,770.5,0
2026-07-14 00:00:00,PZ-003,EQ-013,OBM,58.7,13.1,330.6,0
2026-07-14 06:00:00,PZ-003,EQ-013,OBM,79.1,13.9,402.3,0
2026-07-14 12:00:00,PZ-003,EQ-013,OBM,57.8,10.8,608.9,0
2026-07-14 18:00:00,PZ-003,EQ-013,OBM,61.8,13.9,769.4,0
2026-07-15 00:00:00,PZ-003,EQ-013,WBM,59.7,15.7,500.9,0
2026-07-15 06:00:00,PZ-003,EQ-013,OBM,58.9,15.7,792.0,0
2026-07-15 12:00:00,PZ-003,EQ-013,OBM,42.6,13.9,689.0,0
2026-07-15 18:00:00,PZ-003,EQ-013,WBM,81.2,12.0,659.5,0
2026-07-16 00:00:00,PZ-003,EQ-013,OBM,76.8,11.7,631.7,0
2026-07-16 06:00:00,PZ-003,EQ-013,OBM,81.7,13.0,796.1,0
2026-07-16 12:00:00,PZ-003,EQ-013,OBM,80.3,9.0,813.7,0
2026-07-16 18:00:00,PZ-003,EQ-013,WBM,42.5,11.4,641.4,0
2026-07-17 00:00:00,PZ-003,EQ-013,WBM,61.4,12.1,716.3,0
2026-07-17 06:00:00,PZ-003,EQ-013,WBM,51.5,11.1,629.5,0
2026-07-17 12:00:00,PZ-003,EQ-013,WBM,56.8,11.6,834.8,0
2026-07-17 18:00:00,PZ-003,EQ-013,OBM,71.9,9.0,846.2,0
2026-07-18 00:00:00,PZ-003,EQ-013,OBM,58.2,12.9,439.3,0
2026-07-18 06:00:00,PZ-003,EQ-013,OBM,80.3,10.1,732.9,0
2026-07-18 12:00:00,PZ-003,EQ-013,WBM,59.0,12.0,718.0,0
2026-07-18 18:00:00,PZ-003,EQ-013,WBM,65.3,14.3,732.4,0
2026-07-19 00:00:00,PZ-003,EQ-013,OBM,78.6,11.2,533.8,0
2026-07-19 06:00:00,PZ-003,EQ-013,WBM,78.7,11.2,300.8,0
2026-07-19 12:00:00,PZ-003,EQ-013,WBM,44.2,13.8,417.7,0
2026-07-19 18:00:00,PZ-003,EQ-013,OBM,60.7,12.0,680.9,0
2026-07-20 00:00:00,PZ-003,EQ-013,WBM,79.6,12.0,340.7,0
2026-07-20 06:00:00,PZ-003,EQ-013,OBM,52.4,14.6,668.4,0
2026-07-20 12:00:00,PZ-003,EQ-013,OBM,83.3,10.9,617.7,0
2026-07-20 18:00:00,PZ-003,EQ-013,OBM,42.2,9.3,746.0,0
2026-07-21 00:00:00,PZ-003,EQ-013,WBM,67.3,13.9,410.7,0
2026-07-21 06:00:00,PZ-003,EQ-013,OBM,66.5,11.7,740.8,0
2026-07-21 12:00:00,PZ-003,EQ-013,WBM,49.3,11.8,772.9,0
2026-07-21 18:00:00,PZ-003,EQ-013,WBM,80.2,9.9,646.3,0
2026-07-22 00:00:00,PZ-003,EQ-013,OBM,57.2,9.7,620.4,0
2026-07-22 06:00:00,PZ-003,EQ-013,OBM,68.7,12.5,585.7,0
2026-07-22 12:00:00,PZ-003,EQ-013,OBM,69.5,13.1,385.7,0
2026-07-22 18:00:00,PZ-003,EQ-013,WBM,81.4,14.3,604.1,0
2026-07-23 00:00:00,PZ-003,EQ-013,WBM,80.4,15.2,360.9,0
2026-07-23 06:00:00,PZ-003,EQ-013,OBM,54.6,14.2,637.9,0
2026-07-23 12:00:00,PZ-003,EQ-013,WBM,54.3,11.2,481.4,0
2026-07-23 18:00:00,PZ-003,EQ-013,WBM,60.0,11.6,704.4,0
2026-07-24 00:00:00,PZ-003,EQ-013,OBM,49.5,11.3,311.6,0
2026-07-24 06:00:00,PZ-003,EQ-013,WBM,42.9,13.2,849.0,0
2026-07-24 12:00:00,PZ-003,EQ-013,OBM,45.3,13.7,653.7,0
2026-07-24 18:00:00,PZ-003,EQ-013,WBM,54.2,9.6,524.1,0
2026-07-25 00:00:00,PZ-003,EQ-013,OBM,72.5,12.7,785.9,0
2026-07-25 06:00:00,PZ-003,EQ-013,WBM,77.7,11.0,329.5,0
2026-07-25 12:00:00,PZ-003,EQ-013,OBM,67.3,10.8,699.9,0
2026-07-25 18:00:00,PZ-003,EQ-013,OBM,66.3,14.5,714.2,0
2026-07-26 00:00:00,PZ-003,EQ-013,WBM,61.5,9.1,463.6,0
2026-07-26 06:00:00,PZ-003,EQ-013,WBM,45.7,12.2,702.0,0
2026-07-26 12:00:00,PZ-003,EQ-013,OBM,61.4,11.7,406.1,0
2026-07-26 18:00:00,PZ-003,EQ-013,OBM,60.9,14.5,687.2,0
2026-07-27 00:00:00,PZ-003,EQ-013,OBM,60.0,12.0,598.4,0
2026-07-27 06:00:00,PZ-003,EQ-013,OBM,80.7,9.2,377.2,0
2026-07-27 12:00:00,PZ-003,EQ-013,WBM,59.9,13.5,575.5,0
2026-07-27 18:00:00,PZ-003,EQ-013,OBM,47.4,15.0,564.9,0
2026-07-28 00:00:00,PZ-003,EQ-013,OBM,44.2,15.2,669.0,0
2026-07-28 06:00:00,PZ-003,EQ-013,OBM,63.3,9.7,391.6,0
2026-07-28 12:00:00,PZ-003,EQ-013,WBM,76.7,11.1,836.7,0
2026-07-28 18:00:00,PZ-003,EQ-013,WBM,61.4,12.3,570.9,0
2026-07-29 00:00:00,PZ-003,EQ-013,WBM,70.9,12.4,735.0,0
2026-07-29 06:00:00,PZ-003,EQ-013,WBM,42.2,13.9,837.8,0
2026-07-29 12:00:00,PZ-003,EQ-013,WBM,47.1,11.0,480.4,0
2026-07-29 18:00:00,PZ-003,EQ-013,OBM,52.3,9.4,505.3,0
2026-07-30 00:00:00,PZ-003,EQ-013,OBM,83.4,12.5,451.7,0
2026-07-30 06:00:00,PZ-003,EQ-013,OBM,64.1,13.2,715.3,0
2026-07-30 12:00:00,PZ-003,EQ-013,WBM,76.1,12.7,515.4,0
2026-07-30 18:00:00,PZ-003,EQ-013,OBM,46.7,11.9,484.6,0
2026-07-31 00:00:00,PZ-003,EQ-013,WBM,47.2,10.1,505.3,0
2026-05-01 00:00:00,PZ-003,EQ-014,WBM,58.7,11.2,733.1,0
2026-05-01 06:00:00,PZ-003,EQ-014,WBM,49.5,16.0,613.9,0
2026-05-01 12:00:00,PZ-003,EQ-014,WBM,47.6,9.9,738.5,0
2026-05-01 18:00:00,PZ-003,EQ-014,OBM,54.9,12.9,441.7,0
2026-05-02 00:00:00,PZ-003,EQ-014,OBM,46.8,13.3,768.7,0
2026-05-02 06:00:00,PZ-003,EQ-014,OBM,43.6,11.4,635.8,0
2026-05-02 12:00:00,PZ-003,EQ-014,WBM,76.0,15.8,399.7,0
2026-05-02 18:00:00,PZ-003,EQ-014,OBM,82.1,10.2,735.6,0
2026-05-03 00:00:00,PZ-003,EQ-014,OBM,70.3,11.6,404.8,0
2026-05-03 06:00:00,PZ-003,EQ-014,OBM,56.2,12.1,754.6,0
2026-05-03 12:00:00,PZ-003,EQ-014,WBM,81.0,11.7,491.6,0
2026-05-03 18:00:00,PZ-003,EQ-014,OBM,49.8,13.5,784.4,0
2026-05-04 00:00:00,PZ-003,EQ-014,OBM,58.5,13.6,504.8,0
2026-05-04 06:00:00,PZ-003,EQ-014,WBM,41.0,15.6,309.0,0
2026-05-04 12:00:00,PZ-003,EQ-014,WBM,57.6,14.8,413.3,0
2026-05-04 18:00:00,PZ-003,EQ-014,OBM,56.5,13.6,487.8,0
2026-05-05 00:00:00,PZ-003,EQ-014,OBM,53.9,10.4,744.2,0
2026-05-05 06:00:00,PZ-003,EQ-014,OBM,63.7,13.9,580.1,0
2026-05-05 12:00:00,PZ-003,EQ-014,OBM,46.6,13.1,787.2,0
2026-05-05 18:00:00,PZ-003,EQ-014,OBM,55.1,10.9,768.2,0
2026-05-06 00:00:00,PZ-003,EQ-014,OBM,46.6,14.3,601.9,0
2026-05-06 06:00:00,PZ-003,EQ-014,OBM,71.4,9.1,650.6,0
2026-05-06 12:00:00,PZ-003,EQ-014,WBM,73.9,11.1,452.3,0
2026-05-06 18:00:00,PZ-003,EQ-014,OBM,81.8,10.0,518.1,0
2026-05-07 00:00:00,PZ-003,EQ-014,OBM,60.1,13.9,477.2,0
2026-05-07 06:00:00,PZ-003,EQ-014,OBM,82.5,9.6,582.9,0
2026-05-07 12:00:00,PZ-003,EQ-014,OBM,41.0,15.8,464.0,0
2026-05-07 18:00:00,PZ-003,EQ-014,OBM,64.4,14.4,516.3,0
2026-05-08 00:00:00,PZ-003,EQ-014,OBM,57.7,15.4,768.2,0
2026-05-08 06:00:00,PZ-003,EQ-014,WBM,80.5,9.9,434.5,0
2026-05-08 12:00:00,PZ-003,EQ-014,WBM,76.1,13.1,825.9,0
2026-05-08 18:00:00,PZ-003,EQ-014,OBM,84.0,14.8,700.7,0
2026-05-09 00:00:00,PZ-003,EQ-014,OBM,55.6,12.7,635.0,0
2026-05-09 06:00:00,PZ-003,EQ-014,OBM,69.8,9.5,551.5,0
2026-05-09 12:00:00,PZ-003,EQ-014,WBM,54.1,9.9,530.2,0
2026-05-09 18:00:00,PZ-003,EQ-014,WBM,63.9,14.2,307.4,0
2026-05-10 00:00:00,PZ-003,EQ-014,WBM,79.1,9.3,380.1,0
2026-05-10 06:00:00,PZ-003,EQ-014,WBM,78.2,9.1,652.6,0
2026-05-10 12:00:00,PZ-003,EQ-014,OBM,75.0,12.5,417.0,0
2026-05-10 18:00:00,PZ-003,EQ-014,WBM,48.6,13.4,845.2,0
2026-05-11 00:00:00,PZ-003,EQ-014,OBM,64.2,16.0,601.1,0
2026-05-11 06:00:00,PZ-003,EQ-014,OBM,50.5,9.7,648.7,0
2026-05-11 12:00:00,PZ-003,EQ-014,WBM,59.1,12.8,845.4,0
2026-05-11 18:00:00,PZ-003,EQ-014,WBM,46.0,13.3,700.2,0
2026-05-12 00:00:00,PZ-003,EQ-014,WBM,67.9,12.8,394.2,0
2026-05-12 06:00:00,PZ-003,EQ-014,OBM,84.2,14.9,703.9,0
2026-05-12 12:00:00,PZ-003,EQ-014,OBM,80.7,9.4,550.8,0
2026-05-12 18:00:00,PZ-003,EQ-014,OBM,47.9,11.4,474.8,0
2026-05-13 00:00:00,PZ-003,EQ-014,WBM,63.2,15.0,708.1,0
2026-05-13 06:00:00,PZ-003,EQ-014,OBM,58.7,11.4,331.7,0
2026-05-13 12:00:00,PZ-003,EQ-014,WBM,73.4,11.6,821.8,0
2026-05-13 18:00:00,PZ-003,EQ-014,OBM,52.7,11.1,627.5,0
2026-05-14 00:00:00,PZ-003,EQ-014,OBM,82.1,14.5,737.7,0
2026-05-14 06:00:00,PZ-003,EQ-014,WBM,48.6,15.7,827.7,0
2026-05-14 12:00:00,PZ-003,EQ-014,WBM,51.0,15.9,336.6,0
2026-05-14 18:00:00,PZ-003,EQ-014,WBM,58.8,14.8,349.8,0
2026-05-15 00:00:00,PZ-003,EQ-014,OBM,71.5,14.3,716.6,0
2026-05-15 06:00:00,PZ-003,EQ-014,WBM,62.1,11.6,526.0,0
2026-05-15 12:00:00,PZ-003,EQ-014,WBM,69.7,9.0,334.7,0
2026-05-15 18:00:00,PZ-003,EQ-014,OBM,46.5,12.9,673.2,0
2026-05-16 00:00:00,PZ-003,EQ-014,OBM,81.0,12.6,386.5,0
2026-05-16 06:00:00,PZ-003,EQ-014,OBM,41.2,9.6,386.2,0
2026-05-16 12:00:00,PZ-003,EQ-014,WBM,60.4,11.6,789.9,0
2026-05-16 18:00:00,PZ-003,EQ-014,OBM,63.7,9.6,554.8,0
2026-05-17 00:00:00,PZ-003,EQ-014,WBM,44.1,11.3,513.9,0
2026-05-17 06:00:00,PZ-003,EQ-014,WBM,51.3,13.8,512.3,0
2026-05-17 12:00:00,PZ-003,EQ-014,OBM,64.7,10.7,586.8,0
2026-05-17 18:00:00,PZ-003,EQ-014,OBM,65.8,10.3,441.1,0
2026-05-18 00:00:00,PZ-003,EQ-014,WBM,55.7,15.9,494.6,0
2026-05-18 06:00:00,PZ-003,EQ-014,OBM,69.2,15.6,771.7,0
2026-05-18 12:00:00,PZ-003,EQ-014,OBM,50.4,13.3,788.0,0
2026-05-18 18:00:00,PZ-003,EQ-014,OBM,44.5,12.1,837.5,0
2026-05-19 00:00:00,PZ-003,EQ-014,OBM,41.4,13.9,814.0,0
2026-05-19 06:00:00,PZ-003,EQ-014,WBM,41.3,15.2,697.4,0
2026-05-19 12:00:00,PZ-003,EQ-014,WBM,76.2,14.7,366.3,0
2026-05-19 18:00:00,PZ-003,EQ-014,OBM,63.6,15.7,564.6,0
2026-05-20 00:00:00,PZ-003,EQ-014,OBM,82.4,11.8,426.4,0
2026-05-20 06:00:00,PZ-003,EQ-014,OBM,62.4,11.5,599.3,0
2026-05-20 12:00:00,PZ-003,EQ-014,WBM,52.6,13.2,691.4,0
2026-05-20 18:00:00,PZ-003,EQ-014,OBM,58.5,14.2,341.1,0
2026-05-21 00:00:00,PZ-003,EQ-014,WBM,60.2,10.5,457.8,0
2026-05-21 06:00:00,PZ-003,EQ-014,WBM,65.1,11.9,392.9,0
2026-05-21 12:00:00,PZ-003,EQ-014,WBM,42.6,13.3,737.6,0
2026-05-21 18:00:00,PZ-003,EQ-014,WBM,76.7,10.6,365.5,0
2026-05-22 00:00:00,PZ-003,EQ-014,OBM,67.0,14.0,331.2,0
2026-05-22 06:00:00,PZ-003,EQ-014,WBM,74.2,15.1,454.7,0
2026-05-22 12:00:00,PZ-003,EQ-014,WBM,44.7,11.3,596.0,0
2026-05-22 18:00:00,PZ-003,EQ-014,WBM,49.9,10.2,395.2,0
2026-05-23 00:00:00,PZ-003,EQ-014,OBM,42.7,16.0,587.5,0
2026-05-23 06:00:00,PZ-003,EQ-014,WBM,71.1,12.3,481.0,0
2026-05-23 12:00:00,PZ-003,EQ-014,OBM,53.1,12.1,492.7,0
2026-05-23 18:00:00,PZ-003,EQ-014,WBM,48.5,13.9,523.6,0
2026-05-24 00:00:00,PZ-003,EQ-014,OBM,48.6,12.9,708.6,0
2026-05-24 06:00:00,PZ-003,EQ-014,OBM,73.3,9.4,702.3,0
2026-05-24 12:00:00,PZ-003,EQ-014,OBM,50.9,14.9,564.3,0
2026-05-24 18:00:00,PZ-003,EQ-014,OBM,80.3,14.1,381.8,0
2026-05-25 00:00:00,PZ-003,EQ-014,OBM,67.4,15.4,436.9,0
2026-05-25 06:00:00,PZ-003,EQ-014,OBM,73.8,12.1,648.6,0
2026-05-25 12:00:00,PZ-003,EQ-014,OBM,77.0,10.3,682.5,0
2026-05-25 18:00:00,PZ-003,EQ-014,OBM,54.5,9.1,738.4,0
2026-05-26 00:00:00,PZ-003,EQ-014,WBM,55.1,12.5,686.4,0
2026-05-26 06:00:00,PZ-003,EQ-014,WBM,69.8,14.0,463.3,0
2026-05-26 12:00:00,PZ-003,EQ-014,OBM,70.5,13.5,332.4,0
2026-05-26 18:00:00,PZ-003,EQ-014,OBM,78.2,15.8,826.4,0
2026-05-27 00:00:00,PZ-003,EQ-014,WBM,79.9,9.5,768.2,0
2026-05-27 06:00:00,PZ-003,EQ-014,OBM,41.7,14.4,361.4,0
2026-05-27 12:00:00,PZ-003,EQ-014,OBM,71.3,9.0,521.7,0
2026-05-27 18:00:00,PZ-003,EQ-014,OBM,83.6,13.6,423.4,0
2026-05-28 00:00:00,PZ-003,EQ-014,OBM,50.1,12.9,520.2,0
2026-05-28 06:00:00,PZ-003,EQ-014,OBM,55.3,13.6,602.0,0
2026-05-28 12:00:00,PZ-003,EQ-014,WBM,64.2,10.1,745.9,0
2026-05-28 18:00:00,PZ-003,EQ-014,WBM,55.4,9.8,561.6,0
2026-05-29 00:00:00,PZ-003,EQ-014,OBM,82.9,14.3,398.7,0
2026-05-29 06:00:00,PZ-003,EQ-014,WBM,61.3,12.0,454.3,0
2026-05-29 12:00:00,PZ-003,EQ-014,WBM,66.0,10.7,738.6,0
2026-05-29 18:00:00,PZ-003,EQ-014,WBM,70.7,13.9,609.4,0
2026-05-30 00:00:00,PZ-003,EQ-014,OBM,43.7,13.7,558.4,0
2026-05-30 06:00:00,PZ-003,EQ-014,OBM,41.0,10.8,366.8,0
2026-05-30 12:00:00,PZ-003,EQ-014,WBM,84.5,10.9,665.0,0
2026-05-30 18:00:00,PZ-003,EQ-014,OBM,84.3,11.0,766.4,0
2026-05-31 00:00:00,PZ-003,EQ-014,OBM,53.9,13.7,764.7,0
2026-05-31 06:00:00,PZ-003,EQ-014,OBM,54.4,11.0,773.5,0
2026-05-31 12:00:00,PZ-003,EQ-014,WBM,67.2,10.5,426.4,0
2026-05-31 18:00:00,PZ-003,EQ-014,OBM,53.3,9.4,586.4,0
2026-06-01 00:00:00,PZ-003,EQ-014,OBM,50.6,13.2,770.7,0
2026-06-01 06:00:00,PZ-003,EQ-014,OBM,80.6,10.5,442.4,0
2026-06-01 12:00:00,PZ-003,EQ-014,WBM,80.9,15.5,328.5,0
2026-06-01 18:00:00,PZ-003,EQ-014,OBM,57.6,13.4,821.1,0
2026-06-02 00:00:00,PZ-003,EQ-014,WBM,41.5,11.5,485.7,0
2026-06-02 06:00:00,PZ-003,EQ-014,OBM,74.1,11.7,481.8,0
2026-06-02 12:00:00,PZ-003,EQ-014,OBM,50.5,11.2,753.8,0
2026-06-02 18:00:00,PZ-003,EQ-014,WBM,60.2,10.3,399.0,0
2026-06-03 00:00:00,PZ-003,EQ-014,OBM,77.8,15.9,340.7,0
2026-06-03 06:00:00,PZ-003,EQ-014,OBM,64.3,11.3,413.1,0
2026-06-03 12:00:00,PZ-003,EQ-014,OBM,48.0,15.7,359.2,0
2026-06-03 18:00:00,PZ-003,EQ-014,OBM,59.0,14.2,669.3,0
2026-06-04 00:00:00,PZ-003,EQ-014,WBM,63.1,13.5,598.6,0
2026-06-04 06:00:00,PZ-003,EQ-014,OBM,62.4,12.0,597.7,0
2026-06-04 12:00:00,PZ-003,EQ-014,OBM,72.5,13.2,653.7,0
2026-06-04 18:00:00,PZ-003,EQ-014,WBM,85.0,9.2,517.3,0
2026-06-05 00:00:00,PZ-003,EQ-014,WBM,75.7,12.0,740.6,0
2026-06-05 06:00:00,PZ-003,EQ-014,WBM,51.3,13.3,748.2,0
2026-06-05 12:00:00,PZ-003,EQ-014,WBM,83.8,9.8,567.6,0
2026-06-05 18:00:00,PZ-003,EQ-014,WBM,52.1,9.2,782.3,0
2026-06-06 00:00:00,PZ-003,EQ-014,OBM,63.5,13.2,685.5,0
2026-06-06 06:00:00,PZ-003,EQ-014,WBM,54.9,14.0,827.1,0
2026-06-06 12:00:00,PZ-003,EQ-014,OBM,48.7,9.8,820.3,0
2026-06-06 18:00:00,PZ-003,EQ-014,WBM,82.0,9.7,701.3,0
2026-06-07 00:00:00,PZ-003,EQ-014,WBM,55.2,10.0,632.5,0
2026-06-07 06:00:00,PZ-003,EQ-014,WBM,83.9,11.4,442.0,0
2026-06-07 12:00:00,PZ-003,EQ-014,WBM,85.0,11.1,523.0,0
2026-06-07 18:00:00,PZ-003,EQ-014,OBM,56.6,15.3,712.3,0
2026-06-08 00:00:00,PZ-003,EQ-014,OBM,81.5,12.5,703.5,0
2026-06-08 06:00:00,PZ-003,EQ-014,OBM,44.6,10.7,627.3,0
2026-06-08 12:00:00,PZ-003,EQ-014,OBM,58.2,12.2,685.9,0
2026-06-08 18:00:00,PZ-003,EQ-014,WBM,43.4,13.2,777.2,0
2026-06-09 00:00:00,PZ-003,EQ-014,WBM,45.7,14.7,818.0,0
2026-06-09 06:00:00,PZ-003,EQ-014,OBM,58.5,12.5,760.1,0
2026-06-09 12:00:00,PZ-003,EQ-014,OBM,49.7,11.4,654.4,0
2026-06-09 18:00:00,PZ-003,EQ-014,OBM,52.8,13.7,377.9,0
2026-06-10 00:00:00,PZ-003,EQ-014,OBM,83.7,15.4,455.8,0
2026-06-10 06:00:00,PZ-003,EQ-014,OBM,67.1,9.2,367.5,0
2026-06-10 12:00:00,PZ-003,EQ-014,OBM,80.8,10.1,511.5,0
2026-06-10 18:00:00,PZ-003,EQ-014,OBM,73.9,14.5,574.4,0
2026-06-11 00:00:00,PZ-003,EQ-014,WBM,81.9,10.6,475.9,0
2026-06-11 06:00:00,PZ-003,EQ-014,OBM,81.0,11.7,583.0,0
2026-06-11 12:00:00,PZ-003,EQ-014,OBM,74.6,14.8,373.2,0
2026-06-11 18:00:00,PZ-003,EQ-014,OBM,41.1,9.4,672.8,0
2026-06-12 00:00:00,PZ-003,EQ-014,OBM,73.0,9.2,677.8,0
2026-06-12 06:00:00,PZ-003,EQ-014,OBM,68.1,15.1,550.9,0
2026-06-12 12:00:00,PZ-003,EQ-014,OBM,58.7,12.5,685.3,0
2026-06-12 18:00:00,PZ-003,EQ-014,OBM,74.6,10.7,839.6,0
2026-06-13 00:00:00,PZ-003,EQ-014,OBM,54.6,14.3,551.0,0
2026-06-13 06:00:00,PZ-003,EQ-014,WBM,52.1,9.7,775.8,0
2026-06-13 12:00:00,PZ-003,EQ-014,OBM,76.9,15.3,358.5,0
2026-06-13 18:00:00,PZ-003,EQ-014,WBM,73.2,14.1,304.7,0
2026-06-14 00:00:00,PZ-003,EQ-014,OBM,58.9,15.4,497.9,0
2026-06-14 06:00:00,PZ-003,EQ-014,OBM,83.4,14.2,756.1,0
2026-06-14 12:00:00,PZ-003,EQ-014,OBM,46.4,11.1,643.0,0
2026-06-14 18:00:00,PZ-003,EQ-014,WBM,63.9,13.0,343.4,0
2026-06-15 00:00:00,PZ-003,EQ-014,OBM,42.4,14.3,617.0,0
2026-06-15 06:00:00,PZ-003,EQ-014,WBM,77.5,9.7,522.1,0
2026-06-15 12:00:00,PZ-003,EQ-014,OBM,71.7,9.2,305.2,0
2026-06-15 18:00:00,PZ-003,EQ-014,WBM,68.4,13.6,818.1,0
2026-06-16 00:00:00,PZ-003,EQ-014,OBM,40.3,11.5,582.2,0
2026-06-16 06:00:00,PZ-003,EQ-014,OBM,83.2,15.2,359.9,0
2026-06-16 12:00:00,PZ-003,EQ-014,OBM,77.1,10.9,701.8,0
2026-06-16 18:00:00,PZ-003,EQ-014,OBM,49.1,15.2,672.8,0
2026-06-17 00:00:00,PZ-003,EQ-014,OBM,73.4,15.2,422.6,0
2026-06-17 06:00:00,PZ-003,EQ-014,WBM,67.0,13.6,530.4,0
2026-06-17 12:00:00,PZ-003,EQ-014,OBM,69.0,12.5,370.6,0
2026-06-17 18:00:00,PZ-003,EQ-014,WBM,40.4,10.3,787.8,0
2026-06-18 00:00:00,PZ-003,EQ-014,OBM,58.9,13.7,330.0,0
2026-06-18 06:00:00,PZ-003,EQ-014,WBM,81.7,14.9,519.7,0
2026-06-18 12:00:00,PZ-003,EQ-014,WBM,75.5,12.0,538.3,0
2026-06-18 18:00:00,PZ-003,EQ-014,OBM,43.8,13.3,432.9,0
2026-06-19 00:00:00,PZ-003,EQ-014,OBM,73.6,14.2,408.2,0
2026-06-19 06:00:00,PZ-003,EQ-014,WBM,58.8,11.2,475.2,0
2026-06-19 12:00:00,PZ-003,EQ-014,OBM,67.7,15.6,584.7,0
2026-06-19 18:00:00,PZ-003,EQ-014,WBM,74.0,10.0,570.1,0
2026-06-20 00:00:00,PZ-003,EQ-014,OBM,81.3,15.6,392.3,0
2026-06-20 06:00:00,PZ-003,EQ-014,OBM,63.3,12.2,690.8,0
2026-06-20 12:00:00,PZ-003,EQ-014,OBM,66.3,12.3,598.5,0
2026-06-20 18:00:00,PZ-003,EQ-014,OBM,69.1,15.8,640.1,0
2026-06-21 00:00:00,PZ-003,EQ-014,OBM,69.7,9.1,557.0,0
2026-06-21 06:00:00,PZ-003,EQ-014,OBM,75.1,12.2,840.8,0
2026-06-21 12:00:00,PZ-003,EQ-014,WBM,59.4,12.8,492.0,0
2026-06-21 18:00:00,PZ-003,EQ-014,OBM,57.0,13.4,728.5,0
2026-06-22 00:00:00,PZ-003,EQ-014,WBM,65.6,12.1,778.9,0
2026-06-22 06:00:00,PZ-003,EQ-014,WBM,44.1,10.2,501.9,0
2026-06-22 12:00:00,PZ-003,EQ-014,OBM,54.9,13.7,815.8,0
2026-06-22 18:00:00,PZ-003,EQ-014,WBM,66.1,12.8,778.9,0
2026-06-23 00:00:00,PZ-003,EQ-014,OBM,66.9,12.7,695.5,0
2026-06-23 06:00:00,PZ-003,EQ-014,OBM,45.5,11.2,663.9,0
2026-06-23 12:00:00,PZ-003,EQ-014,WBM,71.6,13.6,350.1,0
2026-06-23 18:00:00,PZ-003,EQ-014,WBM,51.4,12.2,360.1,0
2026-06-24 00:00:00,PZ-003,EQ-014,WBM,75.2,14.8,847.0,0
2026-06-24 06:00:00,PZ-003,EQ-014,OBM,83.1,10.2,563.7,0
2026-06-24 12:00:00,PZ-003,EQ-014,OBM,66.2,10.4,738.8,0
2026-06-24 18:00:00,PZ-003,EQ-014,OBM,41.2,13.6,343.3,0
2026-06-25 00:00:00,PZ-003,EQ-014,OBM,52.6,12.6,803.4,0
2026-06-25 06:00:00,PZ-003,EQ-014,OBM,42.9,9.9,365.6,0
2026-06-25 12:00:00,PZ-003,EQ-014,WBM,80.4,15.9,511.1,0
2026-06-25 18:00:00,PZ-003,EQ-014,OBM,57.7,10.1,538.6,0
2026-06-26 00:00:00,PZ-003,EQ-014,OBM,50.4,10.2,806.3,0
2026-06-26 06:00:00,PZ-003,EQ-014,OBM,42.1,14.9,798.0,0
2026-06-26 12:00:00,PZ-003,EQ-014,WBM,61.6,11.1,529.4,0
2026-06-26 18:00:00,PZ-003,EQ-014,WBM,56.1,14.5,654.1,0
2026-06-27 00:00:00,PZ-003,EQ-014,OBM,74.4,13.1,431.7,0
2026-06-27 06:00:00,PZ-003,EQ-014,OBM,49.9,13.3,742.4,0
2026-06-27 12:00:00,PZ-003,EQ-014,OBM,71.0,14.2,381.2,0
2026-06-27 18:00:00,PZ-003,EQ-014,WBM,63.4,12.1,422.0,0
2026-06-28 00:00:00,PZ-003,EQ-014,WBM,59.2,9.2,788.9,0
2026-06-28 06:00:00,PZ-003,EQ-014,OBM,78.9,12.2,573.7,0
2026-06-28 12:00:00,PZ-003,EQ-014,OBM,70.2,15.7,528.1,0
2026-06-28 18:00:00,PZ-003,EQ-014,OBM,79.0,9.9,650.3,0
2026-06-29 00:00:00,PZ-003,EQ-014,OBM,60.1,13.8,431.7,0
2026-06-29 06:00:00,PZ-003,EQ-014,OBM,54.3,14.5,344.5,0
2026-06-29 12:00:00,PZ-003,EQ-014,OBM,80.1,13.0,763.1,0
2026-06-29 18:00:00,PZ-003,EQ-014,OBM,54.7,14.7,520.9,0
2026-06-30 00:00:00,PZ-003,EQ-014,WBM,81.4,13.9,772.4,0
2026-06-30 06:00:00,PZ-003,EQ-014,WBM,55.2,12.6,741.3,0
2026-06-30 12:00:00,PZ-003,EQ-014,WBM,56.8,13.9,484.9,0
2026-06-30 18:00:00,PZ-003,EQ-014,WBM,73.9,13.1,428.2,0
2026-07-01 00:00:00,PZ-003,EQ-014,OBM,70.7,13.6,360.9,0
2026-07-01 06:00:00,PZ-003,EQ-014,OBM,75.1,12.1,407.3,0
2026-07-01 12:00:00,PZ-003,EQ-014,OBM,82.2,12.4,464.3,0
2026-07-01 18:00:00,PZ-003,EQ-014,OBM,76.7,9.2,305.4,0
2026-07-02 00:00:00,PZ-003,EQ-014,WBM,76.2,12.7,753.9,0
2026-07-02 06:00:00,PZ-003,EQ-014,OBM,66.1,11.4,584.4,0
2026-07-02 12:00:00,PZ-003,EQ-014,OBM,42.5,14.8,839.1,0
2026-07-02 18:00:00,PZ-003,EQ-014,OBM,49.8,12.7,688.3,0
2026-07-03 00:00:00,PZ-003,EQ-014,WBM,82.3,12.6,833.4,0
2026-07-03 06:00:00,PZ-003,EQ-014,OBM,73.4,13.6,308.0,0
2026-07-03 12:00:00,PZ-003,EQ-014,OBM,81.0,13.2,429.8,0
2026-07-03 18:00:00,PZ-003,EQ-014,OBM,66.9,15.7,591.0,0
2026-07-04 00:00:00,PZ-003,EQ-014,OBM,75.4,12.8,479.3,0
2026-07-04 06:00:00,PZ-003,EQ-014,OBM,43.0,10.9,384.2,0
2026-07-04 12:00:00,PZ-003,EQ-014,WBM,74.1,13.4,648.0,0
2026-07-04 18:00:00,PZ-003,EQ-014,OBM,58.0,11.0,628.8,0
2026-07-05 00:00:00,PZ-003,EQ-014,OBM,71.6,15.3,829.9,0
2026-07-05 06:00:00,PZ-003,EQ-014,OBM,61.7,15.5,668.5,0
2026-07-05 12:00:00,PZ-003,EQ-014,WBM,48.7,11.4,403.5,0
2026-07-05 18:00:00,PZ-003,EQ-014,WBM,65.1,9.6,385.2,0
2026-07-06 00:00:00,PZ-003,EQ-014,OBM,75.9,13.7,803.9,0
2026-07-06 06:00:00,PZ-003,EQ-014,OBM,54.7,11.2,319.7,0
2026-07-06 12:00:00,PZ-003,EQ-014,WBM,41.7,15.2,766.3,0
2026-07-06 18:00:00,PZ-003,EQ-014,OBM,75.8,11.3,683.4,0
2026-07-07 00:00:00,PZ-003,EQ-014,WBM,62.7,12.1,376.0,0
2026-07-07 06:00:00,PZ-003,EQ-014,OBM,72.9,14.2,716.7,0
2026-07-07 12:00:00,PZ-003,EQ-014,WBM,81.6,14.8,451.0,0
2026-07-07 18:00:00,PZ-003,EQ-014,OBM,45.9,10.8,312.8,0
2026-07-08 00:00:00,PZ-003,EQ-014,WBM,54.3,9.5,729.8,0
2026-07-08 06:00:00,PZ-003,EQ-014,OBM,46.3,12.9,723.7,0
2026-07-08 12:00:00,PZ-003,EQ-014,OBM,52.6,9.5,381.9,0
2026-07-08 18:00:00,PZ-003,EQ-014,OBM,72.8,15.3,769.0,0
2026-07-09 00:00:00,PZ-003,EQ-014,WBM,81.6,15.9,612.0,0
2026-07-09 06:00:00,PZ-003,EQ-014,WBM,45.0,12.5,746.2,0
2026-07-09 12:00:00,PZ-003,EQ-014,OBM,40.8,11.2,816.7,0
2026-07-09 18:00:00,PZ-003,EQ-014,OBM,74.2,14.1,844.1,0
2026-07-10 00:00:00,PZ-003,EQ-014,OBM,48.7,11.8,570.4,0
2026-07-10 06:00:00,PZ-003,EQ-014,OBM,72.2,11.0,374.2,0
2026-07-10 12:00:00,PZ-003,EQ-014,OBM,77.2,12.5,356.4,0
2026-07-10 18:00:00,PZ-003,EQ-014,WBM,68.6,10.7,428.7,0
2026-07-11 00:00:00,PZ-003,EQ-014,OBM,62.2,14.9,683.9,0
2026-07-11 06:00:00,PZ-003,EQ-014,WBM,42.5,12.6,339.4,0
2026-07-11 12:00:00,PZ-003,EQ-014,WBM,48.0,9.8,740.5,0
2026-07-11 18:00:00,PZ-003,EQ-014,WBM,51.9,13.8,710.1,0
2026-07-12 00:00:00,PZ-003,EQ-014,OBM,56.7,13.8,669.3,0
2026-07-12 06:00:00,PZ-003,EQ-014,OBM,41.7,12.6,391.4,0
2026-07-12 12:00:00,PZ-003,EQ-014,WBM,58.9,10.4,374.0,0
2026-07-12 18:00:00,PZ-003,EQ-014,OBM,56.9,9.6,704.8,0
2026-07-13 00:00:00,PZ-003,EQ-014,WBM,75.1,9.5,597.0,0
2026-07-13 06:00:00,PZ-003,EQ-014,OBM,60.3,15.3,464.5,0
2026-07-13 12:00:00,PZ-003,EQ-014,OBM,49.1,13.0,513.7,0
2026-07-13 18:00:00,PZ-003,EQ-014,WBM,59.7,13.9,523.9,0
2026-07-14 00:00:00,PZ-003,EQ-014,OBM,62.6,9.1,637.0,0
2026-07-14 06:00:00,PZ-003,EQ-014,WBM,66.6,14.1,338.9,0
2026-07-14 12:00:00,PZ-003,EQ-014,OBM,75.6,10.1,760.2,0
2026-07-14 18:00:00,PZ-003,EQ-014,WBM,63.2,15.8,419.0,0
2026-07-15 00:00:00,PZ-003,EQ-014,OBM,46.2,9.3,307.4,0
2026-07-15 06:00:00,PZ-003,EQ-014,WBM,76.2,16.0,333.7,0
2026-07-15 12:00:00,PZ-003,EQ-014,WBM,46.0,11.3,516.5,0
2026-07-15 18:00:00,PZ-003,EQ-014,WBM,62.3,10.7,300.1,0
2026-07-16 00:00:00,PZ-003,EQ-014,WBM,83.4,9.9,632.7,0
2026-07-16 06:00:00,PZ-003,EQ-014,WBM,59.1,14.5,317.7,0
2026-07-16 12:00:00,PZ-003,EQ-014,WBM,50.6,10.1,799.0,0
2026-07-16 18:00:00,PZ-003,EQ-014,WBM,66.4,11.4,523.1,0
2026-07-17 00:00:00,PZ-003,EQ-014,OBM,67.1,11.5,394.4,0
2026-07-17 06:00:00,PZ-003,EQ-014,OBM,54.1,9.2,417.9,0
2026-07-17 12:00:00,PZ-003,EQ-014,OBM,40.6,11.1,334.1,0
2026-07-17 18:00:00,PZ-003,EQ-014,OBM,81.4,9.6,727.4,0
2026-07-18 00:00:00,PZ-003,EQ-014,OBM,63.1,9.3,820.4,0
2026-07-18 06:00:00,PZ-003,EQ-014,OBM,79.5,9.6,604.6,0
2026-07-18 12:00:00,PZ-003,EQ-014,OBM,72.6,10.9,684.8,0
2026-07-18 18:00:00,PZ-003,EQ-014,OBM,78.4,9.6,359.6,0
2026-07-19 00:00:00,PZ-003,EQ-014,OBM,61.0,15.7,815.9,0
2026-07-19 06:00:00,PZ-003,EQ-014,OBM,80.4,14.7,682.2,0
2026-07-19 12:00:00,PZ-003,EQ-014,WBM,46.0,9.2,364.2,0
2026-07-19 18:00:00,PZ-003,EQ-014,OBM,54.0,14.6,568.6,0
2026-07-20 00:00:00,PZ-003,EQ-014,OBM,55.2,13.9,459.8,0
2026-07-20 06:00:00,PZ-003,EQ-014,OBM,47.1,15.8,338.6,0
2026-07-20 12:00:00,PZ-003,EQ-014,OBM,82.6,10.6,379.2,0
2026-07-20 18:00:00,PZ-003,EQ-014,WBM,61.8,14.6,608.1,0
2026-07-21 00:00:00,PZ-003,EQ-014,OBM,81.5,13.3,696.8,0
2026-07-21 06:00:00,PZ-003,EQ-014,WBM,51.5,12.7,454.1,0
2026-07-21 12:00:00,PZ-003,EQ-014,OBM,73.0,10.2,712.7,0
2026-07-21 18:00:00,PZ-003,EQ-014,WBM,42.6,13.5,511.0,0
2026-07-22 00:00:00,PZ-003,EQ-014,WBM,47.2,15.7,700.2,0
2026-07-22 06:00:00,PZ-003,EQ-014,OBM,67.9,14.1,455.5,0
2026-07-22 12:00:00,PZ-003,EQ-014,WBM,58.2,9.2,419.1,0
2026-07-22 18:00:00,PZ-003,EQ-014,WBM,77.9,11.6,757.4,0
2026-07-23 00:00:00,PZ-003,EQ-014,OBM,50.7,15.5,329.8,0
2026-07-23 06:00:00,PZ-003,EQ-014,OBM,59.8,10.7,536.9,0
2026-07-23 12:00:00,PZ-003,EQ-014,OBM,82.4,11.2,512.9,0
2026-07-23 18:00:00,PZ-003,EQ-014,OBM,54.8,11.8,799.3,0
2026-07-24 00:00:00,PZ-003,EQ-014,OBM,47.9,12.5,805.0,0
2026-07-24 06:00:00,PZ-003,EQ-014,WBM,41.4,11.4,614.9,0
2026-07-24 12:00:00,PZ-003,EQ-014,OBM,63.6,14.5,315.9,0
2026-07-24 18:00:00,PZ-003,EQ-014,OBM,56.7,15.8,388.1,0
2026-07-25 00:00:00,PZ-003,EQ-014,WBM,63.7,12.9,349.2,0
2026-07-25 06:00:00,PZ-003,EQ-014,OBM,74.6,9.6,463.5,0
2026-07-25 12:00:00,PZ-003,EQ-014,WBM,70.5,9.4,484.2,0
2026-07-25 18:00:00,PZ-003,EQ-014,OBM,69.0,15.1,690.1,0
2026-07-26 00:00:00,PZ-003,EQ-014,OBM,71.3,13.2,524.9,0
2026-07-26 06:00:00,PZ-003,EQ-014,WBM,40.4,10.4,360.2,0
2026-07-26 12:00:00,PZ-003,EQ-014,OBM,69.3,10.2,733.9,0
2026-07-26 18:00:00,PZ-003,EQ-014,OBM,56.3,15.1,475.1,0
2026-07-27 00:00:00,PZ-003,EQ-014,WBM,72.2,13.6,403.4,0
2026-07-27 06:00:00,PZ-003,EQ-014,OBM,70.4,11.6,763.5,0
2026-07-27 12:00:00,PZ-003,EQ-014,WBM,66.0,9.0,692.2,0
2026-07-27 18:00:00,PZ-003,EQ-014,WBM,73.8,14.7,361.1,0
2026-07-28 00:00:00,PZ-003,EQ-014,WBM,68.2,14.6,600.3,0
2026-07-28 06:00:00,PZ-003,EQ-014,OBM,63.8,13.3,583.9,0
2026-07-28 12:00:00,PZ-003,EQ-014,WBM,51.9,9.9,750.7,0
2026-07-28 18:00:00,PZ-003,EQ-014,WBM,84.2,15.5,834.6,0
2026-07-29 00:00:00,PZ-003,EQ-014,OBM,54.8,9.1,515.2,0
2026-07-29 06:00:00,PZ-003,EQ-014,WBM,64.2,14.7,507.7,0
2026-07-29 12:00:00,PZ-003,EQ-014,WBM,81.5,9.3,544.8,0
2026-07-29 18:00:00,PZ-003,EQ-014,OBM,44.3,11.9,523.7,0
2026-07-30 00:00:00,PZ-003,EQ-014,WBM,69.0,9.9,824.7,0
2026-07-30 06:00:00,PZ-003,EQ-014,OBM,59.5,11.4,417.0,0
2026-07-30 12:00:00,PZ-003,EQ-014,OBM,56.2,15.2,381.8,0
2026-07-30 18:00:00,PZ-003,EQ-014,WBM,57.1,12.2,695.0,0
2026-07-31 00:00:00,PZ-003,EQ-014,OBM,63.5,9.2,467.4,0
2026-05-01 00:00:00,PZ-003,EQ-015,OBM,65.1,14.0,694.4,0
2026-05-01 06:00:00,PZ-003,EQ-015,OBM,40.9,14.0,356.1,0
2026-05-01 12:00:00,PZ-003,EQ-015,OBM,59.7,13.8,320.0,0
2026-05-01 18:00:00,PZ-003,EQ-015,OBM,78.1,11.7,442.3,0
2026-05-02 00:00:00,PZ-003,EQ-015,OBM,58.9,15.1,587.9,0
2026-05-02 06:00:00,PZ-003,EQ-015,WBM,60.3,13.9,420.9,0
2026-05-02 12:00:00,PZ-003,EQ-015,WBM,64.0,9.1,786.7,0
2026-05-02 18:00:00,PZ-003,EQ-015,WBM,82.0,11.2,680.7,0
2026-05-03 00:00:00,PZ-003,EQ-015,OBM,81.3,15.0,847.0,0
2026-05-03 06:00:00,PZ-003,EQ-015,WBM,68.6,14.1,594.0,0
2026-05-03 12:00:00,PZ-003,EQ-015,OBM,83.2,11.8,423.6,0
2026-05-03 18:00:00,PZ-003,EQ-015,WBM,71.5,15.4,351.4,0
2026-05-04 00:00:00,PZ-003,EQ-015,OBM,52.4,13.0,693.4,0
2026-05-04 06:00:00,PZ-003,EQ-015,OBM,73.7,11.1,417.2,0
2026-05-04 12:00:00,PZ-003,EQ-015,WBM,41.6,11.0,658.7,0
2026-05-04 18:00:00,PZ-003,EQ-015,WBM,52.9,13.0,475.2,0
2026-05-05 00:00:00,PZ-003,EQ-015,OBM,40.4,10.9,378.3,0
2026-05-05 06:00:00,PZ-003,EQ-015,OBM,56.9,12.7,703.6,0
2026-05-05 12:00:00,PZ-003,EQ-015,WBM,77.4,15.0,505.1,0
2026-05-05 18:00:00,PZ-003,EQ-015,OBM,53.3,9.8,441.6,0
2026-05-06 00:00:00,PZ-003,EQ-015,WBM,61.5,14.2,582.6,0
2026-05-06 06:00:00,PZ-003,EQ-015,OBM,71.9,9.4,332.9,0
2026-05-06 12:00:00,PZ-003,EQ-015,WBM,82.1,13.1,458.0,0
2026-05-06 18:00:00,PZ-003,EQ-015,WBM,45.9,10.7,653.5,0
2026-05-07 00:00:00,PZ-003,EQ-015,WBM,49.4,10.4,675.5,0
2026-05-07 06:00:00,PZ-003,EQ-015,OBM,69.1,15.4,332.1,0
2026-05-07 12:00:00,PZ-003,EQ-015,OBM,56.8,11.9,413.6,0
2026-05-07 18:00:00,PZ-003,EQ-015,OBM,81.8,11.7,323.8,0
2026-05-08 00:00:00,PZ-003,EQ-015,WBM,51.0,11.3,698.1,0
2026-05-08 06:00:00,PZ-003,EQ-015,OBM,54.5,11.2,368.4,0
2026-05-08 12:00:00,PZ-003,EQ-015,OBM,41.2,13.6,545.9,0
2026-05-08 18:00:00,PZ-003,EQ-015,OBM,47.7,14.0,567.1,0
2026-05-09 00:00:00,PZ-003,EQ-015,OBM,64.6,9.2,655.6,0
2026-05-09 06:00:00,PZ-003,EQ-015,WBM,55.7,13.1,376.3,0
2026-05-09 12:00:00,PZ-003,EQ-015,WBM,44.6,9.8,590.5,0
2026-05-09 18:00:00,PZ-003,EQ-015,OBM,53.0,14.7,337.6,0
2026-05-10 00:00:00,PZ-003,EQ-015,WBM,40.6,11.5,407.2,0
2026-05-10 06:00:00,PZ-003,EQ-015,OBM,47.3,14.5,671.3,0
2026-05-10 12:00:00,PZ-003,EQ-015,OBM,60.0,9.9,799.0,0
2026-05-10 18:00:00,PZ-003,EQ-015,OBM,77.1,9.6,414.0,0
2026-05-11 00:00:00,PZ-003,EQ-015,OBM,78.8,12.7,357.3,0
2026-05-11 06:00:00,PZ-003,EQ-015,OBM,81.8,10.4,306.1,0
2026-05-11 12:00:00,PZ-003,EQ-015,WBM,77.3,12.4,653.0,0
2026-05-11 18:00:00,PZ-003,EQ-015,WBM,50.0,14.4,682.6,0
2026-05-12 00:00:00,PZ-003,EQ-015,WBM,40.1,9.4,642.8,0
2026-05-12 06:00:00,PZ-003,EQ-015,OBM,77.2,12.5,511.5,0
2026-05-12 12:00:00,PZ-003,EQ-015,OBM,65.9,9.6,656.9,0
2026-05-12 18:00:00,PZ-003,EQ-015,OBM,81.4,13.2,702.4,0
2026-05-13 00:00:00,PZ-003,EQ-015,OBM,74.0,12.5,626.5,0
2026-05-13 06:00:00,PZ-003,EQ-015,WBM,44.4,13.8,752.6,0
2026-05-13 12:00:00,PZ-003,EQ-015,OBM,77.5,13.9,348.1,0
2026-05-13 18:00:00,PZ-003,EQ-015,WBM,50.6,11.8,473.0,0
2026-05-14 00:00:00,PZ-003,EQ-015,WBM,53.2,9.1,560.1,0
2026-05-14 06:00:00,PZ-003,EQ-015,OBM,76.9,11.9,701.7,0
2026-05-14 12:00:00,PZ-003,EQ-015,WBM,70.4,13.5,740.9,0
2026-05-14 18:00:00,PZ-003,EQ-015,WBM,78.4,13.4,744.2,0
2026-05-15 00:00:00,PZ-003,EQ-015,WBM,43.4,10.2,351.1,0
2026-05-15 06:00:00,PZ-003,EQ-015,OBM,80.8,15.1,695.2,0
2026-05-15 12:00:00,PZ-003,EQ-015,WBM,70.7,9.9,740.6,0
2026-05-15 18:00:00,PZ-003,EQ-015,WBM,71.8,10.0,679.9,0
2026-05-16 00:00:00,PZ-003,EQ-015,WBM,71.9,14.0,652.6,0
2026-05-16 06:00:00,PZ-003,EQ-015,OBM,74.8,15.8,788.8,0
2026-05-16 12:00:00,PZ-003,EQ-015,OBM,65.8,9.8,391.1,0
2026-05-16 18:00:00,PZ-003,EQ-015,OBM,67.7,12.1,314.3,0
2026-05-17 00:00:00,PZ-003,EQ-015,OBM,61.9,15.5,359.8,0
2026-05-17 06:00:00,PZ-003,EQ-015,WBM,84.6,15.0,541.3,0
2026-05-17 12:00:00,PZ-003,EQ-015,OBM,47.5,12.9,424.4,0
2026-05-17 18:00:00,PZ-003,EQ-015,OBM,75.4,10.9,463.3,0
2026-05-18 00:00:00,PZ-003,EQ-015,WBM,44.2,12.5,689.6,0
2026-05-18 06:00:00,PZ-003,EQ-015,WBM,55.3,11.0,357.4,0
2026-05-18 12:00:00,PZ-003,EQ-015,WBM,68.6,15.2,550.2,0
2026-05-18 18:00:00,PZ-003,EQ-015,WBM,80.3,10.1,405.7,0
2026-05-19 00:00:00,PZ-003,EQ-015,WBM,64.9,15.9,736.4,0
2026-05-19 06:00:00,PZ-003,EQ-015,OBM,68.0,14.8,705.0,0
2026-05-19 12:00:00,PZ-003,EQ-015,OBM,73.6,9.9,410.3,0
2026-05-19 18:00:00,PZ-003,EQ-015,OBM,58.4,15.9,418.8,0
2026-05-20 00:00:00,PZ-003,EQ-015,WBM,81.9,11.0,558.9,0
2026-05-20 06:00:00,PZ-003,EQ-015,OBM,78.6,11.1,745.9,0
2026-05-20 12:00:00,PZ-003,EQ-015,WBM,74.0,10.8,396.4,0
2026-05-20 18:00:00,PZ-003,EQ-015,OBM,57.8,9.3,799.8,0
2026-05-21 00:00:00,PZ-003,EQ-015,WBM,62.4,9.2,486.6,0
2026-05-21 06:00:00,PZ-003,EQ-015,OBM,49.4,14.4,464.4,0
2026-05-21 12:00:00,PZ-003,EQ-015,WBM,59.1,10.5,648.2,0
2026-05-21 18:00:00,PZ-003,EQ-015,WBM,41.3,12.3,400.8,0
2026-05-22 00:00:00,PZ-003,EQ-015,OBM,69.4,15.7,590.8,0
2026-05-22 06:00:00,PZ-003,EQ-015,OBM,81.5,10.5,755.0,0
2026-05-22 12:00:00,PZ-003,EQ-015,WBM,54.1,15.7,645.2,0
2026-05-22 18:00:00,PZ-003,EQ-015,OBM,53.7,10.2,599.2,0
2026-05-23 00:00:00,PZ-003,EQ-015,OBM,60.6,14.7,471.2,0
2026-05-23 06:00:00,PZ-003,EQ-015,WBM,57.3,15.0,418.8,0
2026-05-23 12:00:00,PZ-003,EQ-015,WBM,41.6,9.8,710.2,0
2026-05-23 18:00:00,PZ-003,EQ-015,OBM,71.5,11.4,561.2,0
2026-05-24 00:00:00,PZ-003,EQ-015,OBM,54.4,10.3,501.1,0
2026-05-24 06:00:00,PZ-003,EQ-015,OBM,81.6,15.2,458.6,0
2026-05-24 12:00:00,PZ-003,EQ-015,OBM,81.2,11.4,544.4,0
2026-05-24 18:00:00,PZ-003,EQ-015,WBM,61.6,15.3,741.2,0
2026-05-25 00:00:00,PZ-003,EQ-015,WBM,55.9,15.4,849.4,0
2026-05-25 06:00:00,PZ-003,EQ-015,OBM,40.5,13.9,514.1,0
2026-05-25 12:00:00,PZ-003,EQ-015,OBM,61.6,15.6,312.7,0
2026-05-25 18:00:00,PZ-003,EQ-015,OBM,72.1,13.7,305.6,0
2026-05-26 00:00:00,PZ-003,EQ-015,WBM,47.5,14.1,431.8,0
2026-05-26 06:00:00,PZ-003,EQ-015,WBM,66.1,14.0,482.1,0
2026-05-26 12:00:00,PZ-003,EQ-015,OBM,44.2,14.0,477.7,0
2026-05-26 18:00:00,PZ-003,EQ-015,OBM,50.2,14.7,323.6,0
2026-05-27 00:00:00,PZ-003,EQ-015,OBM,66.5,14.1,442.6,0
2026-05-27 06:00:00,PZ-003,EQ-015,OBM,62.5,14.3,588.7,0
2026-05-27 12:00:00,PZ-003,EQ-015,WBM,43.9,15.9,426.0,0
2026-05-27 18:00:00,PZ-003,EQ-015,WBM,69.4,10.5,731.9,0
2026-05-28 00:00:00,PZ-003,EQ-015,OBM,77.8,13.8,337.1,0
2026-05-28 06:00:00,PZ-003,EQ-015,OBM,45.5,10.1,599.2,0
2026-05-28 12:00:00,PZ-003,EQ-015,WBM,65.9,11.6,377.3,0
2026-05-28 18:00:00,PZ-003,EQ-015,WBM,73.1,9.7,641.3,0
2026-05-29 00:00:00,PZ-003,EQ-015,OBM,50.5,9.2,766.2,0
2026-05-29 06:00:00,PZ-003,EQ-015,OBM,82.6,13.0,518.4,0
2026-05-29 12:00:00,PZ-003,EQ-015,OBM,70.7,13.7,534.4,0
2026-05-29 18:00:00,PZ-003,EQ-015,OBM,52.7,13.2,536.6,0
2026-05-30 00:00:00,PZ-003,EQ-015,OBM,55.1,11.4,562.6,0
2026-05-30 06:00:00,PZ-003,EQ-015,OBM,48.2,13.3,430.0,0
2026-05-30 12:00:00,PZ-003,EQ-015,WBM,41.0,12.0,534.7,0
2026-05-30 18:00:00,PZ-003,EQ-015,OBM,45.8,15.4,623.2,0
2026-05-31 00:00:00,PZ-003,EQ-015,OBM,53.9,12.1,456.3,0
2026-05-31 06:00:00,PZ-003,EQ-015,OBM,46.0,9.7,699.0,0
2026-05-31 12:00:00,PZ-003,EQ-015,WBM,62.5,14.6,453.3,0
2026-05-31 18:00:00,PZ-003,EQ-015,OBM,46.7,13.3,825.3,0
2026-06-01 00:00:00,PZ-003,EQ-015,WBM,54.4,10.0,822.1,0
2026-06-01 06:00:00,PZ-003,EQ-015,WBM,70.1,14.9,428.5,0
2026-06-01 12:00:00,PZ-003,EQ-015,WBM,58.5,15.3,796.6,0
2026-06-01 18:00:00,PZ-003,EQ-015,WBM,58.4,14.5,636.5,0
2026-06-02 00:00:00,PZ-003,EQ-015,OBM,44.3,12.3,845.6,0
2026-06-02 06:00:00,PZ-003,EQ-015,OBM,53.3,12.8,615.6,0
2026-06-02 12:00:00,PZ-003,EQ-015,OBM,57.5,12.6,306.0,0
2026-06-02 18:00:00,PZ-003,EQ-015,WBM,76.7,10.9,305.9,0
2026-06-03 00:00:00,PZ-003,EQ-015,OBM,54.4,9.8,365.3,0
2026-06-03 06:00:00,PZ-003,EQ-015,WBM,63.0,10.5,585.6,0
2026-06-03 12:00:00,PZ-003,EQ-015,OBM,66.9,9.4,519.3,0
2026-06-03 18:00:00,PZ-003,EQ-015,WBM,67.2,13.1,646.9,0
2026-06-04 00:00:00,PZ-003,EQ-015,WBM,49.4,12.8,553.6,0
2026-06-04 06:00:00,PZ-003,EQ-015,OBM,44.2,15.8,364.1,0
2026-06-04 12:00:00,PZ-003,EQ-015,WBM,78.9,9.5,506.1,0
2026-06-04 18:00:00,PZ-003,EQ-015,OBM,84.3,10.3,646.5,0
2026-06-05 00:00:00,PZ-003,EQ-015,WBM,47.6,15.9,549.0,0
2026-06-05 06:00:00,PZ-003,EQ-015,WBM,52.1,12.6,484.6,0
2026-06-05 12:00:00,PZ-003,EQ-015,WBM,54.7,9.5,789.3,0
2026-06-05 18:00:00,PZ-003,EQ-015,OBM,55.7,12.3,460.2,0
2026-06-06 00:00:00,PZ-003,EQ-015,OBM,52.9,10.7,674.8,0
2026-06-06 06:00:00,PZ-003,EQ-015,OBM,44.2,13.3,582.4,0
2026-06-06 12:00:00,PZ-003,EQ-015,OBM,60.1,10.5,494.4,0
2026-06-06 18:00:00,PZ-003,EQ-015,WBM,83.1,13.7,356.4,0
2026-06-07 00:00:00,PZ-003,EQ-015,WBM,66.9,10.9,703.4,0
2026-06-07 06:00:00,PZ-003,EQ-015,OBM,50.8,10.8,510.6,0
2026-06-07 12:00:00,PZ-003,EQ-015,WBM,70.8,14.8,482.9,0
2026-06-07 18:00:00,PZ-003,EQ-015,OBM,80.1,11.9,314.8,0
2026-06-08 00:00:00,PZ-003,EQ-015,OBM,40.8,13.2,623.6,0
2026-06-08 06:00:00,PZ-003,EQ-015,OBM,59.3,13.7,584.4,0
2026-06-08 12:00:00,PZ-003,EQ-015,OBM,73.2,15.8,509.1,0
2026-06-08 18:00:00,PZ-003,EQ-015,OBM,68.1,15.6,357.1,0
2026-06-09 00:00:00,PZ-003,EQ-015,WBM,77.6,15.2,575.7,0
2026-06-09 06:00:00,PZ-003,EQ-015,WBM,66.5,12.5,682.1,0
2026-06-09 12:00:00,PZ-003,EQ-015,OBM,41.0,13.3,532.7,0
2026-06-09 18:00:00,PZ-003,EQ-015,OBM,57.9,10.8,797.9,0
2026-06-10 00:00:00,PZ-003,EQ-015,WBM,82.5,13.6,593.0,0
2026-06-10 06:00:00,PZ-003,EQ-015,OBM,49.2,10.7,405.5,0
2026-06-10 12:00:00,PZ-003,EQ-015,OBM,67.1,13.5,824.9,0
2026-06-10 18:00:00,PZ-003,EQ-015,WBM,66.9,12.6,562.7,0
2026-06-11 00:00:00,PZ-003,EQ-015,OBM,52.9,10.9,422.3,0
2026-06-11 06:00:00,PZ-003,EQ-015,WBM,53.9,15.9,813.0,0
2026-06-11 12:00:00,PZ-003,EQ-015,OBM,84.6,11.5,544.9,0
2026-06-11 18:00:00,PZ-003,EQ-015,OBM,49.6,13.8,413.2,0
2026-06-12 00:00:00,PZ-003,EQ-015,WBM,51.0,9.0,784.4,0
2026-06-12 06:00:00,PZ-003,EQ-015,WBM,43.9,12.9,846.1,0
2026-06-12 12:00:00,PZ-003,EQ-015,WBM,59.7,12.9,461.9,0
2026-06-12 18:00:00,PZ-003,EQ-015,OBM,54.1,15.4,323.1,0
2026-06-13 00:00:00,PZ-003,EQ-015,OBM,77.5,9.8,835.6,0
2026-06-13 06:00:00,PZ-003,EQ-015,WBM,60.5,11.1,382.5,0
2026-06-13 12:00:00,PZ-003,EQ-015,OBM,77.2,11.5,491.3,0
2026-06-13 18:00:00,PZ-003,EQ-015,OBM,73.8,11.3,622.5,0
2026-06-14 00:00:00,PZ-003,EQ-015,OBM,47.4,10.8,534.3,0
2026-06-14 06:00:00,PZ-003,EQ-015,OBM,83.4,9.7,553.1,0
2026-06-14 12:00:00,PZ-003,EQ-015,OBM,76.5,14.9,668.6,0
2026-06-14 18:00:00,PZ-003,EQ-015,OBM,57.3,14.8,806.8,0
2026-06-15 00:00:00,PZ-003,EQ-015,OBM,57.0,10.1,622.6,0
2026-06-15 06:00:00,PZ-003,EQ-015,OBM,79.3,9.6,316.7,0
2026-06-15 12:00:00,PZ-003,EQ-015,WBM,58.8,11.8,347.6,0
2026-06-15 18:00:00,PZ-003,EQ-015,WBM,50.6,10.5,492.1,0
2026-06-16 00:00:00,PZ-003,EQ-015,WBM,48.8,15.0,738.4,0
2026-06-16 06:00:00,PZ-003,EQ-015,OBM,50.5,13.1,378.6,0
2026-06-16 12:00:00,PZ-003,EQ-015,WBM,41.4,10.9,795.5,0
2026-06-16 18:00:00,PZ-003,EQ-015,WBM,54.2,14.6,531.8,0
2026-06-17 00:00:00,PZ-003,EQ-015,OBM,64.8,9.4,505.7,0
2026-06-17 06:00:00,PZ-003,EQ-015,OBM,84.2,14.5,548.3,0
2026-06-17 12:00:00,PZ-003,EQ-015,OBM,52.1,9.4,523.2,0
2026-06-17 18:00:00,PZ-003,EQ-015,WBM,82.6,14.9,625.9,0
2026-06-18 00:00:00,PZ-003,EQ-015,WBM,65.7,12.7,729.4,0
2026-06-18 06:00:00,PZ-003,EQ-015,WBM,49.3,11.8,540.6,0
2026-06-18 12:00:00,PZ-003,EQ-015,OBM,84.8,15.5,773.4,0
2026-06-18 18:00:00,PZ-003,EQ-015,OBM,71.0,10.2,386.0,0
2026-06-19 00:00:00,PZ-003,EQ-015,OBM,76.4,12.4,501.5,0
2026-06-19 06:00:00,PZ-003,EQ-015,WBM,58.0,9.7,357.0,0
2026-06-19 12:00:00,PZ-003,EQ-015,OBM,48.4,13.8,530.3,0
2026-06-19 18:00:00,PZ-003,EQ-015,OBM,56.1,9.4,821.4,0
2026-06-20 00:00:00,PZ-003,EQ-015,OBM,78.7,15.6,421.2,0
2026-06-20 06:00:00,PZ-003,EQ-015,OBM,42.4,14.0,334.6,0
2026-06-20 12:00:00,PZ-003,EQ-015,OBM,56.5,15.2,740.3,0
2026-06-20 18:00:00,PZ-003,EQ-015,WBM,41.0,14.7,422.6,0
2026-06-21 00:00:00,PZ-003,EQ-015,OBM,49.7,11.2,541.5,0
2026-06-21 06:00:00,PZ-003,EQ-015,OBM,40.4,10.5,757.9,0
2026-06-21 12:00:00,PZ-003,EQ-015,OBM,50.5,13.5,850.0,0
2026-06-21 18:00:00,PZ-003,EQ-015,OBM,45.0,11.8,773.4,0
2026-06-22 00:00:00,PZ-003,EQ-015,OBM,80.7,10.0,662.0,0
2026-06-22 06:00:00,PZ-003,EQ-015,OBM,43.9,15.6,732.5,0
2026-06-22 12:00:00,PZ-003,EQ-015,OBM,74.2,10.5,351.3,0
2026-06-22 18:00:00,PZ-003,EQ-015,WBM,65.5,12.0,554.3,0
2026-06-23 00:00:00,PZ-003,EQ-015,OBM,75.7,13.4,500.0,0
2026-06-23 06:00:00,PZ-003,EQ-015,WBM,72.9,11.6,483.9,0
2026-06-23 12:00:00,PZ-003,EQ-015,OBM,80.5,15.2,344.1,0
2026-06-23 18:00:00,PZ-003,EQ-015,WBM,83.4,12.2,718.5,0
2026-06-24 00:00:00,PZ-003,EQ-015,OBM,67.9,15.6,810.0,0
2026-06-24 06:00:00,PZ-003,EQ-015,OBM,51.1,14.8,647.9,0
2026-06-24 12:00:00,PZ-003,EQ-015,OBM,53.5,10.3,342.3,0
2026-06-24 18:00:00,PZ-003,EQ-015,WBM,68.4,9.4,506.6,0
2026-06-25 00:00:00,PZ-003,EQ-015,WBM,42.4,14.1,364.2,0
2026-06-25 06:00:00,PZ-003,EQ-015,OBM,48.7,14.8,830.5,0
2026-06-25 12:00:00,PZ-003,EQ-015,OBM,56.5,12.0,565.1,0
2026-06-25 18:00:00,PZ-003,EQ-015,WBM,76.7,10.3,701.4,0
2026-06-26 00:00:00,PZ-003,EQ-015,WBM,41.0,11.5,680.7,0
2026-06-26 06:00:00,PZ-003,EQ-015,OBM,69.9,14.6,354.7,0
2026-06-26 12:00:00,PZ-003,EQ-015,WBM,47.9,11.3,689.1,0
2026-06-26 18:00:00,PZ-003,EQ-015,WBM,63.5,10.8,671.5,0
2026-06-27 00:00:00,PZ-003,EQ-015,OBM,65.6,13.8,333.0,0
2026-06-27 06:00:00,PZ-003,EQ-015,OBM,46.0,10.5,786.1,0
2026-06-27 12:00:00,PZ-003,EQ-015,WBM,71.0,12.9,816.9,0
2026-06-27 18:00:00,PZ-003,EQ-015,OBM,46.3,12.2,698.8,0
2026-06-28 00:00:00,PZ-003,EQ-015,WBM,75.3,13.8,343.1,0
2026-06-28 06:00:00,PZ-003,EQ-015,WBM,70.8,13.3,835.2,0
2026-06-28 12:00:00,PZ-003,EQ-015,WBM,43.6,14.4,677.1,0
2026-06-28 18:00:00,PZ-003,EQ-015,WBM,78.2,12.1,444.0,0
2026-06-29 00:00:00,PZ-003,EQ-015,OBM,64.1,15.8,693.1,0
2026-06-29 06:00:00,PZ-003,EQ-015,OBM,40.8,12.9,492.6,0
2026-06-29 12:00:00,PZ-003,EQ-015,OBM,51.8,10.1,522.6,0
2026-06-29 18:00:00,PZ-003,EQ-015,OBM,73.7,9.4,508.4,0
2026-06-30 00:00:00,PZ-003,EQ-015,OBM,63.8,12.6,720.1,0
2026-06-30 06:00:00,PZ-003,EQ-015,WBM,55.6,10.1,831.3,0
2026-06-30 12:00:00,PZ-003,EQ-015,OBM,81.0,15.3,528.6,0
2026-06-30 18:00:00,PZ-003,EQ-015,WBM,79.9,11.2,610.8,0
2026-07-01 00:00:00,PZ-003,EQ-015,OBM,43.2,12.1,641.5,0
2026-07-01 06:00:00,PZ-003,EQ-015,OBM,72.6,14.6,428.9,0
2026-07-01 12:00:00,PZ-003,EQ-015,WBM,83.0,11.9,422.0,0
2026-07-01 18:00:00,PZ-003,EQ-015,OBM,51.3,14.0,405.6,0
2026-07-02 00:00:00,PZ-003,EQ-015,OBM,54.4,15.6,478.4,0
2026-07-02 06:00:00,PZ-003,EQ-015,OBM,45.8,9.8,455.5,0
2026-07-02 12:00:00,PZ-003,EQ-015,WBM,67.4,10.1,443.8,0
2026-07-02 18:00:00,PZ-003,EQ-015,WBM,59.0,13.0,835.5,0
2026-07-03 00:00:00,PZ-003,EQ-015,OBM,57.8,14.8,795.2,0
2026-07-03 06:00:00,PZ-003,EQ-015,WBM,53.7,12.1,489.2,0
2026-07-03 12:00:00,PZ-003,EQ-015,WBM,69.6,15.5,454.0,0
2026-07-03 18:00:00,PZ-003,EQ-015,WBM,45.5,9.8,376.2,0
2026-07-04 00:00:00,PZ-003,EQ-015,OBM,74.5,9.9,778.5,0
2026-07-04 06:00:00,PZ-003,EQ-015,OBM,59.2,9.0,704.1,0
2026-07-04 12:00:00,PZ-003,EQ-015,WBM,72.3,9.4,690.2,0
2026-07-04 18:00:00,PZ-003,EQ-015,OBM,66.9,11.1,343.5,0
2026-07-05 00:00:00,PZ-003,EQ-015,OBM,66.1,13.3,790.1,0
2026-07-05 06:00:00,PZ-003,EQ-015,OBM,50.8,9.5,661.5,0
2026-07-05 12:00:00,PZ-003,EQ-015,WBM,59.2,12.7,438.7,0
2026-07-05 18:00:00,PZ-003,EQ-015,OBM,78.0,11.9,494.7,0
2026-07-06 00:00:00,PZ-003,EQ-015,OBM,72.2,10.9,547.3,0
2026-07-06 06:00:00,PZ-003,EQ-015,OBM,47.6,15.2,624.0,0
2026-07-06 12:00:00,PZ-003,EQ-015,WBM,59.9,14.6,481.9,0
2026-07-06 18:00:00,PZ-003,EQ-015,WBM,43.1,14.0,381.3,0
2026-07-07 00:00:00,PZ-003,EQ-015,OBM,64.3,11.2,601.2,0
2026-07-07 06:00:00,PZ-003,EQ-015,WBM,67.2,14.0,783.9,0
2026-07-07 12:00:00,PZ-003,EQ-015,OBM,84.4,14.2,777.4,0
2026-07-07 18:00:00,PZ-003,EQ-015,WBM,48.2,9.8,818.6,0
2026-07-08 00:00:00,PZ-003,EQ-015,OBM,54.9,12.2,321.9,0
2026-07-08 06:00:00,PZ-003,EQ-015,OBM,75.3,9.4,395.8,0
2026-07-08 12:00:00,PZ-003,EQ-015,WBM,77.7,10.4,592.7,0
2026-07-08 18:00:00,PZ-003,EQ-015,OBM,50.8,15.7,527.4,0
2026-07-09 00:00:00,PZ-003,EQ-015,WBM,77.0,10.5,671.4,0
2026-07-09 06:00:00,PZ-003,EQ-015,WBM,41.1,15.5,369.1,0
2026-07-09 12:00:00,PZ-003,EQ-015,OBM,55.4,10.3,398.1,0
2026-07-09 18:00:00,PZ-003,EQ-015,OBM,79.4,13.5,750.6,0
2026-07-10 00:00:00,PZ-003,EQ-015,OBM,50.5,10.8,696.3,0
2026-07-10 06:00:00,PZ-003,EQ-015,WBM,75.6,12.1,771.7,0
2026-07-10 12:00:00,PZ-003,EQ-015,WBM,74.9,13.4,607.5,0
2026-07-10 18:00:00,PZ-003,EQ-015,OBM,69.5,13.5,717.7,0
2026-07-11 00:00:00,PZ-003,EQ-015,WBM,67.8,13.1,374.2,0
2026-07-11 06:00:00,PZ-003,EQ-015,WBM,48.3,15.4,365.6,0
2026-07-11 12:00:00,PZ-003,EQ-015,WBM,65.0,10.6,544.4,0
2026-07-11 18:00:00,PZ-003,EQ-015,WBM,55.9,12.1,355.3,0
2026-07-12 00:00:00,PZ-003,EQ-015,WBM,62.7,14.9,603.6,0
2026-07-12 06:00:00,PZ-003,EQ-015,WBM,78.7,11.7,836.2,0
2026-07-12 12:00:00,PZ-003,EQ-015,OBM,68.5,9.4,834.4,0
2026-07-12 18:00:00,PZ-003,EQ-015,OBM,80.0,10.2,488.8,0
2026-07-13 00:00:00,PZ-003,EQ-015,OBM,79.2,14.3,499.8,0
2026-07-13 06:00:00,PZ-003,EQ-015,OBM,50.2,9.5,534.6,0
2026-07-13 12:00:00,PZ-003,EQ-015,WBM,79.9,15.9,329.7,0
2026-07-13 18:00:00,PZ-003,EQ-015,WBM,57.7,12.2,706.8,0
2026-07-14 00:00:00,PZ-003,EQ-015,OBM,55.0,12.8,747.3,0
2026-07-14 06:00:00,PZ-003,EQ-015,OBM,70.8,15.0,528.6,0
2026-07-14 12:00:00,PZ-003,EQ-015,OBM,41.9,12.1,649.8,0
2026-07-14 18:00:00,PZ-003,EQ-015,WBM,68.1,9.3,397.6,0
2026-07-15 00:00:00,PZ-003,EQ-015,OBM,79.4,14.6,400.1,0
2026-07-15 06:00:00,PZ-003,EQ-015,WBM,54.0,14.6,551.2,0
2026-07-15 12:00:00,PZ-003,EQ-015,OBM,48.9,11.8,568.3,0
2026-07-15 18:00:00,PZ-003,EQ-015,OBM,65.3,14.9,718.4,0
2026-07-16 00:00:00,PZ-003,EQ-015,OBM,40.1,13.3,495.8,0
2026-07-16 06:00:00,PZ-003,EQ-015,OBM,73.1,15.7,505.8,0
2026-07-16 12:00:00,PZ-003,EQ-015,OBM,55.0,10.0,455.0,0
2026-07-16 18:00:00,PZ-003,EQ-015,WBM,54.8,12.3,765.9,0
2026-07-17 00:00:00,PZ-003,EQ-015,OBM,81.9,10.1,386.3,0
2026-07-17 06:00:00,PZ-003,EQ-015,OBM,48.4,12.4,730.8,0
2026-07-17 12:00:00,PZ-003,EQ-015,OBM,65.6,15.1,580.5,0
2026-07-17 18:00:00,PZ-003,EQ-015,OBM,59.1,9.5,492.6,0
2026-07-18 00:00:00,PZ-003,EQ-015,WBM,46.7,11.1,317.7,0
2026-07-18 06:00:00,PZ-003,EQ-015,WBM,45.6,13.9,763.6,0
2026-07-18 12:00:00,PZ-003,EQ-015,WBM,82.5,11.7,816.2,0
2026-07-18 18:00:00,PZ-003,EQ-015,WBM,49.6,9.6,793.0,0
2026-07-19 00:00:00,PZ-003,EQ-015,OBM,78.3,14.9,663.6,0
2026-07-19 06:00:00,PZ-003,EQ-015,WBM,57.5,13.5,781.1,0
2026-07-19 12:00:00,PZ-003,EQ-015,OBM,61.3,14.0,839.0,0
2026-07-19 18:00:00,PZ-003,EQ-015,OBM,63.5,13.5,782.8,0
2026-07-20 00:00:00,PZ-003,EQ-015,OBM,63.7,9.1,573.2,0
2026-07-20 06:00:00,PZ-003,EQ-015,OBM,43.9,12.2,821.1,0
2026-07-20 12:00:00,PZ-003,EQ-015,OBM,66.5,11.0,501.8,0
2026-07-20 18:00:00,PZ-003,EQ-015,OBM,54.6,13.7,496.7,0
2026-07-21 00:00:00,PZ-003,EQ-015,OBM,76.1,10.5,519.3,0
2026-07-21 06:00:00,PZ-003,EQ-015,WBM,67.2,10.3,332.9,0
2026-07-21 12:00:00,PZ-003,EQ-015,OBM,46.1,9.4,365.9,0
2026-07-21 18:00:00,PZ-003,EQ-015,OBM,68.9,10.0,648.4,0
2026-07-22 00:00:00,PZ-003,EQ-015,OBM,76.1,11.3,380.8,0
2026-07-22 06:00:00,PZ-003,EQ-015,WBM,53.2,13.9,676.0,0
2026-07-22 12:00:00,PZ-003,EQ-015,WBM,55.9,9.9,597.6,0
2026-07-22 18:00:00,PZ-003,EQ-015,OBM,40.0,9.4,537.9,0
2026-07-23 00:00:00,PZ-003,EQ-015,OBM,84.7,11.9,325.6,0
2026-07-23 06:00:00,PZ-003,EQ-015,OBM,46.1,11.1,330.9,0
2026-07-23 12:00:00,PZ-003,EQ-015,WBM,44.1,11.9,493.2,0
2026-07-23 18:00:00,PZ-003,EQ-015,OBM,45.1,14.5,314.5,0
2026-07-24 00:00:00,PZ-003,EQ-015,OBM,83.1,13.0,387.3,0
2026-07-24 06:00:00,PZ-003,EQ-015,WBM,61.6,10.4,575.5,0
2026-07-24 12:00:00,PZ-003,EQ-015,OBM,66.7,9.5,789.3,0
2026-07-24 18:00:00,PZ-003,EQ-015,WBM,42.1,13.4,505.4,0
2026-07-25 00:00:00,PZ-003,EQ-015,WBM,41.8,15.6,830.7,0
2026-07-25 06:00:00,PZ-003,EQ-015,OBM,50.0,13.9,777.8,0
2026-07-25 12:00:00,PZ-003,EQ-015,WBM,41.1,9.3,316.3,0
2026-07-25 18:00:00,PZ-003,EQ-015,WBM,62.2,14.5,572.2,0
2026-07-26 00:00:00,PZ-003,EQ-015,WBM,65.6,9.9,720.6,0
2026-07-26 06:00:00,PZ-003,EQ-015,OBM,69.1,13.3,446.8,0
2026-07-26 12:00:00,PZ-003,EQ-015,OBM,40.6,10.3,635.6,0
2026-07-26 18:00:00,PZ-003,EQ-015,WBM,69.4,12.9,335.5,0
2026-07-27 00:00:00,PZ-003,EQ-015,OBM,84.7,9.2,663.0,0
2026-07-27 06:00:00,PZ-003,EQ-015,WBM,67.6,9.9,508.2,0
2026-07-27 12:00:00,PZ-003,EQ-015,WBM,62.2,11.5,604.0,0
2026-07-27 18:00:00,PZ-003,EQ-015,OBM,78.4,10.6,579.3,0
2026-07-28 00:00:00,PZ-003,EQ-015,OBM,56.5,13.5,315.5,0
2026-07-28 06:00:00,PZ-003,EQ-015,OBM,40.9,12.6,659.8,0
2026-07-28 12:00:00,PZ-003,EQ-015,WBM,84.6,13.2,499.8,0
2026-07-28 18:00:00,PZ-003,EQ-015,OBM,79.7,12.6,663.8,0
2026-07-29 00:00:00,PZ-003,EQ-015,WBM,52.9,13.9,497.6,0
2026-07-29 06:00:00,PZ-003,EQ-015,WBM,78.4,14.2,484.1,0
2026-07-29 12:00:00,PZ-003,EQ-015,WBM,42.2,9.9,364.1,0
2026-07-29 18:00:00,PZ-003,EQ-015,OBM,67.0,13.5,678.6,0
2026-07-30 00:00:00,PZ-003,EQ-015,WBM,68.0,13.1,819.0,0
2026-07-30 06:00:00,PZ-003,EQ-015,WBM,69.4,14.2,455.8,0
2026-07-30 12:00:00,PZ-003,EQ-015,WBM,83.2,9.8,337.2,0
2026-07-30 18:00:00,PZ-003,EQ-015,OBM,44.4,14.2,794.4,0
2026-07-31 00:00:00,PZ-003,EQ-015,OBM,41.9,11.7,461.1,0
2026-05-01 00:00:00,PZ-004,EQ-016,OBM,45.9,15.0,665.7,230
2026-05-01 06:00:00,PZ-004,EQ-016,WBM,73.4,12.8,615.2,100
2026-05-01 12:00:00,PZ-004,EQ-016,OBM,82.0,10.7,470.6,100
2026-05-01 18:00:00,PZ-004,EQ-016,WBM,54.4,14.5,329.2,230
2026-05-02 00:00:00,PZ-004,EQ-016,OBM,42.9,12.6,827.6,230
2026-05-02 06:00:00,PZ-004,EQ-016,OBM,84.7,12.0,391.8,140
2026-05-02 12:00:00,PZ-004,EQ-016,OBM,65.2,13.0,457.6,170
2026-05-02 18:00:00,PZ-004,EQ-016,OBM,47.7,13.8,609.9,200
2026-05-03 00:00:00,PZ-004,EQ-016,OBM,48.2,9.2,380.9,230
2026-05-03 06:00:00,PZ-004,EQ-016,WBM,63.9,12.6,643.1,140
2026-05-03 12:00:00,PZ-004,EQ-016,WBM,80.1,10.2,533.9,230
2026-05-03 18:00:00,PZ-004,EQ-016,OBM,82.2,9.3,308.2,140
2026-05-04 00:00:00,PZ-004,EQ-016,OBM,76.2,11.0,547.0,170
2026-05-04 06:00:00,PZ-004,EQ-016,WBM,57.6,13.9,497.0,140
2026-05-04 12:00:00,PZ-004,EQ-016,WBM,55.2,10.1,648.4,140
2026-05-04 18:00:00,PZ-004,EQ-016,OBM,71.1,11.2,656.8,170
2026-05-05 00:00:00,PZ-004,EQ-016,OBM,77.7,14.1,436.0,140
2026-05-05 06:00:00,PZ-004,EQ-016,WBM,64.6,13.8,329.2,100
2026-05-05 12:00:00,PZ-004,EQ-016,OBM,51.1,12.5,391.1,230
2026-05-05 18:00:00,PZ-004,EQ-016,OBM,58.9,11.3,358.2,170
2026-05-06 00:00:00,PZ-004,EQ-016,WBM,76.3,10.0,564.5,170
2026-05-06 06:00:00,PZ-004,EQ-016,WBM,45.2,9.2,455.6,200
2026-05-06 12:00:00,PZ-004,EQ-016,WBM,79.6,15.7,616.3,170
2026-05-06 18:00:00,PZ-004,EQ-016,OBM,75.5,12.4,559.1,230
2026-05-07 00:00:00,PZ-004,EQ-016,WBM,54.0,13.7,579.0,100
2026-05-07 06:00:00,PZ-004,EQ-016,OBM,76.6,13.7,492.2,100
2026-05-07 12:00:00,PZ-004,EQ-016,OBM,75.9,14.3,471.7,140
2026-05-07 18:00:00,PZ-004,EQ-016,OBM,51.3,14.7,507.8,140
2026-05-08 00:00:00,PZ-004,EQ-016,WBM,49.7,12.8,381.1,140
2026-05-08 06:00:00,PZ-004,EQ-016,OBM,62.8,11.1,510.8,140
2026-05-08 12:00:00,PZ-004,EQ-016,OBM,44.5,13.7,446.2,100
2026-05-08 18:00:00,PZ-004,EQ-016,OBM,45.2,11.6,500.4,200
2026-05-09 00:00:00,PZ-004,EQ-016,WBM,84.6,13.0,642.0,230
2026-05-09 06:00:00,PZ-004,EQ-016,OBM,82.4,14.7,463.0,100
2026-05-09 12:00:00,PZ-004,EQ-016,WBM,66.7,9.7,377.6,230
2026-05-09 18:00:00,PZ-004,EQ-016,OBM,81.6,13.0,650.7,140
2026-05-10 00:00:00,PZ-004,EQ-016,WBM,78.2,15.9,491.8,200
2026-05-10 06:00:00,PZ-004,EQ-016,WBM,63.6,12.5,438.0,170
2026-05-10 12:00:00,PZ-004,EQ-016,WBM,78.6,15.0,527.1,230
2026-05-10 18:00:00,PZ-004,EQ-016,WBM,81.7,12.8,594.6,100
2026-05-11 00:00:00,PZ-004,EQ-016,WBM,54.9,10.9,601.9,200
2026-05-11 06:00:00,PZ-004,EQ-016,WBM,79.2,15.5,644.7,200
2026-05-11 12:00:00,PZ-004,EQ-016,WBM,58.9,14.6,454.4,170
2026-05-11 18:00:00,PZ-004,EQ-016,OBM,74.8,13.3,588.9,230
2026-05-12 00:00:00,PZ-004,EQ-016,WBM,52.9,13.3,401.9,140
2026-05-12 06:00:00,PZ-004,EQ-016,OBM,51.2,11.2,332.6,230
2026-05-12 12:00:00,PZ-004,EQ-016,OBM,61.3,13.0,303.4,200
2026-05-12 18:00:00,PZ-004,EQ-016,OBM,43.0,15.2,714.2,230
2026-05-13 00:00:00,PZ-004,EQ-016,OBM,61.5,10.0,677.7,140
2026-05-13 06:00:00,PZ-004,EQ-016,WBM,63.5,15.8,806.3,170
2026-05-13 12:00:00,PZ-004,EQ-016,OBM,42.8,11.8,661.9,170
2026-05-13 18:00:00,PZ-004,EQ-016,WBM,62.8,14.9,590.4,170
2026-05-14 00:00:00,PZ-004,EQ-016,WBM,52.8,13.5,746.7,170
2026-05-14 06:00:00,PZ-004,EQ-016,OBM,72.3,15.4,653.4,100
2026-05-14 12:00:00,PZ-004,EQ-016,OBM,77.9,11.1,793.4,140
2026-05-14 18:00:00,PZ-004,EQ-016,OBM,58.1,14.9,565.3,170
2026-05-15 00:00:00,PZ-004,EQ-016,OBM,84.9,10.0,705.2,200
2026-05-15 06:00:00,PZ-004,EQ-016,OBM,82.2,15.1,341.2,200
2026-05-15 12:00:00,PZ-004,EQ-016,WBM,56.3,15.0,692.9,140
2026-05-15 18:00:00,PZ-004,EQ-016,OBM,76.3,14.5,308.8,140
2026-05-16 00:00:00,PZ-004,EQ-016,OBM,55.4,11.4,373.9,140
2026-05-16 06:00:00,PZ-004,EQ-016,OBM,63.5,10.5,667.3,100
2026-05-16 12:00:00,PZ-004,EQ-016,WBM,51.7,15.5,811.5,230
2026-05-16 18:00:00,PZ-004,EQ-016,WBM,76.8,10.5,810.9,170
2026-05-17 00:00:00,PZ-004,EQ-016,WBM,69.0,13.6,663.3,230
2026-05-17 06:00:00,PZ-004,EQ-016,WBM,42.3,15.6,550.8,230
2026-05-17 12:00:00,PZ-004,EQ-016,OBM,83.1,12.0,397.2,200
2026-05-17 18:00:00,PZ-004,EQ-016,OBM,76.4,13.6,401.9,140
2026-05-18 00:00:00,PZ-004,EQ-016,OBM,54.9,14.3,592.2,140
2026-05-18 06:00:00,PZ-004,EQ-016,OBM,45.6,12.6,328.4,100
2026-05-18 12:00:00,PZ-004,EQ-016,OBM,72.9,12.2,800.1,230
2026-05-18 18:00:00,PZ-004,EQ-016,WBM,82.8,11.0,605.2,140
2026-05-19 00:00:00,PZ-004,EQ-016,OBM,73.2,14.2,577.2,200
2026-05-19 06:00:00,PZ-004,EQ-016,OBM,80.7,15.6,783.5,230
2026-05-19 12:00:00,PZ-004,EQ-016,WBM,78.7,14.2,494.4,200
2026-05-19 18:00:00,PZ-004,EQ-016,WBM,47.2,14.0,755.7,100
2026-05-20 00:00:00,PZ-004,EQ-016,WBM,50.9,9.1,490.6,200
2026-05-20 06:00:00,PZ-004,EQ-016,OBM,59.0,11.0,525.2,100
2026-05-20 12:00:00,PZ-004,EQ-016,WBM,57.2,10.7,419.6,100
2026-05-20 18:00:00,PZ-004,EQ-016,WBM,54.0,12.9,374.0,200
2026-05-21 00:00:00,PZ-004,EQ-016,WBM,54.9,12.5,331.5,200
2026-05-21 06:00:00,PZ-004,EQ-016,WBM,57.7,9.8,424.2,170
2026-05-21 12:00:00,PZ-004,EQ-016,OBM,81.2,11.9,545.3,230
2026-05-21 18:00:00,PZ-004,EQ-016,WBM,50.2,10.6,841.9,200
2026-05-22 00:00:00,PZ-004,EQ-016,OBM,51.5,9.7,688.1,200
2026-05-22 06:00:00,PZ-004,EQ-016,WBM,46.6,11.5,520.5,100
2026-05-22 12:00:00,PZ-004,EQ-016,WBM,40.4,14.1,849.9,100
2026-05-22 18:00:00,PZ-004,EQ-016,OBM,62.5,10.1,787.8,100
2026-05-23 00:00:00,PZ-004,EQ-016,WBM,80.8,12.8,556.0,200
2026-05-23 06:00:00,PZ-004,EQ-016,OBM,72.4,12.3,342.3,140
2026-05-23 12:00:00,PZ-004,EQ-016,WBM,57.7,15.8,348.9,170
2026-05-23 18:00:00,PZ-004,EQ-016,WBM,67.2,12.1,601.7,200
2026-05-24 00:00:00,PZ-004,EQ-016,OBM,67.7,12.4,552.6,100
2026-05-24 06:00:00,PZ-004,EQ-016,WBM,63.7,11.3,734.8,140
2026-05-24 12:00:00,PZ-004,EQ-016,OBM,40.6,13.2,724.8,140
2026-05-24 18:00:00,PZ-004,EQ-016,OBM,81.7,13.6,304.9,170
2026-05-25 00:00:00,PZ-004,EQ-016,OBM,48.4,11.8,759.5,140
2026-05-25 06:00:00,PZ-004,EQ-016,WBM,57.1,10.2,312.3,100
2026-05-25 12:00:00,PZ-004,EQ-016,OBM,61.4,9.5,476.8,170
2026-05-25 18:00:00,PZ-004,EQ-016,WBM,60.9,12.5,495.2,170
2026-05-26 00:00:00,PZ-004,EQ-016,OBM,62.5,14.8,809.8,230
2026-05-26 06:00:00,PZ-004,EQ-016,OBM,44.6,10.5,533.4,100
2026-05-26 12:00:00,PZ-004,EQ-016,WBM,57.4,9.9,674.1,170
2026-05-26 18:00:00,PZ-004,EQ-016,WBM,57.5,15.0,706.4,230
2026-05-27 00:00:00,PZ-004,EQ-016,OBM,73.4,13.3,755.4,230
2026-05-27 06:00:00,PZ-004,EQ-016,WBM,45.5,10.9,823.8,170
2026-05-27 12:00:00,PZ-004,EQ-016,OBM,51.6,13.5,552.6,230
2026-05-27 18:00:00,PZ-004,EQ-016,OBM,71.5,14.8,523.8,170
2026-05-28 00:00:00,PZ-004,EQ-016,OBM,72.2,13.8,373.9,140
2026-05-28 06:00:00,PZ-004,EQ-016,OBM,41.2,9.7,663.8,100
2026-05-28 12:00:00,PZ-004,EQ-016,OBM,68.1,13.7,443.6,140
2026-05-28 18:00:00,PZ-004,EQ-016,WBM,74.8,11.2,396.3,170
2026-05-29 00:00:00,PZ-004,EQ-016,OBM,68.5,15.9,486.4,140
2026-05-29 06:00:00,PZ-004,EQ-016,OBM,69.4,15.7,740.0,230
2026-05-29 12:00:00,PZ-004,EQ-016,WBM,74.5,13.1,803.2,100
2026-05-29 18:00:00,PZ-004,EQ-016,OBM,83.8,9.2,700.4,140
2026-05-30 00:00:00,PZ-004,EQ-016,OBM,79.8,13.4,310.7,230
2026-05-30 06:00:00,PZ-004,EQ-016,WBM,76.0,11.2,471.8,170
2026-05-30 12:00:00,PZ-004,EQ-016,OBM,45.3,10.0,502.9,100
2026-05-30 18:00:00,PZ-004,EQ-016,WBM,65.3,10.8,520.6,100
2026-05-31 00:00:00,PZ-004,EQ-016,OBM,74.2,12.1,577.4,200
2026-05-31 06:00:00,PZ-004,EQ-016,OBM,62.3,15.6,796.2,140
2026-05-31 12:00:00,PZ-004,EQ-016,OBM,72.2,15.8,618.0,230
2026-05-31 18:00:00,PZ-004,EQ-016,WBM,48.4,9.8,327.6,140
2026-06-01 00:00:00,PZ-004,EQ-016,WBM,57.9,12.4,393.1,170
2026-06-01 06:00:00,PZ-004,EQ-016,OBM,74.8,12.5,408.5,200
2026-06-01 12:00:00,PZ-004,EQ-016,WBM,44.5,10.2,491.9,230
2026-06-01 18:00:00,PZ-004,EQ-016,OBM,44.0,14.6,562.4,170
2026-06-02 00:00:00,PZ-004,EQ-016,OBM,48.2,9.9,324.7,230
2026-06-02 06:00:00,PZ-004,EQ-016,OBM,42.2,14.9,339.7,230
2026-06-02 12:00:00,PZ-004,EQ-016,OBM,82.8,11.3,530.4,100
2026-06-02 18:00:00,PZ-004,EQ-016,OBM,75.4,14.9,713.0,200
2026-06-03 00:00:00,PZ-004,EQ-016,OBM,55.7,9.4,712.4,100
2026-06-03 06:00:00,PZ-004,EQ-016,WBM,60.9,9.1,592.2,100
2026-06-03 12:00:00,PZ-004,EQ-016,WBM,70.3,12.0,550.9,170
2026-06-03 18:00:00,PZ-004,EQ-016,WBM,80.1,15.6,572.7,230
2026-06-04 00:00:00,PZ-004,EQ-016,WBM,53.8,13.7,609.3,200
2026-06-04 06:00:00,PZ-004,EQ-016,OBM,47.9,9.8,642.7,100
2026-06-04 12:00:00,PZ-004,EQ-016,OBM,57.9,12.3,715.5,140
2026-06-04 18:00:00,PZ-004,EQ-016,OBM,69.1,14.7,586.8,230
2026-06-05 00:00:00,PZ-004,EQ-016,WBM,76.0,12.1,765.8,100
2026-06-05 06:00:00,PZ-004,EQ-016,OBM,60.3,9.4,568.2,230
2026-06-05 12:00:00,PZ-004,EQ-016,OBM,53.0,11.8,613.2,100
2026-06-05 18:00:00,PZ-004,EQ-016,WBM,44.5,10.8,435.2,170
2026-06-06 00:00:00,PZ-004,EQ-016,WBM,54.7,9.2,600.7,230
2026-06-06 06:00:00,PZ-004,EQ-016,OBM,79.1,9.3,696.5,140
2026-06-06 12:00:00,PZ-004,EQ-016,WBM,70.1,10.9,310.8,200
2026-06-06 18:00:00,PZ-004,EQ-016,WBM,79.1,15.7,818.8,200
2026-06-07 00:00:00,PZ-004,EQ-016,OBM,43.8,12.7,673.4,100
2026-06-07 06:00:00,PZ-004,EQ-016,WBM,57.4,13.5,845.4,170
2026-06-07 12:00:00,PZ-004,EQ-016,OBM,82.9,10.0,545.4,100
2026-06-07 18:00:00,PZ-004,EQ-016,WBM,84.8,12.0,664.2,140
2026-06-08 00:00:00,PZ-004,EQ-016,OBM,50.8,11.7,358.2,170
2026-06-08 06:00:00,PZ-004,EQ-016,OBM,41.4,12.8,551.8,200
2026-06-08 12:00:00,PZ-004,EQ-016,WBM,67.3,11.2,543.9,100
2026-06-08 18:00:00,PZ-004,EQ-016,OBM,47.6,10.1,724.8,100
2026-06-09 00:00:00,PZ-004,EQ-016,WBM,47.5,15.4,793.2,170
2026-06-09 06:00:00,PZ-004,EQ-016,WBM,78.2,9.1,342.4,140
2026-06-09 12:00:00,PZ-004,EQ-016,WBM,56.1,16.0,511.1,200
2026-06-09 18:00:00,PZ-004,EQ-016,OBM,52.6,11.1,377.1,100
2026-06-10 00:00:00,PZ-004,EQ-016,WBM,61.0,15.5,690.9,230
2026-06-10 06:00:00,PZ-004,EQ-016,WBM,52.0,15.3,653.9,140
2026-06-10 12:00:00,PZ-004,EQ-016,WBM,82.7,15.7,528.3,100
2026-06-10 18:00:00,PZ-004,EQ-016,OBM,54.0,9.6,689.7,170
2026-06-11 00:00:00,PZ-004,EQ-016,OBM,50.0,9.4,718.0,140
2026-06-11 06:00:00,PZ-004,EQ-016,WBM,63.5,12.7,678.0,230
2026-06-11 12:00:00,PZ-004,EQ-016,WBM,64.0,13.3,402.4,140
2026-06-11 18:00:00,PZ-004,EQ-016,WBM,77.0,10.5,692.3,140
2026-06-12 00:00:00,PZ-004,EQ-016,WBM,64.2,11.4,791.2,230
2026-06-12 06:00:00,PZ-004,EQ-016,OBM,76.8,14.9,531.2,230
2026-06-12 12:00:00,PZ-004,EQ-016,OBM,77.7,12.9,507.5,100
2026-06-12 18:00:00,PZ-004,EQ-016,WBM,83.0,12.4,304.9,170
2026-06-13 00:00:00,PZ-004,EQ-016,WBM,49.8,14.8,415.1,140
2026-06-13 06:00:00,PZ-004,EQ-016,OBM,64.9,13.8,640.7,170
2026-06-13 12:00:00,PZ-004,EQ-016,WBM,59.3,13.4,600.9,100
2026-06-13 18:00:00,PZ-004,EQ-016,OBM,41.0,11.6,425.8,140
2026-06-14 00:00:00,PZ-004,EQ-016,OBM,65.9,11.0,414.2,200
2026-06-14 06:00:00,PZ-004,EQ-016,OBM,57.3,9.8,612.1,230
2026-06-14 12:00:00,PZ-004,EQ-016,OBM,79.9,10.5,359.0,170
2026-06-14 18:00:00,PZ-004,EQ-016,OBM,77.6,12.4,475.5,230
2026-06-15 00:00:00,PZ-004,EQ-016,OBM,48.9,9.2,800.9,100
2026-06-15 06:00:00,PZ-004,EQ-016,OBM,54.8,9.8,641.8,200
2026-06-15 12:00:00,PZ-004,EQ-016,WBM,54.7,10.5,849.3,170
2026-06-15 18:00:00,PZ-004,EQ-016,OBM,61.7,14.0,603.7,230
2026-06-16 00:00:00,PZ-004,EQ-016,OBM,63.8,14.6,616.8,140
2026-06-16 06:00:00,PZ-004,EQ-016,WBM,75.1,13.9,590.1,100
2026-06-16 12:00:00,PZ-004,EQ-016,WBM,81.3,12.8,476.1,200
2026-06-16 18:00:00,PZ-004,EQ-016,OBM,75.6,15.8,575.9,200
2026-06-17 00:00:00,PZ-004,EQ-016,OBM,61.0,12.2,830.6,230
2026-06-17 06:00:00,PZ-004,EQ-016,OBM,70.5,9.1,367.3,140
2026-06-17 12:00:00,PZ-004,EQ-016,OBM,64.5,14.4,487.5,100
2026-06-17 18:00:00,PZ-004,EQ-016,OBM,78.2,15.4,729.4,200
2026-06-18 00:00:00,PZ-004,EQ-016,WBM,51.2,14.3,318.7,140
2026-06-18 06:00:00,PZ-004,EQ-016,WBM,60.1,10.5,327.8,230
2026-06-18 12:00:00,PZ-004,EQ-016,OBM,68.5,11.5,574.1,140
2026-06-18 18:00:00,PZ-004,EQ-016,OBM,71.8,13.1,572.2,140
2026-06-19 00:00:00,PZ-004,EQ-016,OBM,80.2,14.7,439.1,230
2026-06-19 06:00:00,PZ-004,EQ-016,OBM,83.3,9.1,409.7,200
2026-06-19 12:00:00,PZ-004,EQ-016,OBM,72.3,14.6,621.2,140
2026-06-19 18:00:00,PZ-004,EQ-016,OBM,57.0,10.8,801.4,140
2026-06-20 00:00:00,PZ-004,EQ-016,OBM,48.3,14.6,555.9,140
2026-06-20 06:00:00,PZ-004,EQ-016,WBM,61.0,9.3,668.7,140
2026-06-20 12:00:00,PZ-004,EQ-016,OBM,49.0,13.1,585.6,200
2026-06-20 18:00:00,PZ-004,EQ-016,OBM,73.5,14.3,693.8,140
2026-06-21 00:00:00,PZ-004,EQ-016,OBM,75.2,9.7,306.6,200
2026-06-21 06:00:00,PZ-004,EQ-016,OBM,74.5,15.8,811.1,200
2026-06-21 12:00:00,PZ-004,EQ-016,OBM,76.5,14.5,384.3,200
2026-06-21 18:00:00,PZ-004,EQ-016,OBM,84.5,12.5,775.4,170
2026-06-22 00:00:00,PZ-004,EQ-016,WBM,42.3,12.4,802.5,170
2026-06-22 06:00:00,PZ-004,EQ-016,WBM,68.7,14.8,665.7,200
2026-06-22 12:00:00,PZ-004,EQ-016,OBM,74.6,12.5,551.9,170
2026-06-22 18:00:00,PZ-004,EQ-016,OBM,68.1,11.2,311.2,140
2026-06-23 00:00:00,PZ-004,EQ-016,WBM,72.1,15.5,596.4,200
2026-06-23 06:00:00,PZ-004,EQ-016,OBM,54.7,15.1,544.4,140
2026-06-23 12:00:00,PZ-004,EQ-016,WBM,68.0,12.9,794.2,100
2026-06-23 18:00:00,PZ-004,EQ-016,OBM,69.3,11.4,321.9,200
2026-06-24 00:00:00,PZ-004,EQ-016,OBM,48.1,9.4,767.8,140
2026-06-24 06:00:00,PZ-004,EQ-016,WBM,65.4,11.5,411.4,170
2026-06-24 12:00:00,PZ-004,EQ-016,OBM,49.1,13.9,368.2,170
2026-06-24 18:00:00,PZ-004,EQ-016,WBM,63.8,14.8,437.9,170
2026-06-25 00:00:00,PZ-004,EQ-016,WBM,51.3,10.7,471.0,200
2026-06-25 06:00:00,PZ-004,EQ-016,WBM,51.1,13.2,841.8,200
2026-06-25 12:00:00,PZ-004,EQ-016,WBM,75.3,9.5,827.9,100
2026-06-25 18:00:00,PZ-004,EQ-016,OBM,62.5,14.0,720.7,100
2026-06-26 00:00:00,PZ-004,EQ-016,WBM,57.5,10.1,587.9,200
2026-06-26 06:00:00,PZ-004,EQ-016,OBM,45.2,11.6,743.6,140
2026-06-26 12:00:00,PZ-004,EQ-016,OBM,74.5,10.4,837.7,100
2026-06-26 18:00:00,PZ-004,EQ-016,OBM,45.7,14.4,564.8,100
2026-06-27 00:00:00,PZ-004,EQ-016,OBM,49.2,12.7,728.9,140
2026-06-27 06:00:00,PZ-004,EQ-016,OBM,75.3,12.7,629.0,200
2026-06-27 12:00:00,PZ-004,EQ-016,OBM,47.6,10.7,715.8,140
2026-06-27 18:00:00,PZ-004,EQ-016,WBM,72.8,12.5,738.0,170
2026-06-28 00:00:00,PZ-004,EQ-016,OBM,47.2,14.8,463.7,230
2026-06-28 06:00:00,PZ-004,EQ-016,WBM,68.1,15.6,345.2,200
2026-06-28 12:00:00,PZ-004,EQ-016,WBM,41.8,11.4,556.7,200
2026-06-28 18:00:00,PZ-004,EQ-016,OBM,51.0,9.1,478.7,170
2026-06-29 00:00:00,PZ-004,EQ-016,OBM,40.2,14.4,317.2,170
2026-06-29 06:00:00,PZ-004,EQ-016,WBM,50.8,10.6,570.4,140
2026-06-29 12:00:00,PZ-004,EQ-016,OBM,83.5,9.0,750.3,170
2026-06-29 18:00:00,PZ-004,EQ-016,OBM,52.5,10.3,718.3,170
2026-06-30 00:00:00,PZ-004,EQ-016,OBM,45.4,11.7,703.2,100
2026-06-30 06:00:00,PZ-004,EQ-016,OBM,48.0,14.7,576.1,200
2026-06-30 12:00:00,PZ-004,EQ-016,OBM,47.4,9.5,731.9,100
2026-06-30 18:00:00,PZ-004,EQ-016,OBM,41.2,10.3,559.1,200
2026-07-01 00:00:00,PZ-004,EQ-016,WBM,57.1,15.1,701.3,230
2026-07-01 06:00:00,PZ-004,EQ-016,OBM,46.6,10.8,847.7,100
2026-07-01 12:00:00,PZ-004,EQ-016,OBM,70.7,10.6,418.3,140
2026-07-01 18:00:00,PZ-004,EQ-016,OBM,62.2,11.7,465.1,230
2026-07-02 00:00:00,PZ-004,EQ-016,WBM,51.0,15.8,314.2,200
2026-07-02 06:00:00,PZ-004,EQ-016,OBM,54.0,10.3,681.2,200
2026-07-02 12:00:00,PZ-004,EQ-016,WBM,72.6,11.8,377.3,170
2026-07-02 18:00:00,PZ-004,EQ-016,OBM,45.3,10.9,522.2,170
2026-07-03 00:00:00,PZ-004,EQ-016,OBM,62.6,10.6,553.7,140
2026-07-03 06:00:00,PZ-004,EQ-016,OBM,47.4,10.7,336.8,200
2026-07-03 12:00:00,PZ-004,EQ-016,OBM,54.2,11.4,372.5,230
2026-07-03 18:00:00,PZ-004,EQ-016,OBM,73.4,13.1,451.8,230
2026-07-04 00:00:00,PZ-004,EQ-016,OBM,74.5,12.5,831.0,200
2026-07-04 06:00:00,PZ-004,EQ-016,WBM,73.3,12.6,362.6,230
2026-07-04 12:00:00,PZ-004,EQ-016,OBM,55.7,12.8,528.8,140
2026-07-04 18:00:00,PZ-004,EQ-016,WBM,45.6,15.0,758.6,200
2026-07-05 00:00:00,PZ-004,EQ-016,WBM,60.8,9.7,614.1,200
2026-07-05 06:00:00,PZ-004,EQ-016,WBM,80.2,10.0,664.3,200
2026-07-05 12:00:00,PZ-004,EQ-016,OBM,48.2,11.9,594.3,100
2026-07-05 18:00:00,PZ-004,EQ-016,OBM,66.6,14.0,589.5,100
2026-07-06 00:00:00,PZ-004,EQ-016,OBM,84.9,12.2,688.4,100
2026-07-06 06:00:00,PZ-004,EQ-016,OBM,41.5,11.3,567.4,230
2026-07-06 12:00:00,PZ-004,EQ-016,WBM,51.6,14.7,452.9,170
2026-07-06 18:00:00,PZ-004,EQ-016,OBM,57.3,10.7,616.4,140
2026-07-07 00:00:00,PZ-004,EQ-016,OBM,57.8,12.9,464.3,230
2026-07-07 06:00:00,PZ-004,EQ-016,OBM,68.1,13.1,659.1,200
2026-07-07 12:00:00,PZ-004,EQ-016,OBM,70.9,9.4,360.4,200
2026-07-07 18:00:00,PZ-004,EQ-016,WBM,46.5,10.4,726.5,200
2026-07-08 00:00:00,PZ-004,EQ-016,OBM,44.3,14.4,347.6,170
2026-07-08 06:00:00,PZ-004,EQ-016,WBM,71.1,14.1,832.8,100
2026-07-08 12:00:00,PZ-004,EQ-016,WBM,45.5,10.2,483.8,140
2026-07-08 18:00:00,PZ-004,EQ-016,OBM,76.5,15.2,811.2,140
2026-07-09 00:00:00,PZ-004,EQ-016,OBM,42.1,14.3,505.6,200
2026-07-09 06:00:00,PZ-004,EQ-016,OBM,40.4,10.9,493.6,230
2026-07-09 12:00:00,PZ-004,EQ-016,WBM,77.9,9.6,313.8,140
2026-07-09 18:00:00,PZ-004,EQ-016,OBM,52.6,10.3,340.1,140
2026-07-10 00:00:00,PZ-004,EQ-016,WBM,68.4,15.4,777.4,170
2026-07-10 06:00:00,PZ-004,EQ-016,WBM,65.9,11.3,652.6,100
2026-07-10 12:00:00,PZ-004,EQ-016,OBM,68.5,12.0,535.2,140
2026-07-10 18:00:00,PZ-004,EQ-016,OBM,68.5,13.8,427.1,100
2026-07-11 00:00:00,PZ-004,EQ-016,OBM,80.9,11.6,439.7,230
2026-07-11 06:00:00,PZ-004,EQ-016,OBM,48.5,11.4,820.2,230
2026-07-11 12:00:00,PZ-004,EQ-016,OBM,84.6,10.8,560.3,170
2026-07-11 18:00:00,PZ-004,EQ-016,OBM,72.6,10.0,716.4,200
2026-07-12 00:00:00,PZ-004,EQ-016,OBM,56.9,11.8,387.4,200
2026-07-12 06:00:00,PZ-004,EQ-016,OBM,58.6,14.6,629.5,100
2026-07-12 12:00:00,PZ-004,EQ-016,OBM,46.1,12.8,399.5,170
2026-07-12 18:00:00,PZ-004,EQ-016,OBM,73.2,10.0,602.3,170
2026-07-13 00:00:00,PZ-004,EQ-016,WBM,77.7,10.3,838.5,230
2026-07-13 06:00:00,PZ-004,EQ-016,WBM,54.1,13.6,414.8,140
2026-07-13 12:00:00,PZ-004,EQ-016,OBM,81.8,15.9,549.6,140
2026-07-13 18:00:00,PZ-004,EQ-016,OBM,70.6,14.4,519.4,230
2026-07-14 00:00:00,PZ-004,EQ-016,OBM,54.0,14.6,580.0,140
2026-07-14 06:00:00,PZ-004,EQ-016,OBM,84.4,11.6,657.1,140
2026-07-14 12:00:00,PZ-004,EQ-016,WBM,80.9,12.0,828.4,140
2026-07-14 18:00:00,PZ-004,EQ-016,OBM,74.9,11.8,798.9,100
2026-07-15 00:00:00,PZ-004,EQ-016,WBM,74.8,12.5,595.4,100
2026-07-15 06:00:00,PZ-004,EQ-016,WBM,81.7,15.9,494.8,200
2026-07-15 12:00:00,PZ-004,EQ-016,OBM,71.7,12.3,522.6,200
2026-07-15 18:00:00,PZ-004,EQ-016,WBM,40.7,13.3,608.1,170
2026-07-16 00:00:00,PZ-004,EQ-016,OBM,44.6,11.3,632.0,230
2026-07-16 06:00:00,PZ-004,EQ-016,WBM,62.8,14.1,457.9,200
2026-07-16 12:00:00,PZ-004,EQ-016,OBM,72.2,11.1,693.8,170
2026-07-16 18:00:00,PZ-004,EQ-016,OBM,49.1,13.2,311.3,100
2026-07-17 00:00:00,PZ-004,EQ-016,WBM,71.8,14.8,418.7,140
2026-07-17 06:00:00,PZ-004,EQ-016,WBM,44.7,13.2,393.1,230
2026-07-17 12:00:00,PZ-004,EQ-016,OBM,52.0,15.1,659.8,200
2026-07-17 18:00:00,PZ-004,EQ-016,WBM,68.6,14.5,388.3,140
2026-07-18 00:00:00,PZ-004,EQ-016,OBM,62.3,10.5,670.0,100
2026-07-18 06:00:00,PZ-004,EQ-016,WBM,58.4,11.2,441.9,200
2026-07-18 12:00:00,PZ-004,EQ-016,WBM,74.3,12.7,353.9,100
2026-07-18 18:00:00,PZ-004,EQ-016,WBM,54.5,15.6,535.4,200
2026-07-19 00:00:00,PZ-004,EQ-016,OBM,52.8,13.9,595.8,140
2026-07-19 06:00:00,PZ-004,EQ-016,WBM,67.9,11.4,646.0,200
2026-07-19 12:00:00,PZ-004,EQ-016,OBM,50.4,9.2,808.3,200
2026-07-19 18:00:00,PZ-004,EQ-016,WBM,63.8,13.6,717.6,170
2026-07-20 00:00:00,PZ-004,EQ-016,WBM,78.8,10.2,498.1,140
2026-07-20 06:00:00,PZ-004,EQ-016,OBM,45.0,15.2,454.5,200
2026-07-20 12:00:00,PZ-004,EQ-016,OBM,60.2,10.7,354.4,200
2026-07-20 18:00:00,PZ-004,EQ-016,OBM,49.3,14.9,849.8,140
2026-07-21 00:00:00,PZ-004,EQ-016,OBM,76.1,14.9,387.3,200
2026-07-21 06:00:00,PZ-004,EQ-016,OBM,71.7,14.2,413.9,140
2026-07-21 12:00:00,PZ-004,EQ-016,WBM,42.3,11.7,314.7,170
2026-07-21 18:00:00,PZ-004,EQ-016,WBM,68.2,12.8,662.7,230
2026-07-22 00:00:00,PZ-004,EQ-016,WBM,74.4,14.7,327.4,200
2026-07-22 06:00:00,PZ-004,EQ-016,OBM,62.2,14.9,795.1,200
2026-07-22 12:00:00,PZ-004,EQ-016,WBM,42.8,13.6,366.8,140
2026-07-22 18:00:00,PZ-004,EQ-016,WBM,46.9,10.0,531.4,200
2026-07-23 00:00:00,PZ-004,EQ-016,OBM,68.5,9.3,794.0,200
2026-07-23 06:00:00,PZ-004,EQ-016,OBM,59.3,15.0,315.6,100
2026-07-23 12:00:00,PZ-004,EQ-016,OBM,81.5,11.1,798.1,100
2026-07-23 18:00:00,PZ-004,EQ-016,OBM,48.6,11.2,375.0,200
2026-07-24 00:00:00,PZ-004,EQ-016,OBM,83.0,14.1,682.1,140
2026-07-24 06:00:00,PZ-004,EQ-016,OBM,50.7,9.6,575.5,170
2026-07-24 12:00:00,PZ-004,EQ-016,OBM,53.5,14.4,471.8,200
2026-07-24 18:00:00,PZ-004,EQ-016,OBM,45.1,10.8,583.5,140
2026-07-25 00:00:00,PZ-004,EQ-016,OBM,42.9,13.1,514.3,170
2026-07-25 06:00:00,PZ-004,EQ-016,WBM,71.2,14.8,744.1,170
2026-07-25 12:00:00,PZ-004,EQ-016,WBM,84.3,15.9,631.3,140
2026-07-25 18:00:00,PZ-004,EQ-016,OBM,46.2,13.7,828.1,100
2026-07-26 00:00:00,PZ-004,EQ-016,OBM,44.3,10.2,840.5,100
2026-07-26 06:00:00,PZ-004,EQ-016,WBM,77.1,14.8,529.3,140
2026-07-26 12:00:00,PZ-004,EQ-016,OBM,84.9,9.2,763.0,230
2026-07-26 18:00:00,PZ-004,EQ-016,OBM,62.7,12.1,749.9,230
2026-07-27 00:00:00,PZ-004,EQ-016,OBM,63.7,15.1,574.2,140
2026-07-27 06:00:00,PZ-004,EQ-016,WBM,40.5,13.7,445.4,200
2026-07-27 12:00:00,PZ-004,EQ-016,WBM,41.6,12.5,418.3,230
2026-07-27 18:00:00,PZ-004,EQ-016,WBM,69.5,13.8,828.8,200
2026-07-28 00:00:00,PZ-004,EQ-016,OBM,57.7,10.0,574.7,100
2026-07-28 06:00:00,PZ-004,EQ-016,OBM,81.6,14.4,708.1,170
2026-07-28 12:00:00,PZ-004,EQ-016,OBM,72.1,11.8,321.9,100
2026-07-28 18:00:00,PZ-004,EQ-016,WBM,49.1,11.9,319.7,140
2026-07-29 00:00:00,PZ-004,EQ-016,OBM,54.3,13.2,671.2,230
2026-07-29 06:00:00,PZ-004,EQ-016,OBM,70.2,9.9,431.3,170
2026-07-29 12:00:00,PZ-004,EQ-016,WBM,42.9,14.4,716.4,140
2026-07-29 18:00:00,PZ-004,EQ-016,OBM,54.9,11.6,443.5,100
2026-07-30 00:00:00,PZ-004,EQ-016,OBM,63.0,9.1,371.2,230
2026-07-30 06:00:00,PZ-004,EQ-016,WBM,57.4,14.3,727.1,200
2026-07-30 12:00:00,PZ-004,EQ-016,WBM,42.1,15.8,737.2,170
2026-07-30 18:00:00,PZ-004,EQ-016,WBM,66.1,12.6,506.9,100
2026-07-31 00:00:00,PZ-004,EQ-016,OBM,61.3,9.1,747.9,170
2026-05-01 00:00:00,PZ-004,EQ-017,OBM,71.7,11.9,704.6,170
2026-05-01 06:00:00,PZ-004,EQ-017,OBM,58.8,10.5,471.5,170
2026-05-01 12:00:00,PZ-004,EQ-017,WBM,64.3,10.4,823.9,100
2026-05-01 18:00:00,PZ-004,EQ-017,OBM,75.2,12.6,482.5,170
2026-05-02 00:00:00,PZ-004,EQ-017,WBM,67.7,16.0,500.9,200
2026-05-02 06:00:00,PZ-004,EQ-017,OBM,78.9,10.3,795.0,200
2026-05-02 12:00:00,PZ-004,EQ-017,WBM,67.5,14.0,305.7,170
2026-05-02 18:00:00,PZ-004,EQ-017,WBM,42.2,9.6,741.0,140
2026-05-03 00:00:00,PZ-004,EQ-017,OBM,66.3,10.3,674.9,140
2026-05-03 06:00:00,PZ-004,EQ-017,OBM,83.0,10.0,835.5,200
2026-05-03 12:00:00,PZ-004,EQ-017,OBM,63.9,14.6,697.4,140
2026-05-03 18:00:00,PZ-004,EQ-017,WBM,51.4,12.6,463.5,100
2026-05-04 00:00:00,PZ-004,EQ-017,OBM,76.0,15.3,713.0,100
2026-05-04 06:00:00,PZ-004,EQ-017,OBM,76.7,9.6,431.5,100
2026-05-04 12:00:00,PZ-004,EQ-017,WBM,43.4,11.1,320.3,230
2026-05-04 18:00:00,PZ-004,EQ-017,OBM,80.0,9.8,693.0,140
2026-05-05 00:00:00,PZ-004,EQ-017,WBM,40.9,12.1,423.3,100
2026-05-05 06:00:00,PZ-004,EQ-017,WBM,40.3,14.3,385.2,100
2026-05-05 12:00:00,PZ-004,EQ-017,OBM,69.1,15.4,505.7,200
2026-05-05 18:00:00,PZ-004,EQ-017,OBM,75.7,13.9,787.3,230
2026-05-06 00:00:00,PZ-004,EQ-017,WBM,63.0,14.2,517.8,100
2026-05-06 06:00:00,PZ-004,EQ-017,OBM,54.2,11.3,804.7,140
2026-05-06 12:00:00,PZ-004,EQ-017,OBM,71.5,13.5,668.2,170
2026-05-06 18:00:00,PZ-004,EQ-017,OBM,68.6,12.1,309.4,200
2026-05-07 00:00:00,PZ-004,EQ-017,WBM,59.2,10.3,728.5,200
2026-05-07 06:00:00,PZ-004,EQ-017,WBM,75.8,10.4,437.1,170
2026-05-07 12:00:00,PZ-004,EQ-017,WBM,56.8,11.8,470.2,140
2026-05-07 18:00:00,PZ-004,EQ-017,OBM,46.3,13.8,405.6,200
2026-05-08 00:00:00,PZ-004,EQ-017,WBM,73.9,10.7,380.2,230
2026-05-08 06:00:00,PZ-004,EQ-017,WBM,84.4,10.7,776.6,170
2026-05-08 12:00:00,PZ-004,EQ-017,WBM,61.5,11.3,786.3,230
2026-05-08 18:00:00,PZ-004,EQ-017,OBM,52.0,11.4,309.9,170
2026-05-09 00:00:00,PZ-004,EQ-017,WBM,60.8,11.7,486.8,200
2026-05-09 06:00:00,PZ-004,EQ-017,WBM,74.9,10.8,510.8,100
2026-05-09 12:00:00,PZ-004,EQ-017,WBM,53.4,14.8,374.0,200
2026-05-09 18:00:00,PZ-004,EQ-017,WBM,76.3,15.7,440.4,230
2026-05-10 00:00:00,PZ-004,EQ-017,OBM,57.3,9.8,566.1,170
2026-05-10 06:00:00,PZ-004,EQ-017,OBM,44.4,14.4,509.4,170
2026-05-10 12:00:00,PZ-004,EQ-017,OBM,47.7,14.9,530.0,170
2026-05-10 18:00:00,PZ-004,EQ-017,WBM,49.8,14.0,547.9,200
2026-05-11 00:00:00,PZ-004,EQ-017,OBM,64.5,14.9,537.2,100
2026-05-11 06:00:00,PZ-004,EQ-017,OBM,82.7,10.9,801.9,230
2026-05-11 12:00:00,PZ-004,EQ-017,WBM,71.9,14.1,734.1,170
2026-05-11 18:00:00,PZ-004,EQ-017,OBM,79.4,11.8,601.0,200
2026-05-12 00:00:00,PZ-004,EQ-017,OBM,52.6,13.6,397.3,170
2026-05-12 06:00:00,PZ-004,EQ-017,OBM,42.2,15.9,386.3,200
2026-05-12 12:00:00,PZ-004,EQ-017,WBM,48.0,10.2,772.1,230
2026-05-12 18:00:00,PZ-004,EQ-017,WBM,79.8,12.4,541.3,140
2026-05-13 00:00:00,PZ-004,EQ-017,OBM,67.2,12.3,793.2,140
2026-05-13 06:00:00,PZ-004,EQ-017,OBM,70.3,13.1,813.0,100
2026-05-13 12:00:00,PZ-004,EQ-017,WBM,80.1,14.1,394.7,200
2026-05-13 18:00:00,PZ-004,EQ-017,OBM,55.8,14.1,727.5,230
2026-05-14 00:00:00,PZ-004,EQ-017,OBM,51.3,9.5,481.5,100
2026-05-14 06:00:00,PZ-004,EQ-017,OBM,62.2,14.6,565.1,230
2026-05-14 12:00:00,PZ-004,EQ-017,OBM,65.5,9.0,838.9,140
2026-05-14 18:00:00,PZ-004,EQ-017,OBM,45.3,11.0,677.3,200
2026-05-15 00:00:00,PZ-004,EQ-017,OBM,40.5,9.4,758.3,230
2026-05-15 06:00:00,PZ-004,EQ-017,OBM,81.4,10.4,813.6,140
2026-05-15 12:00:00,PZ-004,EQ-017,WBM,52.7,12.8,566.0,100
2026-05-15 18:00:00,PZ-004,EQ-017,OBM,61.7,14.7,753.5,140
2026-05-16 00:00:00,PZ-004,EQ-017,WBM,61.5,11.9,832.6,170
2026-05-16 06:00:00,PZ-004,EQ-017,WBM,63.7,9.7,830.4,200
2026-05-16 12:00:00,PZ-004,EQ-017,OBM,54.4,10.9,423.4,170
2026-05-16 18:00:00,PZ-004,EQ-017,OBM,59.6,15.6,814.9,140
2026-05-17 00:00:00,PZ-004,EQ-017,OBM,77.4,14.1,369.6,200
2026-05-17 06:00:00,PZ-004,EQ-017,OBM,55.5,10.3,818.1,100
2026-05-17 12:00:00,PZ-004,EQ-017,WBM,69.0,13.2,415.8,200
2026-05-17 18:00:00,PZ-004,EQ-017,WBM,43.4,13.2,564.0,100
2026-05-18 00:00:00,PZ-004,EQ-017,WBM,58.1,10.1,678.8,200
2026-05-18 06:00:00,PZ-004,EQ-017,OBM,49.0,12.7,545.9,100
2026-05-18 12:00:00,PZ-004,EQ-017,OBM,49.7,12.1,837.1,140
2026-05-18 18:00:00,PZ-004,EQ-017,OBM,56.2,16.0,453.8,100
2026-05-19 00:00:00,PZ-004,EQ-017,OBM,75.1,12.6,737.5,230
2026-05-19 06:00:00,PZ-004,EQ-017,OBM,45.5,12.1,746.6,170
2026-05-19 12:00:00,PZ-004,EQ-017,WBM,43.0,13.6,576.6,100
2026-05-19 18:00:00,PZ-004,EQ-017,OBM,73.9,12.3,716.6,200
2026-05-20 00:00:00,PZ-004,EQ-017,WBM,73.0,10.7,533.7,170
2026-05-20 06:00:00,PZ-004,EQ-017,WBM,64.7,13.6,384.1,200
2026-05-20 12:00:00,PZ-004,EQ-017,OBM,84.1,14.9,545.1,200
2026-05-20 18:00:00,PZ-004,EQ-017,OBM,76.7,13.7,844.2,170
2026-05-21 00:00:00,PZ-004,EQ-017,WBM,56.8,11.2,406.8,100
2026-05-21 06:00:00,PZ-004,EQ-017,OBM,52.9,11.5,637.2,230
2026-05-21 12:00:00,PZ-004,EQ-017,WBM,55.6,13.9,621.5,200
2026-05-21 18:00:00,PZ-004,EQ-017,OBM,71.8,15.7,802.1,200
2026-05-22 00:00:00,PZ-004,EQ-017,OBM,48.4,10.1,613.3,230
2026-05-22 06:00:00,PZ-004,EQ-017,WBM,41.1,14.5,329.0,140
2026-05-22 12:00:00,PZ-004,EQ-017,WBM,51.9,14.7,577.2,170
2026-05-22 18:00:00,PZ-004,EQ-017,WBM,56.0,12.0,842.8,200
2026-05-23 00:00:00,PZ-004,EQ-017,WBM,46.1,9.5,733.3,100
2026-05-23 06:00:00,PZ-004,EQ-017,OBM,78.1,11.7,700.6,100
2026-05-23 12:00:00,PZ-004,EQ-017,OBM,58.6,13.5,441.7,230
2026-05-23 18:00:00,PZ-004,EQ-017,OBM,66.7,13.1,712.2,200
2026-05-24 00:00:00,PZ-004,EQ-017,OBM,55.4,9.9,638.0,100
2026-05-24 06:00:00,PZ-004,EQ-017,WBM,69.9,9.9,429.8,100
2026-05-24 12:00:00,PZ-004,EQ-017,WBM,76.6,14.6,539.1,170
2026-05-24 18:00:00,PZ-004,EQ-017,OBM,48.6,14.4,481.8,170
2026-05-25 00:00:00,PZ-004,EQ-017,OBM,76.9,11.9,694.2,100
2026-05-25 06:00:00,PZ-004,EQ-017,WBM,50.3,14.6,347.4,200
2026-05-25 12:00:00,PZ-004,EQ-017,OBM,69.1,12.7,320.0,170
2026-05-25 18:00:00,PZ-004,EQ-017,WBM,84.5,11.4,460.6,200
2026-05-26 00:00:00,PZ-004,EQ-017,WBM,58.1,12.5,358.4,140
2026-05-26 06:00:00,PZ-004,EQ-017,OBM,55.7,14.7,360.1,100
2026-05-26 12:00:00,PZ-004,EQ-017,OBM,78.8,10.5,356.6,140
2026-05-26 18:00:00,PZ-004,EQ-017,WBM,54.3,9.3,802.2,200
2026-05-27 00:00:00,PZ-004,EQ-017,OBM,61.0,13.8,631.7,170
2026-05-27 06:00:00,PZ-004,EQ-017,OBM,52.6,14.2,757.8,100
2026-05-27 12:00:00,PZ-004,EQ-017,WBM,49.8,14.5,406.8,200
2026-05-27 18:00:00,PZ-004,EQ-017,WBM,55.2,9.2,369.7,170
2026-05-28 00:00:00,PZ-004,EQ-017,OBM,69.2,12.2,611.8,100
2026-05-28 06:00:00,PZ-004,EQ-017,WBM,75.6,13.7,350.3,100
2026-05-28 12:00:00,PZ-004,EQ-017,OBM,42.6,11.3,351.9,200
2026-05-28 18:00:00,PZ-004,EQ-017,OBM,65.1,13.2,483.1,200
2026-05-29 00:00:00,PZ-004,EQ-017,OBM,76.0,13.5,391.9,100
2026-05-29 06:00:00,PZ-004,EQ-017,OBM,81.5,11.5,636.6,230
2026-05-29 12:00:00,PZ-004,EQ-017,OBM,58.3,11.7,751.2,230
2026-05-29 18:00:00,PZ-004,EQ-017,WBM,78.1,9.7,666.8,170
2026-05-30 00:00:00,PZ-004,EQ-017,WBM,78.1,15.3,422.5,230
2026-05-30 06:00:00,PZ-004,EQ-017,OBM,79.0,9.9,534.0,140
2026-05-30 12:00:00,PZ-004,EQ-017,OBM,44.1,13.9,809.7,140
2026-05-30 18:00:00,PZ-004,EQ-017,WBM,50.4,13.2,576.3,170
2026-05-31 00:00:00,PZ-004,EQ-017,OBM,50.4,12.1,522.5,170
2026-05-31 06:00:00,PZ-004,EQ-017,OBM,83.5,11.1,530.4,100
2026-05-31 12:00:00,PZ-004,EQ-017,OBM,59.9,10.8,300.6,100
2026-05-31 18:00:00,PZ-004,EQ-017,OBM,71.4,10.5,473.7,170
2026-06-01 00:00:00,PZ-004,EQ-017,OBM,47.8,13.9,829.7,140
2026-06-01 06:00:00,PZ-004,EQ-017,WBM,55.6,13.5,572.7,200
2026-06-01 12:00:00,PZ-004,EQ-017,OBM,84.9,10.6,685.2,100
2026-06-01 18:00:00,PZ-004,EQ-017,OBM,61.6,13.0,631.0,230
2026-06-02 00:00:00,PZ-004,EQ-017,WBM,69.6,12.8,361.2,170
2026-06-02 06:00:00,PZ-004,EQ-017,OBM,43.2,12.8,329.8,170
2026-06-02 12:00:00,PZ-004,EQ-017,OBM,61.1,16.0,703.5,200
2026-06-02 18:00:00,PZ-004,EQ-017,OBM,51.0,12.7,605.8,100
2026-06-03 00:00:00,PZ-004,EQ-017,OBM,67.9,13.3,767.4,100
2026-06-03 06:00:00,PZ-004,EQ-017,OBM,65.8,13.8,840.0,170
2026-06-03 12:00:00,PZ-004,EQ-017,OBM,47.9,13.7,831.9,100
2026-06-03 18:00:00,PZ-004,EQ-017,WBM,57.0,10.5,570.5,200
2026-06-04 00:00:00,PZ-004,EQ-017,OBM,80.7,10.5,760.0,100
2026-06-04 06:00:00,PZ-004,EQ-017,OBM,53.8,9.3,462.2,140
2026-06-04 12:00:00,PZ-004,EQ-017,OBM,78.3,14.7,558.1,230
2026-06-04 18:00:00,PZ-004,EQ-017,WBM,49.1,10.2,350.1,200
2026-06-05 00:00:00,PZ-004,EQ-017,WBM,73.6,11.3,579.2,170
2026-06-05 06:00:00,PZ-004,EQ-017,OBM,81.8,13.6,492.0,100
2026-06-05 12:00:00,PZ-004,EQ-017,OBM,60.4,9.6,441.7,170
2026-06-05 18:00:00,PZ-004,EQ-017,OBM,66.2,9.9,789.1,100
2026-06-06 00:00:00,PZ-004,EQ-017,WBM,42.9,12.6,533.2,170
2026-06-06 06:00:00,PZ-004,EQ-017,OBM,62.9,10.6,684.8,230
2026-06-06 12:00:00,PZ-004,EQ-017,OBM,47.5,13.8,474.6,140
2026-06-06 18:00:00,PZ-004,EQ-017,OBM,42.9,13.8,549.8,140
2026-06-07 00:00:00,PZ-004,EQ-017,OBM,44.3,14.8,417.7,230
2026-06-07 06:00:00,PZ-004,EQ-017,OBM,73.4,10.5,362.2,100
2026-06-07 12:00:00,PZ-004,EQ-017,OBM,71.1,12.9,730.3,230
2026-06-07 18:00:00,PZ-004,EQ-017,OBM,78.7,15.8,371.0,200
2026-06-08 00:00:00,PZ-004,EQ-017,OBM,49.6,11.6,800.9,140
2026-06-08 06:00:00,PZ-004,EQ-017,OBM,68.6,15.1,744.3,100
2026-06-08 12:00:00,PZ-004,EQ-017,WBM,77.5,10.6,582.0,140
2026-06-08 18:00:00,PZ-004,EQ-017,WBM,52.9,13.2,834.9,140
2026-06-09 00:00:00,PZ-004,EQ-017,WBM,41.6,11.8,759.1,140
2026-06-09 06:00:00,PZ-004,EQ-017,WBM,55.6,13.2,522.5,170
2026-06-09 12:00:00,PZ-004,EQ-017,WBM,60.1,10.2,775.9,170
2026-06-09 18:00:00,PZ-004,EQ-017,OBM,74.6,9.5,719.2,140
2026-06-10 00:00:00,PZ-004,EQ-017,WBM,75.8,14.1,402.0,200
2026-06-10 06:00:00,PZ-004,EQ-017,WBM,52.9,9.9,458.2,140
2026-06-10 12:00:00,PZ-004,EQ-017,OBM,80.1,11.4,390.3,140
2026-06-10 18:00:00,PZ-004,EQ-017,OBM,40.3,15.5,336.3,200
2026-06-11 00:00:00,PZ-004,EQ-017,OBM,64.1,12.5,340.0,100
2026-06-11 06:00:00,PZ-004,EQ-017,WBM,59.3,10.5,775.0,200
2026-06-11 12:00:00,PZ-004,EQ-017,WBM,70.0,12.4,306.6,200
2026-06-11 18:00:00,PZ-004,EQ-017,WBM,69.8,9.7,642.1,230
2026-06-12 00:00:00,PZ-004,EQ-017,OBM,60.7,14.3,349.0,170
2026-06-12 06:00:00,PZ-004,EQ-017,OBM,68.3,13.6,736.1,170
2026-06-12 12:00:00,PZ-004,EQ-017,WBM,75.1,14.3,435.5,140
2026-06-12 18:00:00,PZ-004,EQ-017,WBM,58.4,15.0,508.3,140
2026-06-13 00:00:00,PZ-004,EQ-017,OBM,84.7,14.0,600.8,200
2026-06-13 06:00:00,PZ-004,EQ-017,OBM,74.7,14.2,763.8,100
2026-06-13 12:00:00,PZ-004,EQ-017,WBM,63.4,10.5,682.7,140
2026-06-13 18:00:00,PZ-004,EQ-017,OBM,78.6,9.1,643.5,230
2026-06-14 00:00:00,PZ-004,EQ-017,OBM,59.0,9.7,684.5,140
2026-06-14 06:00:00,PZ-004,EQ-017,WBM,80.6,13.4,413.9,140
2026-06-14 12:00:00,PZ-004,EQ-017,WBM,43.2,15.8,333.0,140
2026-06-14 18:00:00,PZ-004,EQ-017,WBM,40.8,9.0,412.2,140
2026-06-15 00:00:00,PZ-004,EQ-017,OBM,77.9,13.6,331.3,140
2026-06-15 06:00:00,PZ-004,EQ-017,WBM,52.9,14.4,813.8,200
2026-06-15 12:00:00,PZ-004,EQ-017,WBM,48.2,12.4,776.9,140
2026-06-15 18:00:00,PZ-004,EQ-017,OBM,83.6,13.9,366.6,140
2026-06-16 00:00:00,PZ-004,EQ-017,WBM,81.8,10.0,415.1,100
2026-06-16 06:00:00,PZ-004,EQ-017,WBM,64.0,15.8,481.3,100
2026-06-16 12:00:00,PZ-004,EQ-017,WBM,75.3,14.9,667.6,170
2026-06-16 18:00:00,PZ-004,EQ-017,WBM,55.7,12.5,318.1,100
2026-06-17 00:00:00,PZ-004,EQ-017,OBM,41.9,14.4,393.2,230
2026-06-17 06:00:00,PZ-004,EQ-017,OBM,69.9,9.4,329.5,100
2026-06-17 12:00:00,PZ-004,EQ-017,OBM,63.3,13.8,657.4,100
2026-06-17 18:00:00,PZ-004,EQ-017,WBM,79.5,9.6,740.3,140
2026-06-18 00:00:00,PZ-004,EQ-017,WBM,69.9,10.7,551.0,200
2026-06-18 06:00:00,PZ-004,EQ-017,OBM,57.5,15.3,801.0,140
2026-06-18 12:00:00,PZ-004,EQ-017,WBM,43.6,13.7,474.3,100
2026-06-18 18:00:00,PZ-004,EQ-017,OBM,43.1,15.2,452.3,200
2026-06-19 00:00:00,PZ-004,EQ-017,OBM,47.7,9.2,834.5,230
2026-06-19 06:00:00,PZ-004,EQ-017,WBM,59.6,15.5,577.3,200
2026-06-19 12:00:00,PZ-004,EQ-017,OBM,72.3,15.2,607.9,230
2026-06-19 18:00:00,PZ-004,EQ-017,OBM,83.2,12.9,382.3,230
2026-06-20 00:00:00,PZ-004,EQ-017,WBM,65.8,11.5,493.0,200
2026-06-20 06:00:00,PZ-004,EQ-017,OBM,57.9,10.1,553.7,100
2026-06-20 12:00:00,PZ-004,EQ-017,WBM,57.6,15.5,368.0,100
2026-06-20 18:00:00,PZ-004,EQ-017,OBM,58.5,15.9,518.7,170
2026-06-21 00:00:00,PZ-004,EQ-017,WBM,79.2,9.2,680.9,140
2026-06-21 06:00:00,PZ-004,EQ-017,OBM,66.8,13.2,308.3,100
2026-06-21 12:00:00,PZ-004,EQ-017,WBM,54.3,14.0,748.4,140
2026-06-21 18:00:00,PZ-004,EQ-017,WBM,55.5,14.8,430.7,140
2026-06-22 00:00:00,PZ-004,EQ-017,OBM,47.4,15.2,690.7,170
2026-06-22 06:00:00,PZ-004,EQ-017,OBM,62.6,11.2,444.9,100
2026-06-22 12:00:00,PZ-004,EQ-017,OBM,78.2,9.7,808.2,200
2026-06-22 18:00:00,PZ-004,EQ-017,OBM,77.5,13.7,538.2,170
2026-06-23 00:00:00,PZ-004,EQ-017,WBM,46.9,9.6,475.4,230
2026-06-23 06:00:00,PZ-004,EQ-017,WBM,80.5,15.2,711.3,140
2026-06-23 12:00:00,PZ-004,EQ-017,WBM,45.5,10.0,586.1,230
2026-06-23 18:00:00,PZ-004,EQ-017,WBM,45.8,11.7,785.7,230
2026-06-24 00:00:00,PZ-004,EQ-017,OBM,40.3,9.9,365.9,170
2026-06-24 06:00:00,PZ-004,EQ-017,WBM,48.5,11.7,519.8,140
2026-06-24 12:00:00,PZ-004,EQ-017,WBM,61.0,11.1,504.2,140
2026-06-24 18:00:00,PZ-004,EQ-017,WBM,75.8,10.3,490.7,230
2026-06-25 00:00:00,PZ-004,EQ-017,OBM,60.0,10.9,458.1,140
2026-06-25 06:00:00,PZ-004,EQ-017,WBM,83.6,13.7,323.4,170
2026-06-25 12:00:00,PZ-004,EQ-017,WBM,81.6,9.4,394.0,140
2026-06-25 18:00:00,PZ-004,EQ-017,WBM,66.5,14.0,504.0,230
2026-06-26 00:00:00,PZ-004,EQ-017,WBM,64.5,11.4,686.5,100
2026-06-26 06:00:00,PZ-004,EQ-017,WBM,42.9,14.1,652.2,230
2026-06-26 12:00:00,PZ-004,EQ-017,OBM,71.8,11.3,320.3,170
2026-06-26 18:00:00,PZ-004,EQ-017,WBM,61.7,14.8,706.4,230
2026-06-27 00:00:00,PZ-004,EQ-017,WBM,65.2,15.2,556.2,140
2026-06-27 06:00:00,PZ-004,EQ-017,OBM,57.4,11.5,788.0,170
2026-06-27 12:00:00,PZ-004,EQ-017,WBM,82.6,12.8,686.3,170
2026-06-27 18:00:00,PZ-004,EQ-017,WBM,60.8,12.3,448.4,200
2026-06-28 00:00:00,PZ-004,EQ-017,WBM,79.1,11.1,486.9,170
2026-06-28 06:00:00,PZ-004,EQ-017,WBM,65.8,11.8,488.9,100
2026-06-28 12:00:00,PZ-004,EQ-017,OBM,46.0,12.3,475.0,170
2026-06-28 18:00:00,PZ-004,EQ-017,OBM,47.3,12.1,307.0,100
2026-06-29 00:00:00,PZ-004,EQ-017,OBM,55.0,13.6,511.0,170
2026-06-29 06:00:00,PZ-004,EQ-017,OBM,71.7,12.2,363.9,170
2026-06-29 12:00:00,PZ-004,EQ-017,OBM,56.5,9.7,751.0,230
2026-06-29 18:00:00,PZ-004,EQ-017,OBM,54.7,9.7,625.2,140
2026-06-30 00:00:00,PZ-004,EQ-017,OBM,83.3,13.5,542.0,140
2026-06-30 06:00:00,PZ-004,EQ-017,OBM,79.2,12.6,756.5,230
2026-06-30 12:00:00,PZ-004,EQ-017,OBM,67.4,14.5,752.6,100
2026-06-30 18:00:00,PZ-004,EQ-017,OBM,53.8,15.9,782.8,230
2026-07-01 00:00:00,PZ-004,EQ-017,OBM,82.0,10.6,618.6,140
2026-07-01 06:00:00,PZ-004,EQ-017,WBM,57.2,14.8,735.1,100
2026-07-01 12:00:00,PZ-004,EQ-017,OBM,59.4,16.0,723.9,100
2026-07-01 18:00:00,PZ-004,EQ-017,OBM,71.3,14.7,471.1,140
2026-07-02 00:00:00,PZ-004,EQ-017,OBM,51.0,15.5,606.5,140
2026-07-02 06:00:00,PZ-004,EQ-017,WBM,79.7,11.2,653.4,100
2026-07-02 12:00:00,PZ-004,EQ-017,OBM,55.1,10.5,315.0,100
2026-07-02 18:00:00,PZ-004,EQ-017,OBM,49.2,9.6,664.7,200
2026-07-03 00:00:00,PZ-004,EQ-017,WBM,50.9,13.5,585.4,170
2026-07-03 06:00:00,PZ-004,EQ-017,WBM,58.9,15.7,475.3,170
2026-07-03 12:00:00,PZ-004,EQ-017,WBM,51.0,14.5,543.3,100
2026-07-03 18:00:00,PZ-004,EQ-017,OBM,58.7,13.3,442.6,200
2026-07-04 00:00:00,PZ-004,EQ-017,OBM,55.7,13.4,417.4,200
2026-07-04 06:00:00,PZ-004,EQ-017,OBM,61.7,12.5,825.3,100
2026-07-04 12:00:00,PZ-004,EQ-017,OBM,62.7,14.4,712.1,100
2026-07-04 18:00:00,PZ-004,EQ-017,WBM,41.4,15.4,340.5,100
2026-07-05 00:00:00,PZ-004,EQ-017,OBM,64.9,14.1,466.5,100
2026-07-05 06:00:00,PZ-004,EQ-017,WBM,41.6,14.9,620.9,140
2026-07-05 12:00:00,PZ-004,EQ-017,WBM,62.3,13.7,381.7,140
2026-07-05 18:00:00,PZ-004,EQ-017,OBM,69.5,15.0,655.8,200
2026-07-06 00:00:00,PZ-004,EQ-017,OBM,81.3,9.2,357.2,140
2026-07-06 06:00:00,PZ-004,EQ-017,OBM,45.9,9.9,656.1,100
2026-07-06 12:00:00,PZ-004,EQ-017,OBM,79.6,14.1,559.7,230
2026-07-06 18:00:00,PZ-004,EQ-017,OBM,51.9,9.8,558.5,200
2026-07-07 00:00:00,PZ-004,EQ-017,WBM,40.9,15.5,467.2,140
2026-07-07 06:00:00,PZ-004,EQ-017,WBM,46.9,11.2,638.5,140
2026-07-07 12:00:00,PZ-004,EQ-017,OBM,41.6,14.9,324.7,200
2026-07-07 18:00:00,PZ-004,EQ-017,WBM,60.3,16.0,467.8,170
2026-07-08 00:00:00,PZ-004,EQ-017,WBM,55.6,9.6,824.4,140
2026-07-08 06:00:00,PZ-004,EQ-017,WBM,65.1,9.7,614.6,100
2026-07-08 12:00:00,PZ-004,EQ-017,OBM,50.5,12.5,416.1,100
2026-07-08 18:00:00,PZ-004,EQ-017,WBM,77.1,9.8,601.7,170
2026-07-09 00:00:00,PZ-004,EQ-017,OBM,62.6,12.6,497.8,200
2026-07-09 06:00:00,PZ-004,EQ-017,OBM,50.1,14.4,636.3,230
2026-07-09 12:00:00,PZ-004,EQ-017,OBM,54.7,11.3,610.3,100
2026-07-09 18:00:00,PZ-004,EQ-017,OBM,76.6,14.9,758.7,140
2026-07-10 00:00:00,PZ-004,EQ-017,WBM,45.6,15.6,740.9,230
2026-07-10 06:00:00,PZ-004,EQ-017,OBM,63.4,9.1,729.5,230
2026-07-10 12:00:00,PZ-004,EQ-017,OBM,41.0,10.7,447.6,170
2026-07-10 18:00:00,PZ-004,EQ-017,WBM,58.0,11.5,716.0,200
2026-07-11 00:00:00,PZ-004,EQ-017,OBM,45.6,14.3,482.1,140
2026-07-11 06:00:00,PZ-004,EQ-017,OBM,47.7,9.0,627.2,140
2026-07-11 12:00:00,PZ-004,EQ-017,WBM,60.7,15.7,417.7,100
2026-07-11 18:00:00,PZ-004,EQ-017,OBM,80.2,14.0,845.4,230
2026-07-12 00:00:00,PZ-004,EQ-017,OBM,75.7,15.4,498.9,170
2026-07-12 06:00:00,PZ-004,EQ-017,OBM,49.6,14.7,420.9,140
2026-07-12 12:00:00,PZ-004,EQ-017,OBM,55.7,14.2,541.1,200
2026-07-12 18:00:00,PZ-004,EQ-017,OBM,76.9,12.1,469.8,100
2026-07-13 00:00:00,PZ-004,EQ-017,WBM,45.9,13.2,620.2,100
2026-07-13 06:00:00,PZ-004,EQ-017,WBM,46.3,11.0,504.1,170
2026-07-13 12:00:00,PZ-004,EQ-017,OBM,75.2,11.3,379.5,230
2026-07-13 18:00:00,PZ-004,EQ-017,OBM,63.6,13.0,608.3,200
2026-07-14 00:00:00,PZ-004,EQ-017,WBM,52.8,15.2,805.4,100
2026-07-14 06:00:00,PZ-004,EQ-017,WBM,60.5,15.1,377.1,170
2026-07-14 12:00:00,PZ-004,EQ-017,WBM,72.3,11.1,361.4,100
2026-07-14 18:00:00,PZ-004,EQ-017,OBM,73.7,15.6,406.2,200
2026-07-15 00:00:00,PZ-004,EQ-017,OBM,79.5,9.2,779.5,230
2026-07-15 06:00:00,PZ-004,EQ-017,WBM,81.2,13.7,805.7,140
2026-07-15 12:00:00,PZ-004,EQ-017,OBM,66.3,9.3,738.3,200
2026-07-15 18:00:00,PZ-004,EQ-017,OBM,58.2,14.1,713.7,200
2026-07-16 00:00:00,PZ-004,EQ-017,OBM,54.6,15.8,343.3,170
2026-07-16 06:00:00,PZ-004,EQ-017,WBM,43.2,11.1,354.9,170
2026-07-16 12:00:00,PZ-004,EQ-017,OBM,64.5,9.3,376.6,100
2026-07-16 18:00:00,PZ-004,EQ-017,OBM,67.0,11.2,463.3,140
2026-07-17 00:00:00,PZ-004,EQ-017,OBM,75.5,9.2,819.0,140
2026-07-17 06:00:00,PZ-004,EQ-017,OBM,61.9,9.4,426.1,170
2026-07-17 12:00:00,PZ-004,EQ-017,OBM,53.7,12.4,660.2,100
2026-07-17 18:00:00,PZ-004,EQ-017,OBM,66.4,10.4,635.3,200
2026-07-18 00:00:00,PZ-004,EQ-017,WBM,83.2,10.5,591.2,170
2026-07-18 06:00:00,PZ-004,EQ-017,OBM,65.0,15.5,671.6,140
2026-07-18 12:00:00,PZ-004,EQ-017,OBM,66.9,14.9,593.7,200
2026-07-18 18:00:00,PZ-004,EQ-017,WBM,51.6,15.8,788.1,200
2026-07-19 00:00:00,PZ-004,EQ-017,WBM,48.9,10.3,348.2,200
2026-07-19 06:00:00,PZ-004,EQ-017,OBM,57.4,11.4,537.7,230
2026-07-19 12:00:00,PZ-004,EQ-017,OBM,72.2,14.1,393.2,100
2026-07-19 18:00:00,PZ-004,EQ-017,WBM,41.0,15.0,507.4,140
2026-07-20 00:00:00,PZ-004,EQ-017,OBM,57.0,13.0,343.4,140
2026-07-20 06:00:00,PZ-004,EQ-017,OBM,79.6,13.6,421.6,100
2026-07-20 12:00:00,PZ-004,EQ-017,OBM,53.6,15.0,598.9,170
2026-07-20 18:00:00,PZ-004,EQ-017,OBM,48.1,15.5,591.0,100
2026-07-21 00:00:00,PZ-004,EQ-017,OBM,85.0,14.5,366.4,230
2026-07-21 06:00:00,PZ-004,EQ-017,OBM,65.5,13.8,772.9,140
2026-07-21 12:00:00,PZ-004,EQ-017,OBM,71.0,15.8,351.1,140
2026-07-21 18:00:00,PZ-004,EQ-017,OBM,65.4,14.6,385.2,140
2026-07-22 00:00:00,PZ-004,EQ-017,WBM,68.5,9.6,377.9,170
2026-07-22 06:00:00,PZ-004,EQ-017,WBM,48.9,9.8,771.7,230
2026-07-22 12:00:00,PZ-004,EQ-017,WBM,68.3,12.2,685.9,200
2026-07-22 18:00:00,PZ-004,EQ-017,OBM,64.7,12.9,312.3,100
2026-07-23 00:00:00,PZ-004,EQ-017,OBM,84.2,9.8,309.8,170
2026-07-23 06:00:00,PZ-004,EQ-017,WBM,59.1,12.3,541.8,140
2026-07-23 12:00:00,PZ-004,EQ-017,WBM,54.3,12.4,760.8,200
2026-07-23 18:00:00,PZ-004,EQ-017,WBM,72.0,9.2,499.4,140
2026-07-24 00:00:00,PZ-004,EQ-017,WBM,62.1,15.5,355.4,230
2026-07-24 06:00:00,PZ-004,EQ-017,OBM,75.7,9.9,810.1,140
2026-07-24 12:00:00,PZ-004,EQ-017,OBM,63.1,13.9,586.3,200
2026-07-24 18:00:00,PZ-004,EQ-017,OBM,67.4,9.8,646.8,100
2026-07-25 00:00:00,PZ-004,EQ-017,WBM,72.2,15.9,554.4,140
2026-07-25 06:00:00,PZ-004,EQ-017,OBM,65.8,13.3,611.9,230
2026-07-25 12:00:00,PZ-004,EQ-017,OBM,57.5,14.5,435.4,170
2026-07-25 18:00:00,PZ-004,EQ-017,WBM,49.8,12.4,521.0,230
2026-07-26 00:00:00,PZ-004,EQ-017,WBM,56.6,12.7,609.1,140
2026-07-26 06:00:00,PZ-004,EQ-017,WBM,74.4,9.6,409.1,100
2026-07-26 12:00:00,PZ-004,EQ-017,OBM,54.7,12.5,490.7,140
2026-07-26 18:00:00,PZ-004,EQ-017,OBM,46.6,11.5,605.4,230
2026-07-27 00:00:00,PZ-004,EQ-017,OBM,76.3,9.4,786.8,200
2026-07-27 06:00:00,PZ-004,EQ-017,WBM,81.5,15.6,779.0,100
2026-07-27 12:00:00,PZ-004,EQ-017,OBM,68.3,10.1,583.0,140
2026-07-27 18:00:00,PZ-004,EQ-017,OBM,43.7,12.6,639.7,100
2026-07-28 00:00:00,PZ-004,EQ-017,WBM,45.0,9.8,632.1,230
2026-07-28 06:00:00,PZ-004,EQ-017,WBM,59.2,14.4,825.3,230
2026-07-28 12:00:00,PZ-004,EQ-017,OBM,80.0,14.6,415.2,140
2026-07-28 18:00:00,PZ-004,EQ-017,WBM,78.6,10.6,498.7,200
2026-07-29 00:00:00,PZ-004,EQ-017,OBM,60.4,10.6,842.7,230
2026-07-29 06:00:00,PZ-004,EQ-017,OBM,62.9,10.5,625.8,230
2026-07-29 12:00:00,PZ-004,EQ-017,OBM,84.4,11.3,495.6,140
2026-07-29 18:00:00,PZ-004,EQ-017,WBM,40.1,10.3,753.1,200
2026-07-30 00:00:00,PZ-004,EQ-017,OBM,82.7,10.7,728.6,140
2026-07-30 06:00:00,PZ-004,EQ-017,WBM,57.6,10.3,686.4,140
2026-07-30 12:00:00,PZ-004,EQ-017,OBM,68.8,14.4,431.7,140
2026-07-30 18:00:00,PZ-004,EQ-017,OBM,71.6,13.8,690.2,140
2026-07-31 00:00:00,PZ-004,EQ-017,WBM,63.9,12.8,575.0,230
2026-05-01 00:00:00,PZ-004,EQ-018,OBM,59.7,11.5,536.5,0
2026-05-01 06:00:00,PZ-004,EQ-018,OBM,82.0,9.9,608.5,0
2026-05-01 12:00:00,PZ-004,EQ-018,WBM,62.2,15.1,795.2,0
2026-05-01 18:00:00,PZ-004,EQ-018,WBM,44.8,13.1,368.1,0
2026-05-02 00:00:00,PZ-004,EQ-018,OBM,73.8,14.9,358.2,0
2026-05-02 06:00:00,PZ-004,EQ-018,OBM,72.4,14.6,844.4,0
2026-05-02 12:00:00,PZ-004,EQ-018,OBM,54.0,13.0,651.2,0
2026-05-02 18:00:00,PZ-004,EQ-018,OBM,44.2,14.5,317.6,0
2026-05-03 00:00:00,PZ-004,EQ-018,OBM,43.9,12.6,387.7,0
2026-05-03 06:00:00,PZ-004,EQ-018,OBM,82.0,15.1,705.1,0
2026-05-03 12:00:00,PZ-004,EQ-018,WBM,62.4,13.1,730.2,0
2026-05-03 18:00:00,PZ-004,EQ-018,WBM,61.7,10.1,681.6,0
2026-05-04 00:00:00,PZ-004,EQ-018,OBM,42.9,15.8,300.0,0
2026-05-04 06:00:00,PZ-004,EQ-018,OBM,42.0,9.6,342.2,0
2026-05-04 12:00:00,PZ-004,EQ-018,OBM,65.0,13.2,490.3,0
2026-05-04 18:00:00,PZ-004,EQ-018,WBM,80.0,9.7,849.9,0
2026-05-05 00:00:00,PZ-004,EQ-018,OBM,82.7,11.5,703.9,0
2026-05-05 06:00:00,PZ-004,EQ-018,WBM,49.1,14.7,441.6,0
2026-05-05 12:00:00,PZ-004,EQ-018,OBM,54.7,12.0,844.5,0
2026-05-05 18:00:00,PZ-004,EQ-018,WBM,77.2,11.2,428.6,0
2026-05-06 00:00:00,PZ-004,EQ-018,OBM,41.9,11.6,490.4,0
2026-05-06 06:00:00,PZ-004,EQ-018,OBM,53.0,13.2,577.4,0
2026-05-06 12:00:00,PZ-004,EQ-018,WBM,47.7,9.4,640.6,0
2026-05-06 18:00:00,PZ-004,EQ-018,WBM,67.7,15.9,340.9,0
2026-05-07 00:00:00,PZ-004,EQ-018,OBM,42.1,14.4,838.7,0
2026-05-07 06:00:00,PZ-004,EQ-018,OBM,57.0,10.0,571.3,0
2026-05-07 12:00:00,PZ-004,EQ-018,OBM,40.9,14.1,568.4,0
2026-05-07 18:00:00,PZ-004,EQ-018,WBM,56.3,10.3,704.5,0
2026-05-08 00:00:00,PZ-004,EQ-018,OBM,52.6,13.6,597.3,0
2026-05-08 06:00:00,PZ-004,EQ-018,OBM,58.7,14.7,701.3,0
2026-05-08 12:00:00,PZ-004,EQ-018,OBM,77.3,12.7,337.6,0
2026-05-08 18:00:00,PZ-004,EQ-018,WBM,64.3,13.5,654.7,0
2026-05-09 00:00:00,PZ-004,EQ-018,OBM,44.9,10.3,646.8,0
2026-05-09 06:00:00,PZ-004,EQ-018,OBM,45.6,10.3,607.2,0
2026-05-09 12:00:00,PZ-004,EQ-018,WBM,58.4,9.2,320.4,0
2026-05-09 18:00:00,PZ-004,EQ-018,OBM,78.9,10.8,318.7,0
2026-05-10 00:00:00,PZ-004,EQ-018,OBM,46.2,11.7,387.3,0
2026-05-10 06:00:00,PZ-004,EQ-018,OBM,83.5,13.7,841.6,0
2026-05-10 12:00:00,PZ-004,EQ-018,OBM,49.2,9.8,686.4,0
2026-05-10 18:00:00,PZ-004,EQ-018,WBM,70.2,11.3,614.9,0
2026-05-11 00:00:00,PZ-004,EQ-018,OBM,54.1,12.7,312.7,0
2026-05-11 06:00:00,PZ-004,EQ-018,OBM,48.7,10.5,444.4,0
2026-05-11 12:00:00,PZ-004,EQ-018,OBM,52.3,13.9,789.0,0
2026-05-11 18:00:00,PZ-004,EQ-018,OBM,66.7,13.1,310.7,0
2026-05-12 00:00:00,PZ-004,EQ-018,WBM,65.6,13.5,387.9,0
2026-05-12 06:00:00,PZ-004,EQ-018,WBM,76.9,10.4,601.6,0
2026-05-12 12:00:00,PZ-004,EQ-018,OBM,70.0,11.1,752.7,0
2026-05-12 18:00:00,PZ-004,EQ-018,OBM,43.0,9.3,682.5,0
2026-05-13 00:00:00,PZ-004,EQ-018,OBM,77.4,12.8,467.5,0
2026-05-13 06:00:00,PZ-004,EQ-018,OBM,70.4,15.6,501.9,0
2026-05-13 12:00:00,PZ-004,EQ-018,OBM,47.2,13.9,780.3,0
2026-05-13 18:00:00,PZ-004,EQ-018,OBM,54.9,14.6,338.4,0
2026-05-14 00:00:00,PZ-004,EQ-018,OBM,62.1,13.8,807.8,0
2026-05-14 06:00:00,PZ-004,EQ-018,OBM,60.2,12.7,445.1,0
2026-05-14 12:00:00,PZ-004,EQ-018,WBM,56.1,11.1,512.6,0
2026-05-14 18:00:00,PZ-004,EQ-018,WBM,81.3,12.0,770.1,0
2026-05-15 00:00:00,PZ-004,EQ-018,WBM,60.2,12.0,443.0,0
2026-05-15 06:00:00,PZ-004,EQ-018,WBM,55.1,13.4,512.6,0
2026-05-15 12:00:00,PZ-004,EQ-018,OBM,57.0,12.2,390.3,0
2026-05-15 18:00:00,PZ-004,EQ-018,OBM,49.8,10.3,507.0,0
2026-05-16 00:00:00,PZ-004,EQ-018,OBM,83.1,15.3,383.1,0
2026-05-16 06:00:00,PZ-004,EQ-018,WBM,63.5,12.6,373.8,0
2026-05-16 12:00:00,PZ-004,EQ-018,WBM,78.3,15.6,363.6,0
2026-05-16 18:00:00,PZ-004,EQ-018,WBM,79.5,15.7,444.0,0
2026-05-17 00:00:00,PZ-004,EQ-018,WBM,62.6,13.8,577.4,0
2026-05-17 06:00:00,PZ-004,EQ-018,WBM,75.9,11.3,507.7,0
2026-05-17 12:00:00,PZ-004,EQ-018,OBM,72.2,14.4,712.9,0
2026-05-17 18:00:00,PZ-004,EQ-018,OBM,75.3,12.7,595.2,0
2026-05-18 00:00:00,PZ-004,EQ-018,OBM,55.2,14.6,747.8,0
2026-05-18 06:00:00,PZ-004,EQ-018,OBM,48.4,9.7,616.0,0
2026-05-18 12:00:00,PZ-004,EQ-018,WBM,77.2,12.5,773.5,0
2026-05-18 18:00:00,PZ-004,EQ-018,OBM,74.6,14.9,396.8,0
2026-05-19 00:00:00,PZ-004,EQ-018,WBM,73.4,10.1,400.2,0
2026-05-19 06:00:00,PZ-004,EQ-018,OBM,79.4,10.0,519.4,0
2026-05-19 12:00:00,PZ-004,EQ-018,WBM,52.8,11.7,350.7,0
2026-05-19 18:00:00,PZ-004,EQ-018,WBM,42.1,13.9,701.1,0
2026-05-20 00:00:00,PZ-004,EQ-018,OBM,83.6,15.4,603.2,0
2026-05-20 06:00:00,PZ-004,EQ-018,WBM,72.0,13.0,815.6,0
2026-05-20 12:00:00,PZ-004,EQ-018,OBM,78.4,15.7,480.2,0
2026-05-20 18:00:00,PZ-004,EQ-018,OBM,75.4,10.5,720.6,0
2026-05-21 00:00:00,PZ-004,EQ-018,WBM,62.6,15.5,578.6,0
2026-05-21 06:00:00,PZ-004,EQ-018,WBM,72.8,15.6,574.7,0
2026-05-21 12:00:00,PZ-004,EQ-018,OBM,81.2,10.2,522.0,0
2026-05-21 18:00:00,PZ-004,EQ-018,OBM,64.3,15.6,526.9,0
2026-05-22 00:00:00,PZ-004,EQ-018,OBM,54.5,13.7,716.4,0
2026-05-22 06:00:00,PZ-004,EQ-018,WBM,62.6,11.5,446.6,0
2026-05-22 12:00:00,PZ-004,EQ-018,OBM,78.5,10.4,816.7,0
2026-05-22 18:00:00,PZ-004,EQ-018,OBM,57.5,12.4,626.3,0
2026-05-23 00:00:00,PZ-004,EQ-018,OBM,43.5,15.3,815.6,0
2026-05-23 06:00:00,PZ-004,EQ-018,WBM,76.8,12.8,749.5,0
2026-05-23 12:00:00,PZ-004,EQ-018,WBM,67.3,12.4,820.4,0
2026-05-23 18:00:00,PZ-004,EQ-018,WBM,80.4,10.0,677.6,0
2026-05-24 00:00:00,PZ-004,EQ-018,OBM,67.7,11.9,836.2,0
2026-05-24 06:00:00,PZ-004,EQ-018,WBM,59.4,13.4,524.0,0
2026-05-24 12:00:00,PZ-004,EQ-018,OBM,58.7,11.4,545.7,0
2026-05-24 18:00:00,PZ-004,EQ-018,WBM,46.7,10.2,408.7,0
2026-05-25 00:00:00,PZ-004,EQ-018,OBM,68.3,9.0,806.5,0
2026-05-25 06:00:00,PZ-004,EQ-018,OBM,56.2,13.7,392.4,0
2026-05-25 12:00:00,PZ-004,EQ-018,WBM,54.7,12.4,627.0,0
2026-05-25 18:00:00,PZ-004,EQ-018,WBM,59.0,15.5,779.8,0
2026-05-26 00:00:00,PZ-004,EQ-018,OBM,45.0,10.4,439.0,0
2026-05-26 06:00:00,PZ-004,EQ-018,OBM,60.7,9.9,541.6,0
2026-05-26 12:00:00,PZ-004,EQ-018,OBM,47.5,12.4,681.4,0
2026-05-26 18:00:00,PZ-004,EQ-018,WBM,65.3,9.4,623.3,0
2026-05-27 00:00:00,PZ-004,EQ-018,WBM,62.0,15.5,559.1,0
2026-05-27 06:00:00,PZ-004,EQ-018,WBM,71.9,13.6,779.8,0
2026-05-27 12:00:00,PZ-004,EQ-018,WBM,45.9,15.5,534.6,0
2026-05-27 18:00:00,PZ-004,EQ-018,WBM,45.7,11.1,628.4,0
2026-05-28 00:00:00,PZ-004,EQ-018,WBM,81.2,10.7,681.4,0
2026-05-28 06:00:00,PZ-004,EQ-018,WBM,41.2,11.6,324.9,0
2026-05-28 12:00:00,PZ-004,EQ-018,OBM,73.1,14.1,432.5,0
2026-05-28 18:00:00,PZ-004,EQ-018,OBM,65.2,13.8,728.8,0
2026-05-29 00:00:00,PZ-004,EQ-018,WBM,75.8,12.2,754.8,0
2026-05-29 06:00:00,PZ-004,EQ-018,WBM,47.7,14.2,616.2,0
2026-05-29 12:00:00,PZ-004,EQ-018,OBM,64.7,10.7,508.0,0
2026-05-29 18:00:00,PZ-004,EQ-018,WBM,62.5,10.2,516.4,0
2026-05-30 00:00:00,PZ-004,EQ-018,WBM,84.9,9.5,653.6,0
2026-05-30 06:00:00,PZ-004,EQ-018,OBM,81.1,11.8,752.9,0
2026-05-30 12:00:00,PZ-004,EQ-018,WBM,54.2,11.4,518.5,0
2026-05-30 18:00:00,PZ-004,EQ-018,OBM,72.0,10.7,310.2,0
2026-05-31 00:00:00,PZ-004,EQ-018,OBM,42.7,9.9,580.5,0
2026-05-31 06:00:00,PZ-004,EQ-018,OBM,47.8,9.1,546.2,0
2026-05-31 12:00:00,PZ-004,EQ-018,OBM,55.9,9.1,566.7,0
2026-05-31 18:00:00,PZ-004,EQ-018,OBM,66.2,10.9,337.9,0
2026-06-01 00:00:00,PZ-004,EQ-018,OBM,77.9,10.8,659.1,0
2026-06-01 06:00:00,PZ-004,EQ-018,WBM,69.5,14.8,476.5,0
2026-06-01 12:00:00,PZ-004,EQ-018,OBM,55.7,15.1,580.1,0
2026-06-01 18:00:00,PZ-004,EQ-018,OBM,60.4,14.9,462.1,0
2026-06-02 00:00:00,PZ-004,EQ-018,OBM,77.1,11.6,402.0,0
2026-06-02 06:00:00,PZ-004,EQ-018,WBM,59.1,9.6,628.9,0
2026-06-02 12:00:00,PZ-004,EQ-018,OBM,70.3,12.4,396.3,0
2026-06-02 18:00:00,PZ-004,EQ-018,WBM,60.9,13.5,300.7,0
2026-06-03 00:00:00,PZ-004,EQ-018,OBM,60.0,11.4,763.3,0
2026-06-03 06:00:00,PZ-004,EQ-018,OBM,56.7,15.3,348.1,0
2026-06-03 12:00:00,PZ-004,EQ-018,OBM,59.8,13.4,393.6,0
2026-06-03 18:00:00,PZ-004,EQ-018,OBM,80.7,9.0,646.5,0
2026-06-04 00:00:00,PZ-004,EQ-018,OBM,73.5,10.6,412.7,0
2026-06-04 06:00:00,PZ-004,EQ-018,OBM,50.5,12.4,552.8,0
2026-06-04 12:00:00,PZ-004,EQ-018,WBM,66.4,13.2,710.0,0
2026-06-04 18:00:00,PZ-004,EQ-018,OBM,55.4,9.7,485.3,0
2026-06-05 00:00:00,PZ-004,EQ-018,OBM,76.3,11.9,442.8,0
2026-06-05 06:00:00,PZ-004,EQ-018,OBM,79.5,10.9,642.0,0
2026-06-05 12:00:00,PZ-004,EQ-018,WBM,41.0,13.0,382.5,0
2026-06-05 18:00:00,PZ-004,EQ-018,WBM,54.1,13.7,411.4,0
2026-06-06 00:00:00,PZ-004,EQ-018,WBM,54.9,10.5,439.6,0
2026-06-06 06:00:00,PZ-004,EQ-018,WBM,78.7,13.8,781.4,0
2026-06-06 12:00:00,PZ-004,EQ-018,OBM,50.3,14.0,833.6,0
2026-06-06 18:00:00,PZ-004,EQ-018,WBM,54.2,9.2,322.1,0
2026-06-07 00:00:00,PZ-004,EQ-018,WBM,53.7,11.8,522.7,0
2026-06-07 06:00:00,PZ-004,EQ-018,WBM,47.1,13.4,614.5,0
2026-06-07 12:00:00,PZ-004,EQ-018,OBM,54.8,11.6,531.3,0
2026-06-07 18:00:00,PZ-004,EQ-018,OBM,57.5,10.8,797.5,0
2026-06-08 00:00:00,PZ-004,EQ-018,OBM,55.6,12.0,429.8,0
2026-06-08 06:00:00,PZ-004,EQ-018,OBM,41.0,9.4,807.3,0
2026-06-08 12:00:00,PZ-004,EQ-018,OBM,62.2,14.7,376.1,0
2026-06-08 18:00:00,PZ-004,EQ-018,OBM,73.4,9.2,626.0,0
2026-06-09 00:00:00,PZ-004,EQ-018,OBM,70.5,15.2,788.0,0
2026-06-09 06:00:00,PZ-004,EQ-018,WBM,68.4,15.1,341.2,0
2026-06-09 12:00:00,PZ-004,EQ-018,WBM,41.2,13.8,675.0,0
2026-06-09 18:00:00,PZ-004,EQ-018,OBM,43.6,9.7,775.5,0
2026-06-10 00:00:00,PZ-004,EQ-018,WBM,73.2,15.3,679.3,0
2026-06-10 06:00:00,PZ-004,EQ-018,WBM,53.0,15.0,638.2,0
2026-06-10 12:00:00,PZ-004,EQ-018,OBM,70.9,10.5,660.2,0
2026-06-10 18:00:00,PZ-004,EQ-018,WBM,70.3,10.0,422.2,0
2026-06-11 00:00:00,PZ-004,EQ-018,OBM,62.5,10.5,487.8,0
2026-06-11 06:00:00,PZ-004,EQ-018,WBM,61.7,11.9,562.2,0
2026-06-11 12:00:00,PZ-004,EQ-018,WBM,83.4,15.9,534.4,0
2026-06-11 18:00:00,PZ-004,EQ-018,OBM,45.3,11.1,472.5,0
2026-06-12 00:00:00,PZ-004,EQ-018,OBM,81.6,14.5,771.3,0
2026-06-12 06:00:00,PZ-004,EQ-018,OBM,55.0,10.5,614.5,0
2026-06-12 12:00:00,PZ-004,EQ-018,WBM,78.2,15.7,613.2,0
2026-06-12 18:00:00,PZ-004,EQ-018,OBM,41.1,9.9,765.1,0
2026-06-13 00:00:00,PZ-004,EQ-018,OBM,80.0,11.5,648.6,0
2026-06-13 06:00:00,PZ-004,EQ-018,WBM,52.8,15.4,400.9,0
2026-06-13 12:00:00,PZ-004,EQ-018,OBM,44.1,15.3,355.1,0
2026-06-13 18:00:00,PZ-004,EQ-018,WBM,76.2,13.1,513.6,0
2026-06-14 00:00:00,PZ-004,EQ-018,WBM,66.0,15.9,680.0,0
2026-06-14 06:00:00,PZ-004,EQ-018,WBM,41.0,9.3,845.4,0
2026-06-14 12:00:00,PZ-004,EQ-018,WBM,53.1,10.0,481.0,0
2026-06-14 18:00:00,PZ-004,EQ-018,OBM,79.0,14.2,655.6,0
2026-06-15 00:00:00,PZ-004,EQ-018,OBM,61.4,11.4,455.5,0
2026-06-15 06:00:00,PZ-004,EQ-018,OBM,66.1,15.4,307.8,0
2026-06-15 12:00:00,PZ-004,EQ-018,OBM,68.4,15.5,624.5,0
2026-06-15 18:00:00,PZ-004,EQ-018,WBM,65.0,15.3,339.8,0
2026-06-16 00:00:00,PZ-004,EQ-018,OBM,45.2,9.8,501.4,0
2026-06-16 06:00:00,PZ-004,EQ-018,WBM,48.9,9.9,636.0,0
2026-06-16 12:00:00,PZ-004,EQ-018,OBM,64.0,15.7,784.3,0
2026-06-16 18:00:00,PZ-004,EQ-018,WBM,79.5,14.3,487.0,0
2026-06-17 00:00:00,PZ-004,EQ-018,OBM,46.1,11.1,575.2,0
2026-06-17 06:00:00,PZ-004,EQ-018,OBM,66.7,13.7,470.5,0
2026-06-17 12:00:00,PZ-004,EQ-018,OBM,78.6,11.7,557.5,0
2026-06-17 18:00:00,PZ-004,EQ-018,OBM,82.9,11.3,561.3,0
2026-06-18 00:00:00,PZ-004,EQ-018,OBM,62.2,9.8,502.8,0
2026-06-18 06:00:00,PZ-004,EQ-018,OBM,48.4,9.3,678.1,0
2026-06-18 12:00:00,PZ-004,EQ-018,OBM,70.7,14.9,440.7,0
2026-06-18 18:00:00,PZ-004,EQ-018,WBM,71.8,15.8,773.4,0
2026-06-19 00:00:00,PZ-004,EQ-018,OBM,82.5,10.5,736.3,0
2026-06-19 06:00:00,PZ-004,EQ-018,OBM,44.4,10.2,696.3,0
2026-06-19 12:00:00,PZ-004,EQ-018,WBM,65.0,14.8,447.7,0
2026-06-19 18:00:00,PZ-004,EQ-018,OBM,66.1,13.5,322.2,0
2026-06-20 00:00:00,PZ-004,EQ-018,WBM,46.8,11.7,495.2,0
2026-06-20 06:00:00,PZ-004,EQ-018,OBM,81.1,10.0,332.9,0
2026-06-20 12:00:00,PZ-004,EQ-018,WBM,75.4,12.5,568.4,0
2026-06-20 18:00:00,PZ-004,EQ-018,WBM,59.4,9.1,346.0,0
2026-06-21 00:00:00,PZ-004,EQ-018,WBM,75.0,10.9,353.8,0
2026-06-21 06:00:00,PZ-004,EQ-018,WBM,41.6,10.0,478.1,0
2026-06-21 12:00:00,PZ-004,EQ-018,OBM,77.9,10.4,368.2,0
2026-06-21 18:00:00,PZ-004,EQ-018,OBM,83.4,9.0,527.5,0
2026-06-22 00:00:00,PZ-004,EQ-018,OBM,42.8,13.8,458.9,0
2026-06-22 06:00:00,PZ-004,EQ-018,OBM,47.1,14.2,707.7,0
2026-06-22 12:00:00,PZ-004,EQ-018,WBM,40.6,10.8,557.3,0
2026-06-22 18:00:00,PZ-004,EQ-018,WBM,64.1,12.7,390.7,0
2026-06-23 00:00:00,PZ-004,EQ-018,OBM,76.4,13.8,361.3,0
2026-06-23 06:00:00,PZ-004,EQ-018,OBM,43.9,14.5,422.1,0
2026-06-23 12:00:00,PZ-004,EQ-018,OBM,65.7,12.0,303.7,0
2026-06-23 18:00:00,PZ-004,EQ-018,OBM,62.2,11.5,807.8,0
2026-06-24 00:00:00,PZ-004,EQ-018,OBM,65.6,12.7,562.7,0
2026-06-24 06:00:00,PZ-004,EQ-018,OBM,60.3,12.7,661.1,0
2026-06-24 12:00:00,PZ-004,EQ-018,OBM,63.1,13.6,724.6,0
2026-06-24 18:00:00,PZ-004,EQ-018,WBM,76.5,10.8,663.2,0
2026-06-25 00:00:00,PZ-004,EQ-018,WBM,44.3,11.2,317.1,0
2026-06-25 06:00:00,PZ-004,EQ-018,WBM,73.1,9.3,419.2,0
2026-06-25 12:00:00,PZ-004,EQ-018,WBM,45.9,16.0,456.4,0
2026-06-25 18:00:00,PZ-004,EQ-018,WBM,79.5,11.7,795.5,0
2026-06-26 00:00:00,PZ-004,EQ-018,WBM,63.3,12.7,365.9,0
2026-06-26 06:00:00,PZ-004,EQ-018,OBM,41.7,12.4,591.7,0
2026-06-26 12:00:00,PZ-004,EQ-018,WBM,66.4,9.0,445.8,0
2026-06-26 18:00:00,PZ-004,EQ-018,OBM,45.7,10.2,668.1,0
2026-06-27 00:00:00,PZ-004,EQ-018,OBM,84.9,15.9,494.5,0
2026-06-27 06:00:00,PZ-004,EQ-018,OBM,44.1,12.2,507.7,0
2026-06-27 12:00:00,PZ-004,EQ-018,OBM,73.0,11.7,756.0,0
2026-06-27 18:00:00,PZ-004,EQ-018,OBM,52.0,10.6,436.0,0
2026-06-28 00:00:00,PZ-004,EQ-018,WBM,46.6,16.0,795.2,0
2026-06-28 06:00:00,PZ-004,EQ-018,OBM,82.1,13.7,585.3,0
2026-06-28 12:00:00,PZ-004,EQ-018,OBM,45.7,11.6,545.3,0
2026-06-28 18:00:00,PZ-004,EQ-018,OBM,79.4,14.3,470.4,0
2026-06-29 00:00:00,PZ-004,EQ-018,WBM,58.4,14.6,636.6,0
2026-06-29 06:00:00,PZ-004,EQ-018,WBM,73.7,10.4,599.9,0
2026-06-29 12:00:00,PZ-004,EQ-018,OBM,46.1,11.5,666.8,0
2026-06-29 18:00:00,PZ-004,EQ-018,OBM,63.0,15.6,814.0,0
2026-06-30 00:00:00,PZ-004,EQ-018,WBM,65.0,9.7,466.7,0
2026-06-30 06:00:00,PZ-004,EQ-018,WBM,68.7,11.7,394.1,0
2026-06-30 12:00:00,PZ-004,EQ-018,OBM,78.8,11.7,331.3,0
2026-06-30 18:00:00,PZ-004,EQ-018,WBM,49.9,15.1,842.5,0
2026-07-01 00:00:00,PZ-004,EQ-018,OBM,66.5,14.4,820.9,0
2026-07-01 06:00:00,PZ-004,EQ-018,WBM,47.4,13.1,483.4,0
2026-07-01 12:00:00,PZ-004,EQ-018,OBM,70.4,9.0,574.4,0
2026-07-01 18:00:00,PZ-004,EQ-018,OBM,57.2,15.8,668.6,0
2026-07-02 00:00:00,PZ-004,EQ-018,OBM,84.8,10.4,745.8,0
2026-07-02 06:00:00,PZ-004,EQ-018,OBM,44.5,13.4,557.7,0
2026-07-02 12:00:00,PZ-004,EQ-018,OBM,67.9,11.1,760.3,0
2026-07-02 18:00:00,PZ-004,EQ-018,OBM,84.4,11.0,590.4,0
2026-07-03 00:00:00,PZ-004,EQ-018,WBM,55.9,14.6,430.2,0
2026-07-03 06:00:00,PZ-004,EQ-018,OBM,70.2,14.1,776.3,0
2026-07-03 12:00:00,PZ-004,EQ-018,OBM,72.9,11.1,832.5,0
2026-07-03 18:00:00,PZ-004,EQ-018,WBM,70.4,14.0,537.3,0
2026-07-04 00:00:00,PZ-004,EQ-018,OBM,69.6,10.5,524.3,0
2026-07-04 06:00:00,PZ-004,EQ-018,OBM,67.8,9.6,469.2,0
2026-07-04 12:00:00,PZ-004,EQ-018,OBM,73.5,12.4,364.3,0
2026-07-04 18:00:00,PZ-004,EQ-018,WBM,75.1,10.3,555.7,0
2026-07-05 00:00:00,PZ-004,EQ-018,OBM,85.0,15.7,695.0,0
2026-07-05 06:00:00,PZ-004,EQ-018,OBM,78.8,15.7,545.1,0
2026-07-05 12:00:00,PZ-004,EQ-018,OBM,69.7,14.4,778.8,0
2026-07-05 18:00:00,PZ-004,EQ-018,WBM,84.3,10.6,422.1,0
2026-07-06 00:00:00,PZ-004,EQ-018,WBM,58.0,11.0,392.8,0
2026-07-06 06:00:00,PZ-004,EQ-018,WBM,60.8,10.4,722.3,0
2026-07-06 12:00:00,PZ-004,EQ-018,WBM,51.3,12.0,555.0,0
2026-07-06 18:00:00,PZ-004,EQ-018,OBM,80.7,13.3,321.4,0
2026-07-07 00:00:00,PZ-004,EQ-018,WBM,72.0,11.7,760.7,0
2026-07-07 06:00:00,PZ-004,EQ-018,OBM,60.7,13.1,408.4,0
2026-07-07 12:00:00,PZ-004,EQ-018,OBM,47.5,14.3,420.5,0
2026-07-07 18:00:00,PZ-004,EQ-018,OBM,70.2,13.0,661.1,0
2026-07-08 00:00:00,PZ-004,EQ-018,OBM,56.1,15.8,327.3,0
2026-07-08 06:00:00,PZ-004,EQ-018,OBM,84.3,14.8,341.8,0
2026-07-08 12:00:00,PZ-004,EQ-018,OBM,76.3,9.4,408.4,0
2026-07-08 18:00:00,PZ-004,EQ-018,WBM,71.2,14.7,687.5,0
2026-07-09 00:00:00,PZ-004,EQ-018,OBM,46.2,10.8,569.2,0
2026-07-09 06:00:00,PZ-004,EQ-018,WBM,57.9,15.6,799.6,0
2026-07-09 12:00:00,PZ-004,EQ-018,WBM,48.0,11.6,415.5,0
2026-07-09 18:00:00,PZ-004,EQ-018,OBM,66.2,11.0,728.4,0
2026-07-10 00:00:00,PZ-004,EQ-018,OBM,44.3,15.4,667.8,0
2026-07-10 06:00:00,PZ-004,EQ-018,OBM,58.2,13.4,560.6,0
2026-07-10 12:00:00,PZ-004,EQ-018,OBM,67.6,9.6,336.0,0
2026-07-10 18:00:00,PZ-004,EQ-018,OBM,52.4,13.6,407.3,0
2026-07-11 00:00:00,PZ-004,EQ-018,OBM,45.6,13.6,828.8,0
2026-07-11 06:00:00,PZ-004,EQ-018,OBM,67.3,13.1,328.6,0
2026-07-11 12:00:00,PZ-004,EQ-018,OBM,72.5,14.7,588.1,0
2026-07-11 18:00:00,PZ-004,EQ-018,WBM,47.2,15.1,368.0,0
2026-07-12 00:00:00,PZ-004,EQ-018,WBM,78.9,12.3,848.0,0
2026-07-12 06:00:00,PZ-004,EQ-018,OBM,44.4,10.8,374.5,0
2026-07-12 12:00:00,PZ-004,EQ-018,OBM,47.6,9.9,638.0,0
2026-07-12 18:00:00,PZ-004,EQ-018,OBM,42.3,13.8,597.7,0
2026-07-13 00:00:00,PZ-004,EQ-018,WBM,52.5,14.6,695.2,0
2026-07-13 06:00:00,PZ-004,EQ-018,OBM,44.2,15.0,723.4,0
2026-07-13 12:00:00,PZ-004,EQ-018,OBM,47.6,13.8,829.6,0
2026-07-13 18:00:00,PZ-004,EQ-018,WBM,73.1,9.0,779.9,0
2026-07-14 00:00:00,PZ-004,EQ-018,OBM,57.0,10.4,794.0,0
2026-07-14 06:00:00,PZ-004,EQ-018,WBM,52.8,14.2,760.1,0
2026-07-14 12:00:00,PZ-004,EQ-018,OBM,50.3,15.0,712.3,0
2026-07-14 18:00:00,PZ-004,EQ-018,OBM,65.6,14.8,708.2,0
2026-07-15 00:00:00,PZ-004,EQ-018,OBM,68.1,15.0,427.8,0
2026-07-15 06:00:00,PZ-004,EQ-018,OBM,81.2,9.1,416.9,0
2026-07-15 12:00:00,PZ-004,EQ-018,WBM,52.7,13.1,787.1,0
2026-07-15 18:00:00,PZ-004,EQ-018,WBM,78.9,13.4,420.4,0
2026-07-16 00:00:00,PZ-004,EQ-018,OBM,73.3,13.0,379.6,0
2026-07-16 06:00:00,PZ-004,EQ-018,WBM,74.7,13.5,445.3,0
2026-07-16 12:00:00,PZ-004,EQ-018,WBM,50.9,10.1,639.4,0
2026-07-16 18:00:00,PZ-004,EQ-018,OBM,68.9,14.7,802.5,0
2026-07-17 00:00:00,PZ-004,EQ-018,OBM,43.5,9.8,659.9,0
2026-07-17 06:00:00,PZ-004,EQ-018,OBM,59.2,9.9,779.6,0
2026-07-17 12:00:00,PZ-004,EQ-018,WBM,52.5,16.0,529.3,0
2026-07-17 18:00:00,PZ-004,EQ-018,OBM,68.6,14.9,567.5,0
2026-07-18 00:00:00,PZ-004,EQ-018,OBM,58.1,11.7,811.2,0
2026-07-18 06:00:00,PZ-004,EQ-018,OBM,74.1,12.9,387.5,0
2026-07-18 12:00:00,PZ-004,EQ-018,OBM,40.8,12.1,715.7,0
2026-07-18 18:00:00,PZ-004,EQ-018,WBM,77.6,13.3,397.1,0
2026-07-19 00:00:00,PZ-004,EQ-018,OBM,55.0,11.6,385.7,0
2026-07-19 06:00:00,PZ-004,EQ-018,OBM,65.1,15.2,308.7,0
2026-07-19 12:00:00,PZ-004,EQ-018,WBM,41.4,13.6,648.6,0
2026-07-19 18:00:00,PZ-004,EQ-018,WBM,46.6,15.7,681.4,0
2026-07-20 00:00:00,PZ-004,EQ-018,WBM,59.5,9.6,849.0,0
2026-07-20 06:00:00,PZ-004,EQ-018,OBM,66.4,12.5,441.6,0
2026-07-20 12:00:00,PZ-004,EQ-018,OBM,43.2,9.5,608.4,0
2026-07-20 18:00:00,PZ-004,EQ-018,OBM,40.5,9.8,620.7,0
2026-07-21 00:00:00,PZ-004,EQ-018,OBM,78.7,13.7,410.3,0
2026-07-21 06:00:00,PZ-004,EQ-018,WBM,67.5,9.3,706.6,0
2026-07-21 12:00:00,PZ-004,EQ-018,WBM,80.8,12.7,797.4,0
2026-07-21 18:00:00,PZ-004,EQ-018,WBM,57.1,9.9,726.2,0
2026-07-22 00:00:00,PZ-004,EQ-018,OBM,49.4,13.8,844.1,0
2026-07-22 06:00:00,PZ-004,EQ-018,WBM,66.5,10.3,316.8,0
2026-07-22 12:00:00,PZ-004,EQ-018,WBM,75.5,11.6,703.1,0
2026-07-22 18:00:00,PZ-004,EQ-018,WBM,41.3,10.5,505.7,0
2026-07-23 00:00:00,PZ-004,EQ-018,OBM,55.9,9.4,407.2,0
2026-07-23 06:00:00,PZ-004,EQ-018,OBM,75.6,9.9,374.2,0
2026-07-23 12:00:00,PZ-004,EQ-018,OBM,49.4,13.5,583.9,0
2026-07-23 18:00:00,PZ-004,EQ-018,WBM,68.6,9.3,846.4,0
2026-07-24 00:00:00,PZ-004,EQ-018,WBM,54.6,14.8,441.5,0
2026-07-24 06:00:00,PZ-004,EQ-018,WBM,43.5,13.3,406.9,0
2026-07-24 12:00:00,PZ-004,EQ-018,OBM,78.3,9.9,550.5,0
2026-07-24 18:00:00,PZ-004,EQ-018,OBM,45.3,12.5,807.3,0
2026-07-25 00:00:00,PZ-004,EQ-018,OBM,62.3,9.7,381.3,0
2026-07-25 06:00:00,PZ-004,EQ-018,WBM,80.2,13.6,706.4,0
2026-07-25 12:00:00,PZ-004,EQ-018,WBM,49.8,15.5,583.2,0
2026-07-25 18:00:00,PZ-004,EQ-018,OBM,57.3,15.0,774.3,0
2026-07-26 00:00:00,PZ-004,EQ-018,WBM,83.9,12.0,301.2,0
2026-07-26 06:00:00,PZ-004,EQ-018,OBM,74.9,15.6,803.3,0
2026-07-26 12:00:00,PZ-004,EQ-018,WBM,72.0,10.6,403.2,0
2026-07-26 18:00:00,PZ-004,EQ-018,OBM,81.2,9.3,741.2,0
2026-07-27 00:00:00,PZ-004,EQ-018,WBM,61.5,11.8,567.4,0
2026-07-27 06:00:00,PZ-004,EQ-018,OBM,53.1,10.2,531.0,0
2026-07-27 12:00:00,PZ-004,EQ-018,OBM,52.0,14.4,354.2,0
2026-07-27 18:00:00,PZ-004,EQ-018,OBM,49.3,14.8,638.5,0
2026-07-28 00:00:00,PZ-004,EQ-018,OBM,80.9,13.9,510.0,0
2026-07-28 06:00:00,PZ-004,EQ-018,WBM,47.4,15.9,523.7,0
2026-07-28 12:00:00,PZ-004,EQ-018,WBM,59.1,15.7,350.1,0
2026-07-28 18:00:00,PZ-004,EQ-018,OBM,82.7,14.9,770.8,0
2026-07-29 00:00:00,PZ-004,EQ-018,WBM,72.9,15.8,589.3,0
2026-07-29 06:00:00,PZ-004,EQ-018,OBM,71.1,10.5,695.6,0
2026-07-29 12:00:00,PZ-004,EQ-018,OBM,53.8,10.1,642.9,0
2026-07-29 18:00:00,PZ-004,EQ-018,WBM,53.3,11.4,569.4,0
2026-07-30 00:00:00,PZ-004,EQ-018,OBM,78.3,12.5,589.4,0
2026-07-30 06:00:00,PZ-004,EQ-018,OBM,59.0,14.2,525.0,0
2026-07-30 12:00:00,PZ-004,EQ-018,WBM,76.5,10.8,445.4,0
2026-07-30 18:00:00,PZ-004,EQ-018,OBM,45.1,10.0,449.8,0
2026-07-31 00:00:00,PZ-004,EQ-018,OBM,52.4,15.1,360.0,0
2026-05-01 00:00:00,PZ-004,EQ-019,OBM,46.1,15.2,687.2,0
2026-05-01 06:00:00,PZ-004,EQ-019,OBM,63.4,15.5,531.6,0
2026-05-01 12:00:00,PZ-004,EQ-019,WBM,68.8,10.5,342.6,0
2026-05-01 18:00:00,PZ-004,EQ-019,WBM,46.3,13.9,751.9,0
2026-05-02 00:00:00,PZ-004,EQ-019,WBM,44.1,9.3,662.7,0
2026-05-02 06:00:00,PZ-004,EQ-019,OBM,62.8,14.7,600.7,0
2026-05-02 12:00:00,PZ-004,EQ-019,OBM,75.6,11.9,539.4,0
2026-05-02 18:00:00,PZ-004,EQ-019,WBM,65.4,14.1,712.7,0
2026-05-03 00:00:00,PZ-004,EQ-019,OBM,51.7,15.4,503.4,0
2026-05-03 06:00:00,PZ-004,EQ-019,WBM,50.4,11.4,669.4,0
2026-05-03 12:00:00,PZ-004,EQ-019,WBM,47.8,10.8,396.8,0
2026-05-03 18:00:00,PZ-004,EQ-019,OBM,58.5,11.8,831.6,0
2026-05-04 00:00:00,PZ-004,EQ-019,OBM,53.5,11.8,518.0,0
2026-05-04 06:00:00,PZ-004,EQ-019,OBM,51.2,14.6,573.1,0
2026-05-04 12:00:00,PZ-004,EQ-019,WBM,62.0,14.8,438.3,0
2026-05-04 18:00:00,PZ-004,EQ-019,OBM,42.7,11.1,472.6,0
2026-05-05 00:00:00,PZ-004,EQ-019,OBM,49.4,12.0,837.2,0
2026-05-05 06:00:00,PZ-004,EQ-019,WBM,44.9,14.3,545.9,0
2026-05-05 12:00:00,PZ-004,EQ-019,OBM,47.9,10.2,816.9,0
2026-05-05 18:00:00,PZ-004,EQ-019,OBM,40.1,12.0,591.7,0
2026-05-06 00:00:00,PZ-004,EQ-019,OBM,41.8,13.6,472.6,0
2026-05-06 06:00:00,PZ-004,EQ-019,OBM,59.8,10.0,585.5,0
2026-05-06 12:00:00,PZ-004,EQ-019,OBM,45.5,14.8,422.0,0
2026-05-06 18:00:00,PZ-004,EQ-019,OBM,55.3,11.8,737.5,0
2026-05-07 00:00:00,PZ-004,EQ-019,OBM,40.9,12.6,361.4,0
2026-05-07 06:00:00,PZ-004,EQ-019,WBM,43.7,11.5,573.9,0
2026-05-07 12:00:00,PZ-004,EQ-019,WBM,53.3,13.4,695.1,0
2026-05-07 18:00:00,PZ-004,EQ-019,OBM,82.5,9.7,443.8,0
2026-05-08 00:00:00,PZ-004,EQ-019,WBM,66.6,15.7,673.3,0
2026-05-08 06:00:00,PZ-004,EQ-019,OBM,56.9,15.5,457.5,0
2026-05-08 12:00:00,PZ-004,EQ-019,OBM,51.6,10.3,301.5,0
2026-05-08 18:00:00,PZ-004,EQ-019,OBM,52.7,9.3,641.2,0
2026-05-09 00:00:00,PZ-004,EQ-019,OBM,57.2,12.3,389.5,0
2026-05-09 06:00:00,PZ-004,EQ-019,OBM,51.1,14.6,717.1,0
2026-05-09 12:00:00,PZ-004,EQ-019,OBM,47.3,14.6,531.3,0
2026-05-09 18:00:00,PZ-004,EQ-019,OBM,83.3,12.6,558.0,0
2026-05-10 00:00:00,PZ-004,EQ-019,OBM,52.0,12.0,759.8,0
2026-05-10 06:00:00,PZ-004,EQ-019,OBM,53.0,13.8,337.6,0
2026-05-10 12:00:00,PZ-004,EQ-019,OBM,51.2,13.6,374.4,0
2026-05-10 18:00:00,PZ-004,EQ-019,OBM,75.0,11.2,327.0,0
2026-05-11 00:00:00,PZ-004,EQ-019,OBM,40.7,14.5,795.6,0
2026-05-11 06:00:00,PZ-004,EQ-019,OBM,60.8,11.2,390.7,0
2026-05-11 12:00:00,PZ-004,EQ-019,OBM,80.0,15.4,831.5,0
2026-05-11 18:00:00,PZ-004,EQ-019,WBM,59.2,13.8,541.8,0
2026-05-12 00:00:00,PZ-004,EQ-019,OBM,68.5,9.5,396.4,0
2026-05-12 06:00:00,PZ-004,EQ-019,OBM,55.0,13.4,843.9,0
2026-05-12 12:00:00,PZ-004,EQ-019,WBM,64.6,12.9,807.0,0
2026-05-12 18:00:00,PZ-004,EQ-019,OBM,54.1,13.0,305.1,0
2026-05-13 00:00:00,PZ-004,EQ-019,OBM,71.5,12.1,560.8,0
2026-05-13 06:00:00,PZ-004,EQ-019,WBM,49.8,12.9,663.1,0
2026-05-13 12:00:00,PZ-004,EQ-019,OBM,50.3,10.0,431.0,0
2026-05-13 18:00:00,PZ-004,EQ-019,OBM,46.3,9.3,351.3,0
2026-05-14 00:00:00,PZ-004,EQ-019,OBM,54.5,10.3,517.7,0
2026-05-14 06:00:00,PZ-004,EQ-019,OBM,70.4,11.6,395.5,0
2026-05-14 12:00:00,PZ-004,EQ-019,OBM,43.4,9.5,475.0,0
2026-05-14 18:00:00,PZ-004,EQ-019,WBM,41.2,10.5,539.5,0
2026-05-15 00:00:00,PZ-004,EQ-019,OBM,64.8,12.0,585.3,0
2026-05-15 06:00:00,PZ-004,EQ-019,OBM,74.9,12.8,723.8,0
2026-05-15 12:00:00,PZ-004,EQ-019,WBM,51.8,11.8,301.3,0
2026-05-15 18:00:00,PZ-004,EQ-019,WBM,83.2,9.5,575.5,0
2026-05-16 00:00:00,PZ-004,EQ-019,OBM,62.3,14.2,494.4,0
2026-05-16 06:00:00,PZ-004,EQ-019,OBM,42.5,14.7,356.9,0
2026-05-16 12:00:00,PZ-004,EQ-019,OBM,84.9,11.7,826.5,0
2026-05-16 18:00:00,PZ-004,EQ-019,OBM,69.0,9.6,708.9,0
2026-05-17 00:00:00,PZ-004,EQ-019,WBM,75.2,15.6,607.9,0
2026-05-17 06:00:00,PZ-004,EQ-019,OBM,76.7,16.0,648.5,0
2026-05-17 12:00:00,PZ-004,EQ-019,WBM,48.9,15.0,845.8,0
2026-05-17 18:00:00,PZ-004,EQ-019,OBM,55.7,13.4,581.4,0
2026-05-18 00:00:00,PZ-004,EQ-019,OBM,54.0,13.5,670.1,0
2026-05-18 06:00:00,PZ-004,EQ-019,OBM,54.4,12.2,366.2,0
2026-05-18 12:00:00,PZ-004,EQ-019,OBM,44.5,13.0,514.7,0
2026-05-18 18:00:00,PZ-004,EQ-019,OBM,52.7,9.5,461.4,0
2026-05-19 00:00:00,PZ-004,EQ-019,WBM,56.5,12.0,350.6,0
2026-05-19 06:00:00,PZ-004,EQ-019,OBM,53.8,15.9,473.5,0
2026-05-19 12:00:00,PZ-004,EQ-019,WBM,63.3,13.1,400.6,0
2026-05-19 18:00:00,PZ-004,EQ-019,OBM,80.2,13.6,773.6,0
2026-05-20 00:00:00,PZ-004,EQ-019,OBM,52.9,12.8,720.6,0
2026-05-20 06:00:00,PZ-004,EQ-019,OBM,59.6,12.1,799.0,0
2026-05-20 12:00:00,PZ-004,EQ-019,WBM,67.8,12.1,364.8,0
2026-05-20 18:00:00,PZ-004,EQ-019,WBM,41.4,10.4,466.9,0
2026-05-21 00:00:00,PZ-004,EQ-019,OBM,59.7,11.9,379.9,0
2026-05-21 06:00:00,PZ-004,EQ-019,WBM,57.3,10.5,351.9,0
2026-05-21 12:00:00,PZ-004,EQ-019,OBM,43.3,11.7,582.9,0
2026-05-21 18:00:00,PZ-004,EQ-019,OBM,81.2,14.7,624.0,0
2026-05-22 00:00:00,PZ-004,EQ-019,OBM,56.1,11.6,611.0,0
2026-05-22 06:00:00,PZ-004,EQ-019,WBM,41.8,14.5,656.2,0
2026-05-22 12:00:00,PZ-004,EQ-019,OBM,51.3,10.4,487.5,0
2026-05-22 18:00:00,PZ-004,EQ-019,WBM,40.5,10.5,506.8,0
2026-05-23 00:00:00,PZ-004,EQ-019,OBM,71.0,14.9,511.1,0
2026-05-23 06:00:00,PZ-004,EQ-019,OBM,61.4,11.0,690.1,0
2026-05-23 12:00:00,PZ-004,EQ-019,WBM,40.0,9.1,341.8,0
2026-05-23 18:00:00,PZ-004,EQ-019,WBM,47.0,12.6,833.6,0
2026-05-24 00:00:00,PZ-004,EQ-019,WBM,60.8,13.5,630.1,0
2026-05-24 06:00:00,PZ-004,EQ-019,OBM,78.1,16.0,556.0,0
2026-05-24 12:00:00,PZ-004,EQ-019,OBM,69.6,13.5,800.9,0
2026-05-24 18:00:00,PZ-004,EQ-019,WBM,62.2,15.6,510.2,0
2026-05-25 00:00:00,PZ-004,EQ-019,WBM,66.9,13.9,407.6,0
2026-05-25 06:00:00,PZ-004,EQ-019,OBM,51.0,9.9,759.5,0
2026-05-25 12:00:00,PZ-004,EQ-019,WBM,72.5,13.1,431.6,0
2026-05-25 18:00:00,PZ-004,EQ-019,OBM,71.5,11.1,748.7,0
2026-05-26 00:00:00,PZ-004,EQ-019,WBM,57.6,10.4,780.9,0
2026-05-26 06:00:00,PZ-004,EQ-019,OBM,76.6,13.1,479.8,0
2026-05-26 12:00:00,PZ-004,EQ-019,OBM,47.3,11.2,625.6,0
2026-05-26 18:00:00,PZ-004,EQ-019,OBM,52.2,13.2,482.8,0
2026-05-27 00:00:00,PZ-004,EQ-019,OBM,54.2,11.3,793.2,0
2026-05-27 06:00:00,PZ-004,EQ-019,OBM,75.3,10.9,764.2,0
2026-05-27 12:00:00,PZ-004,EQ-019,OBM,45.3,15.8,643.3,0
2026-05-27 18:00:00,PZ-004,EQ-019,OBM,59.0,12.9,772.1,0
2026-05-28 00:00:00,PZ-004,EQ-019,OBM,51.5,13.9,580.7,0
2026-05-28 06:00:00,PZ-004,EQ-019,WBM,60.6,14.0,631.8,0
2026-05-28 12:00:00,PZ-004,EQ-019,WBM,78.0,9.3,501.2,0
2026-05-28 18:00:00,PZ-004,EQ-019,OBM,61.4,11.2,570.9,0
2026-05-29 00:00:00,PZ-004,EQ-019,OBM,64.4,12.0,828.7,0
2026-05-29 06:00:00,PZ-004,EQ-019,WBM,71.8,11.6,671.4,0
2026-05-29 12:00:00,PZ-004,EQ-019,WBM,84.4,11.5,647.6,0
2026-05-29 18:00:00,PZ-004,EQ-019,WBM,53.5,10.4,730.0,0
2026-05-30 00:00:00,PZ-004,EQ-019,WBM,40.2,12.0,677.9,0
2026-05-30 06:00:00,PZ-004,EQ-019,OBM,53.6,12.3,308.3,0
2026-05-30 12:00:00,PZ-004,EQ-019,WBM,68.1,10.5,532.9,0
2026-05-30 18:00:00,PZ-004,EQ-019,OBM,64.7,10.2,823.5,0
2026-05-31 00:00:00,PZ-004,EQ-019,WBM,81.5,13.2,664.5,0
2026-05-31 06:00:00,PZ-004,EQ-019,WBM,56.5,11.8,448.6,0
2026-05-31 12:00:00,PZ-004,EQ-019,WBM,68.8,15.6,687.1,0
2026-05-31 18:00:00,PZ-004,EQ-019,WBM,44.7,11.0,521.5,0
2026-06-01 00:00:00,PZ-004,EQ-019,OBM,76.4,10.9,751.2,0
2026-06-01 06:00:00,PZ-004,EQ-019,WBM,60.8,12.9,719.9,0
2026-06-01 12:00:00,PZ-004,EQ-019,WBM,44.2,9.8,822.5,0
2026-06-01 18:00:00,PZ-004,EQ-019,OBM,53.6,10.3,839.5,0
2026-06-02 00:00:00,PZ-004,EQ-019,WBM,73.9,11.0,800.1,0
2026-06-02 06:00:00,PZ-004,EQ-019,OBM,40.1,12.7,484.6,0
2026-06-02 12:00:00,PZ-004,EQ-019,OBM,69.4,9.2,680.3,0
2026-06-02 18:00:00,PZ-004,EQ-019,WBM,67.3,9.6,845.0,0
2026-06-03 00:00:00,PZ-004,EQ-019,OBM,52.0,9.3,838.3,0
2026-06-03 06:00:00,PZ-004,EQ-019,OBM,48.9,11.6,681.5,0
2026-06-03 12:00:00,PZ-004,EQ-019,WBM,51.7,14.4,395.4,0
2026-06-03 18:00:00,PZ-004,EQ-019,WBM,62.6,14.4,829.0,0
2026-06-04 00:00:00,PZ-004,EQ-019,WBM,58.1,9.4,482.2,0
2026-06-04 06:00:00,PZ-004,EQ-019,WBM,68.4,15.8,775.3,0
2026-06-04 12:00:00,PZ-004,EQ-019,OBM,58.9,15.0,846.6,0
2026-06-04 18:00:00,PZ-004,EQ-019,OBM,44.4,15.7,773.0,0
2026-06-05 00:00:00,PZ-004,EQ-019,WBM,60.1,9.8,815.8,0
2026-06-05 06:00:00,PZ-004,EQ-019,WBM,71.3,10.4,516.1,0
2026-06-05 12:00:00,PZ-004,EQ-019,WBM,53.9,11.4,735.1,0
2026-06-05 18:00:00,PZ-004,EQ-019,OBM,65.6,14.5,805.4,0
2026-06-06 00:00:00,PZ-004,EQ-019,WBM,42.5,11.8,430.6,0
2026-06-06 06:00:00,PZ-004,EQ-019,OBM,61.9,11.3,383.9,0
2026-06-06 12:00:00,PZ-004,EQ-019,OBM,41.4,15.4,626.8,0
2026-06-06 18:00:00,PZ-004,EQ-019,WBM,58.6,15.1,833.4,0
2026-06-07 00:00:00,PZ-004,EQ-019,OBM,51.6,11.7,601.2,0
2026-06-07 06:00:00,PZ-004,EQ-019,WBM,45.9,13.2,769.2,0
2026-06-07 12:00:00,PZ-004,EQ-019,WBM,84.0,16.0,723.9,0
2026-06-07 18:00:00,PZ-004,EQ-019,OBM,51.6,10.1,604.9,0
2026-06-08 00:00:00,PZ-004,EQ-019,OBM,44.8,9.4,780.6,0
2026-06-08 06:00:00,PZ-004,EQ-019,WBM,65.3,10.6,820.8,0
2026-06-08 12:00:00,PZ-004,EQ-019,OBM,48.4,14.9,608.2,0
2026-06-08 18:00:00,PZ-004,EQ-019,OBM,82.5,13.8,498.0,0
2026-06-09 00:00:00,PZ-004,EQ-019,WBM,76.6,14.5,697.6,0
2026-06-09 06:00:00,PZ-004,EQ-019,WBM,84.8,10.1,627.9,0
2026-06-09 12:00:00,PZ-004,EQ-019,WBM,65.2,14.9,507.3,0
2026-06-09 18:00:00,PZ-004,EQ-019,OBM,74.5,11.1,679.8,0
2026-06-10 00:00:00,PZ-004,EQ-019,WBM,61.3,14.5,486.0,0
2026-06-10 06:00:00,PZ-004,EQ-019,OBM,68.1,12.6,480.7,0
2026-06-10 12:00:00,PZ-004,EQ-019,OBM,46.9,11.4,667.8,0
2026-06-10 18:00:00,PZ-004,EQ-019,OBM,69.4,12.3,655.2,0
2026-06-11 00:00:00,PZ-004,EQ-019,WBM,81.7,15.5,698.1,0
2026-06-11 06:00:00,PZ-004,EQ-019,OBM,71.0,12.6,711.7,0
2026-06-11 12:00:00,PZ-004,EQ-019,WBM,75.8,15.6,781.8,0
2026-06-11 18:00:00,PZ-004,EQ-019,WBM,56.6,9.4,651.9,0
2026-06-12 00:00:00,PZ-004,EQ-019,OBM,84.1,11.8,468.7,0
2026-06-12 06:00:00,PZ-004,EQ-019,WBM,63.3,14.2,610.5,0
2026-06-12 12:00:00,PZ-004,EQ-019,WBM,66.8,13.6,454.4,0
2026-06-12 18:00:00,PZ-004,EQ-019,OBM,40.9,15.2,361.1,0
2026-06-13 00:00:00,PZ-004,EQ-019,WBM,62.6,11.3,542.1,0
2026-06-13 06:00:00,PZ-004,EQ-019,WBM,44.4,10.6,686.8,0
2026-06-13 12:00:00,PZ-004,EQ-019,WBM,51.8,16.0,722.3,0
2026-06-13 18:00:00,PZ-004,EQ-019,WBM,42.7,14.0,405.5,0
2026-06-14 00:00:00,PZ-004,EQ-019,WBM,48.0,9.8,626.8,0
2026-06-14 06:00:00,PZ-004,EQ-019,WBM,52.4,13.6,515.8,0
2026-06-14 12:00:00,PZ-004,EQ-019,OBM,41.5,11.7,701.0,0
2026-06-14 18:00:00,PZ-004,EQ-019,WBM,55.1,15.1,823.6,0
2026-06-15 00:00:00,PZ-004,EQ-019,WBM,61.0,10.7,392.5,0
2026-06-15 06:00:00,PZ-004,EQ-019,OBM,50.0,15.4,392.5,0
2026-06-15 12:00:00,PZ-004,EQ-019,OBM,49.6,11.1,328.3,0
2026-06-15 18:00:00,PZ-004,EQ-019,OBM,42.9,14.8,613.1,0
2026-06-16 00:00:00,PZ-004,EQ-019,OBM,59.5,10.0,531.2,0
2026-06-16 06:00:00,PZ-004,EQ-019,OBM,40.2,9.7,805.3,0
2026-06-16 12:00:00,PZ-004,EQ-019,WBM,75.7,15.0,416.2,0
2026-06-16 18:00:00,PZ-004,EQ-019,OBM,73.5,14.5,663.5,0
2026-06-17 00:00:00,PZ-004,EQ-019,OBM,50.3,15.4,497.8,0
2026-06-17 06:00:00,PZ-004,EQ-019,OBM,59.6,9.4,822.3,0
2026-06-17 12:00:00,PZ-004,EQ-019,WBM,66.8,9.8,761.0,0
2026-06-17 18:00:00,PZ-004,EQ-019,OBM,81.2,13.2,663.0,0
2026-06-18 00:00:00,PZ-004,EQ-019,WBM,55.8,15.2,617.1,0
2026-06-18 06:00:00,PZ-004,EQ-019,OBM,53.8,9.6,478.0,0
2026-06-18 12:00:00,PZ-004,EQ-019,OBM,75.4,14.4,366.0,0
2026-06-18 18:00:00,PZ-004,EQ-019,WBM,53.5,9.5,384.4,0
2026-06-19 00:00:00,PZ-004,EQ-019,OBM,55.4,12.7,443.7,0
2026-06-19 06:00:00,PZ-004,EQ-019,WBM,80.6,10.7,750.5,0
2026-06-19 12:00:00,PZ-004,EQ-019,OBM,81.8,10.1,365.6,0
2026-06-19 18:00:00,PZ-004,EQ-019,OBM,41.6,10.7,533.6,0
2026-06-20 00:00:00,PZ-004,EQ-019,WBM,60.2,11.4,350.6,0
2026-06-20 06:00:00,PZ-004,EQ-019,OBM,76.6,13.9,331.8,0
2026-06-20 12:00:00,PZ-004,EQ-019,OBM,53.9,12.5,658.6,0
2026-06-20 18:00:00,PZ-004,EQ-019,OBM,69.7,11.6,456.4,0
2026-06-21 00:00:00,PZ-004,EQ-019,WBM,59.4,14.4,381.5,0
2026-06-21 06:00:00,PZ-004,EQ-019,OBM,62.7,12.0,777.1,0
2026-06-21 12:00:00,PZ-004,EQ-019,WBM,64.4,11.2,502.4,0
2026-06-21 18:00:00,PZ-004,EQ-019,OBM,83.6,14.4,585.0,0
2026-06-22 00:00:00,PZ-004,EQ-019,OBM,64.5,15.6,316.6,0
2026-06-22 06:00:00,PZ-004,EQ-019,WBM,42.6,12.0,817.2,0
2026-06-22 12:00:00,PZ-004,EQ-019,OBM,57.3,12.7,467.3,0
2026-06-22 18:00:00,PZ-004,EQ-019,OBM,65.1,11.9,764.7,0
2026-06-23 00:00:00,PZ-004,EQ-019,OBM,84.0,15.8,303.5,0
2026-06-23 06:00:00,PZ-004,EQ-019,WBM,53.1,13.2,545.5,0
2026-06-23 12:00:00,PZ-004,EQ-019,WBM,81.7,13.0,676.2,0
2026-06-23 18:00:00,PZ-004,EQ-019,OBM,84.4,13.3,676.2,0
2026-06-24 00:00:00,PZ-004,EQ-019,WBM,48.7,11.8,675.5,0
2026-06-24 06:00:00,PZ-004,EQ-019,OBM,58.4,12.7,773.1,0
2026-06-24 12:00:00,PZ-004,EQ-019,OBM,70.0,10.4,703.8,0
2026-06-24 18:00:00,PZ-004,EQ-019,OBM,61.7,15.6,819.4,0
2026-06-25 00:00:00,PZ-004,EQ-019,OBM,41.7,11.8,792.2,0
2026-06-25 06:00:00,PZ-004,EQ-019,OBM,74.8,10.5,629.9,0
2026-06-25 12:00:00,PZ-004,EQ-019,OBM,72.5,15.6,445.2,0
2026-06-25 18:00:00,PZ-004,EQ-019,OBM,71.3,12.0,819.5,0
2026-06-26 00:00:00,PZ-004,EQ-019,WBM,70.6,9.9,477.5,0
2026-06-26 06:00:00,PZ-004,EQ-019,OBM,55.6,10.1,734.9,0
2026-06-26 12:00:00,PZ-004,EQ-019,OBM,79.9,12.8,690.4,0
2026-06-26 18:00:00,PZ-004,EQ-019,OBM,72.7,11.1,678.7,0
2026-06-27 00:00:00,PZ-004,EQ-019,OBM,72.1,11.2,693.0,0
2026-06-27 06:00:00,PZ-004,EQ-019,WBM,70.1,15.2,470.5,0
2026-06-27 12:00:00,PZ-004,EQ-019,WBM,77.0,9.4,304.0,0
2026-06-27 18:00:00,PZ-004,EQ-019,OBM,64.0,13.2,763.2,0
2026-06-28 00:00:00,PZ-004,EQ-019,WBM,68.9,11.8,317.7,0
2026-06-28 06:00:00,PZ-004,EQ-019,WBM,40.9,10.2,419.7,0
2026-06-28 12:00:00,PZ-004,EQ-019,WBM,56.3,14.3,744.2,0
2026-06-28 18:00:00,PZ-004,EQ-019,OBM,64.4,12.9,824.4,0
2026-06-29 00:00:00,PZ-004,EQ-019,OBM,61.1,14.1,334.5,0
2026-06-29 06:00:00,PZ-004,EQ-019,OBM,62.6,11.0,301.9,0
2026-06-29 12:00:00,PZ-004,EQ-019,WBM,64.4,9.6,834.6,0
2026-06-29 18:00:00,PZ-004,EQ-019,WBM,63.6,9.5,767.7,0
2026-06-30 00:00:00,PZ-004,EQ-019,WBM,47.3,11.5,615.3,0
2026-06-30 06:00:00,PZ-004,EQ-019,OBM,71.7,14.2,520.5,0
2026-06-30 12:00:00,PZ-004,EQ-019,WBM,63.1,9.5,434.3,0
2026-06-30 18:00:00,PZ-004,EQ-019,OBM,44.3,10.4,845.5,0
2026-07-01 00:00:00,PZ-004,EQ-019,WBM,43.8,13.9,579.5,0
2026-07-01 06:00:00,PZ-004,EQ-019,OBM,63.7,13.0,847.2,0
2026-07-01 12:00:00,PZ-004,EQ-019,OBM,77.9,11.9,784.5,0
2026-07-01 18:00:00,PZ-004,EQ-019,OBM,66.8,10.5,616.9,0
2026-07-02 00:00:00,PZ-004,EQ-019,WBM,69.4,15.6,623.7,0
2026-07-02 06:00:00,PZ-004,EQ-019,WBM,69.4,14.1,322.9,0
2026-07-02 12:00:00,PZ-004,EQ-019,OBM,59.8,11.8,806.2,0
2026-07-02 18:00:00,PZ-004,EQ-019,OBM,75.7,10.5,405.7,0
2026-07-03 00:00:00,PZ-004,EQ-019,OBM,70.9,11.0,787.6,0
2026-07-03 06:00:00,PZ-004,EQ-019,WBM,48.1,14.0,693.4,0
2026-07-03 12:00:00,PZ-004,EQ-019,WBM,79.3,15.7,411.3,0
2026-07-03 18:00:00,PZ-004,EQ-019,OBM,54.7,10.3,837.6,0
2026-07-04 00:00:00,PZ-004,EQ-019,WBM,73.4,13.3,676.5,0
2026-07-04 06:00:00,PZ-004,EQ-019,OBM,55.4,11.2,535.7,0
2026-07-04 12:00:00,PZ-004,EQ-019,OBM,60.5,9.6,816.1,0
2026-07-04 18:00:00,PZ-004,EQ-019,WBM,79.0,12.9,494.0,0
2026-07-05 00:00:00,PZ-004,EQ-019,OBM,54.9,15.1,673.2,0
2026-07-05 06:00:00,PZ-004,EQ-019,OBM,42.8,11.2,517.9,0
2026-07-05 12:00:00,PZ-004,EQ-019,WBM,80.0,13.6,451.3,0
2026-07-05 18:00:00,PZ-004,EQ-019,OBM,55.1,9.2,603.1,0
2026-07-06 00:00:00,PZ-004,EQ-019,OBM,44.0,12.0,539.0,0
2026-07-06 06:00:00,PZ-004,EQ-019,WBM,49.2,10.4,629.4,0
2026-07-06 12:00:00,PZ-004,EQ-019,WBM,40.8,14.9,834.4,0
2026-07-06 18:00:00,PZ-004,EQ-019,OBM,45.5,12.3,551.5,0
2026-07-07 00:00:00,PZ-004,EQ-019,WBM,62.4,9.5,321.1,0
2026-07-07 06:00:00,PZ-004,EQ-019,WBM,52.5,10.2,438.6,0
2026-07-07 12:00:00,PZ-004,EQ-019,WBM,53.2,11.8,709.3,0
2026-07-07 18:00:00,PZ-004,EQ-019,OBM,61.4,12.2,369.1,0
2026-07-08 00:00:00,PZ-004,EQ-019,OBM,78.1,10.6,520.6,0
2026-07-08 06:00:00,PZ-004,EQ-019,OBM,52.9,13.2,383.7,0
2026-07-08 12:00:00,PZ-004,EQ-019,WBM,76.4,11.8,617.8,0
2026-07-08 18:00:00,PZ-004,EQ-019,OBM,74.2,11.5,622.0,0
2026-07-09 00:00:00,PZ-004,EQ-019,WBM,64.0,13.5,606.6,0
2026-07-09 06:00:00,PZ-004,EQ-019,OBM,80.6,11.7,595.3,0
2026-07-09 12:00:00,PZ-004,EQ-019,OBM,60.0,14.4,782.5,0
2026-07-09 18:00:00,PZ-004,EQ-019,WBM,60.9,10.5,474.5,0
2026-07-10 00:00:00,PZ-004,EQ-019,WBM,63.2,13.5,781.2,0
2026-07-10 06:00:00,PZ-004,EQ-019,WBM,58.3,10.6,482.6,0
2026-07-10 12:00:00,PZ-004,EQ-019,WBM,60.0,11.2,342.4,0
2026-07-10 18:00:00,PZ-004,EQ-019,OBM,78.4,14.2,596.6,0
2026-07-11 00:00:00,PZ-004,EQ-019,WBM,75.1,12.0,712.7,0
2026-07-11 06:00:00,PZ-004,EQ-019,OBM,65.6,9.1,585.6,0
2026-07-11 12:00:00,PZ-004,EQ-019,WBM,60.1,11.2,412.4,0
2026-07-11 18:00:00,PZ-004,EQ-019,WBM,53.5,9.8,346.4,0
2026-07-12 00:00:00,PZ-004,EQ-019,OBM,77.3,10.6,699.2,0
2026-07-12 06:00:00,PZ-004,EQ-019,WBM,80.5,16.0,689.8,0
2026-07-12 12:00:00,PZ-004,EQ-019,OBM,44.9,11.1,694.5,0
2026-07-12 18:00:00,PZ-004,EQ-019,WBM,40.3,13.0,832.8,0
2026-07-13 00:00:00,PZ-004,EQ-019,WBM,60.8,13.2,740.8,0
2026-07-13 06:00:00,PZ-004,EQ-019,WBM,48.5,15.3,429.9,0
2026-07-13 12:00:00,PZ-004,EQ-019,WBM,72.4,9.5,414.1,0
2026-07-13 18:00:00,PZ-004,EQ-019,OBM,55.9,13.0,479.0,0
2026-07-14 00:00:00,PZ-004,EQ-019,OBM,71.7,12.0,782.1,0
2026-07-14 06:00:00,PZ-004,EQ-019,WBM,65.1,12.6,585.0,0
2026-07-14 12:00:00,PZ-004,EQ-019,OBM,79.8,13.3,311.9,0
2026-07-14 18:00:00,PZ-004,EQ-019,OBM,42.2,9.9,606.0,0
2026-07-15 00:00:00,PZ-004,EQ-019,OBM,83.9,10.2,413.4,0
2026-07-15 06:00:00,PZ-004,EQ-019,WBM,76.9,10.4,592.4,0
2026-07-15 12:00:00,PZ-004,EQ-019,OBM,66.4,15.6,545.1,0
2026-07-15 18:00:00,PZ-004,EQ-019,OBM,81.2,11.0,602.4,0
2026-07-16 00:00:00,PZ-004,EQ-019,WBM,65.8,14.6,605.9,0
2026-07-16 06:00:00,PZ-004,EQ-019,WBM,50.7,15.9,519.6,0
2026-07-16 12:00:00,PZ-004,EQ-019,OBM,45.2,10.4,579.9,0
2026-07-16 18:00:00,PZ-004,EQ-019,OBM,79.0,15.6,369.2,0
2026-07-17 00:00:00,PZ-004,EQ-019,WBM,67.0,12.9,669.2,0
2026-07-17 06:00:00,PZ-004,EQ-019,WBM,64.6,9.6,739.9,0
2026-07-17 12:00:00,PZ-004,EQ-019,WBM,73.3,12.8,429.8,0
2026-07-17 18:00:00,PZ-004,EQ-019,WBM,67.2,9.3,759.9,0
2026-07-18 00:00:00,PZ-004,EQ-019,WBM,51.1,13.7,743.3,0
2026-07-18 06:00:00,PZ-004,EQ-019,OBM,80.1,11.7,344.8,0
2026-07-18 12:00:00,PZ-004,EQ-019,WBM,42.2,11.9,366.8,0
2026-07-18 18:00:00,PZ-004,EQ-019,WBM,77.2,10.2,376.3,0
2026-07-19 00:00:00,PZ-004,EQ-019,OBM,45.2,13.1,346.7,0
2026-07-19 06:00:00,PZ-004,EQ-019,OBM,68.3,13.8,330.5,0
2026-07-19 12:00:00,PZ-004,EQ-019,WBM,52.3,14.3,539.5,0
2026-07-19 18:00:00,PZ-004,EQ-019,OBM,84.7,12.2,581.5,0
2026-07-20 00:00:00,PZ-004,EQ-019,WBM,56.7,15.8,663.2,0
2026-07-20 06:00:00,PZ-004,EQ-019,WBM,58.8,10.3,773.1,0
2026-07-20 12:00:00,PZ-004,EQ-019,OBM,42.4,13.4,565.1,0
2026-07-20 18:00:00,PZ-004,EQ-019,WBM,63.1,12.9,829.6,0
2026-07-21 00:00:00,PZ-004,EQ-019,OBM,61.6,10.5,666.1,0
2026-07-21 06:00:00,PZ-004,EQ-019,WBM,68.2,12.3,679.0,0
2026-07-21 12:00:00,PZ-004,EQ-019,OBM,57.6,9.4,571.6,0
2026-07-21 18:00:00,PZ-004,EQ-019,WBM,54.9,9.6,618.9,0
2026-07-22 00:00:00,PZ-004,EQ-019,OBM,52.0,11.6,678.9,0
2026-07-22 06:00:00,PZ-004,EQ-019,OBM,63.4,13.7,592.6,0
2026-07-22 12:00:00,PZ-004,EQ-019,OBM,57.4,11.0,688.1,0
2026-07-22 18:00:00,PZ-004,EQ-019,WBM,71.8,12.0,466.1,0
2026-07-23 00:00:00,PZ-004,EQ-019,OBM,55.8,14.3,473.1,0
2026-07-23 06:00:00,PZ-004,EQ-019,OBM,74.5,16.0,377.3,0
2026-07-23 12:00:00,PZ-004,EQ-019,OBM,66.6,14.5,325.8,0
2026-07-23 18:00:00,PZ-004,EQ-019,OBM,42.7,12.8,434.7,0
2026-07-24 00:00:00,PZ-004,EQ-019,WBM,46.6,9.7,335.9,0
2026-07-24 06:00:00,PZ-004,EQ-019,OBM,63.0,10.5,489.1,0
2026-07-24 12:00:00,PZ-004,EQ-019,OBM,58.9,13.7,487.0,0
2026-07-24 18:00:00,PZ-004,EQ-019,OBM,42.2,15.4,397.9,0
2026-07-25 00:00:00,PZ-004,EQ-019,OBM,51.1,9.2,569.5,0
2026-07-25 06:00:00,PZ-004,EQ-019,OBM,76.8,12.6,654.8,0
2026-07-25 12:00:00,PZ-004,EQ-019,OBM,71.0,15.8,550.9,0
2026-07-25 18:00:00,PZ-004,EQ-019,WBM,77.8,9.9,704.8,0
2026-07-26 00:00:00,PZ-004,EQ-019,OBM,72.9,13.6,787.8,0
2026-07-26 06:00:00,PZ-004,EQ-019,WBM,81.8,9.4,719.4,0
2026-07-26 12:00:00,PZ-004,EQ-019,OBM,77.6,13.5,551.6,0
2026-07-26 18:00:00,PZ-004,EQ-019,OBM,55.0,9.7,610.3,0
2026-07-27 00:00:00,PZ-004,EQ-019,OBM,50.5,11.7,834.9,0
2026-07-27 06:00:00,PZ-004,EQ-019,OBM,75.1,10.1,556.8,0
2026-07-27 12:00:00,PZ-004,EQ-019,WBM,41.5,11.9,533.8,0
2026-07-27 18:00:00,PZ-004,EQ-019,WBM,81.3,10.8,613.0,0
2026-07-28 00:00:00,PZ-004,EQ-019,OBM,69.4,10.1,378.6,0
2026-07-28 06:00:00,PZ-004,EQ-019,WBM,57.7,11.8,408.0,0
2026-07-28 12:00:00,PZ-004,EQ-019,WBM,40.5,14.6,826.6,0
2026-07-28 18:00:00,PZ-004,EQ-019,WBM,82.9,14.2,790.1,0
2026-07-29 00:00:00,PZ-004,EQ-019,OBM,81.9,12.2,669.7,0
2026-07-29 06:00:00,PZ-004,EQ-019,OBM,83.9,11.3,436.1,0
2026-07-29 12:00:00,PZ-004,EQ-019,OBM,53.2,9.3,775.9,0
2026-07-29 18:00:00,PZ-004,EQ-019,OBM,65.0,11.2,371.4,0
2026-07-30 00:00:00,PZ-004,EQ-019,WBM,67.1,12.0,377.8,0
2026-07-30 06:00:00,PZ-004,EQ-019,OBM,83.9,12.7,371.3,0
2026-07-30 12:00:00,PZ-004,EQ-019,OBM,82.9,12.7,496.4,0
2026-07-30 18:00:00,PZ-004,EQ-019,OBM,40.7,12.3,301.3,0
2026-07-31 00:00:00,PZ-004,EQ-019,OBM,44.9,14.7,595.0,0
2026-05-01 00:00:00,PZ-004,EQ-020,WBM,77.0,11.5,751.6,0
2026-05-01 06:00:00,PZ-004,EQ-020,WBM,74.4,13.5,468.8,0
2026-05-01 12:00:00,PZ-004,EQ-020,WBM,78.2,13.9,366.6,0
2026-05-01 18:00:00,PZ-004,EQ-020,OBM,67.9,12.7,501.5,0
2026-05-02 00:00:00,PZ-004,EQ-020,OBM,73.9,14.1,405.9,0
2026-05-02 06:00:00,PZ-004,EQ-020,WBM,74.1,10.5,568.0,0
2026-05-02 12:00:00,PZ-004,EQ-020,OBM,80.0,11.0,423.4,0
2026-05-02 18:00:00,PZ-004,EQ-020,WBM,69.9,15.7,793.1,0
2026-05-03 00:00:00,PZ-004,EQ-020,OBM,63.8,11.4,379.4,0
2026-05-03 06:00:00,PZ-004,EQ-020,WBM,67.4,13.2,484.2,0
2026-05-03 12:00:00,PZ-004,EQ-020,OBM,60.8,14.1,309.1,0
2026-05-03 18:00:00,PZ-004,EQ-020,WBM,45.1,10.3,677.6,0
2026-05-04 00:00:00,PZ-004,EQ-020,WBM,41.4,13.9,594.9,0
2026-05-04 06:00:00,PZ-004,EQ-020,OBM,64.9,9.1,761.2,0
2026-05-04 12:00:00,PZ-004,EQ-020,WBM,75.2,10.3,305.5,0
2026-05-04 18:00:00,PZ-004,EQ-020,OBM,55.7,14.7,314.5,0
2026-05-05 00:00:00,PZ-004,EQ-020,WBM,73.2,11.2,725.1,0
2026-05-05 06:00:00,PZ-004,EQ-020,OBM,54.3,10.3,749.2,0
2026-05-05 12:00:00,PZ-004,EQ-020,OBM,41.5,14.5,457.8,0
2026-05-05 18:00:00,PZ-004,EQ-020,OBM,45.3,11.1,697.9,0
2026-05-06 00:00:00,PZ-004,EQ-020,OBM,54.0,11.8,354.9,0
2026-05-06 06:00:00,PZ-004,EQ-020,WBM,42.2,10.4,524.9,0
2026-05-06 12:00:00,PZ-004,EQ-020,WBM,43.6,11.2,709.9,0
2026-05-06 18:00:00,PZ-004,EQ-020,OBM,46.3,10.5,454.2,0
2026-05-07 00:00:00,PZ-004,EQ-020,OBM,60.0,12.4,386.8,0
2026-05-07 06:00:00,PZ-004,EQ-020,OBM,59.4,15.1,798.0,0
2026-05-07 12:00:00,PZ-004,EQ-020,WBM,41.2,13.1,419.9,0
2026-05-07 18:00:00,PZ-004,EQ-020,OBM,77.7,12.9,737.9,0
2026-05-08 00:00:00,PZ-004,EQ-020,OBM,70.0,13.2,493.8,0
2026-05-08 06:00:00,PZ-004,EQ-020,WBM,77.6,11.8,722.0,0
2026-05-08 12:00:00,PZ-004,EQ-020,OBM,63.7,11.3,330.1,0
2026-05-08 18:00:00,PZ-004,EQ-020,WBM,55.9,11.4,383.1,0
2026-05-09 00:00:00,PZ-004,EQ-020,WBM,75.0,10.7,458.0,0
2026-05-09 06:00:00,PZ-004,EQ-020,WBM,59.5,9.6,534.9,0
2026-05-09 12:00:00,PZ-004,EQ-020,WBM,69.7,14.4,495.8,0
2026-05-09 18:00:00,PZ-004,EQ-020,OBM,75.4,13.5,320.9,0
2026-05-10 00:00:00,PZ-004,EQ-020,OBM,55.9,12.1,458.1,0
2026-05-10 06:00:00,PZ-004,EQ-020,WBM,51.1,14.0,376.1,0
2026-05-10 12:00:00,PZ-004,EQ-020,WBM,65.9,11.3,562.9,0
2026-05-10 18:00:00,PZ-004,EQ-020,WBM,78.5,12.9,665.8,0
2026-05-11 00:00:00,PZ-004,EQ-020,OBM,45.8,15.8,739.6,0
2026-05-11 06:00:00,PZ-004,EQ-020,OBM,47.6,15.9,694.3,0
2026-05-11 12:00:00,PZ-004,EQ-020,OBM,72.0,13.3,533.2,0
2026-05-11 18:00:00,PZ-004,EQ-020,WBM,81.7,10.6,829.3,0
2026-05-12 00:00:00,PZ-004,EQ-020,WBM,40.6,15.3,357.4,0
2026-05-12 06:00:00,PZ-004,EQ-020,OBM,75.6,14.9,802.8,0
2026-05-12 12:00:00,PZ-004,EQ-020,OBM,66.2,12.9,307.1,0
2026-05-12 18:00:00,PZ-004,EQ-020,WBM,77.3,12.9,843.0,0
2026-05-13 00:00:00,PZ-004,EQ-020,OBM,64.6,15.5,446.3,0
2026-05-13 06:00:00,PZ-004,EQ-020,OBM,63.5,11.2,842.6,0
2026-05-13 12:00:00,PZ-004,EQ-020,OBM,51.7,9.0,843.3,0
2026-05-13 18:00:00,PZ-004,EQ-020,OBM,77.8,14.7,552.5,0
2026-05-14 00:00:00,PZ-004,EQ-020,WBM,58.4,10.8,546.4,0
2026-05-14 06:00:00,PZ-004,EQ-020,OBM,77.4,10.8,825.8,0
2026-05-14 12:00:00,PZ-004,EQ-020,OBM,80.4,9.5,632.7,0
2026-05-14 18:00:00,PZ-004,EQ-020,OBM,44.1,14.8,556.6,0
2026-05-15 00:00:00,PZ-004,EQ-020,WBM,68.8,9.3,735.1,0
2026-05-15 06:00:00,PZ-004,EQ-020,WBM,61.3,13.7,827.5,0
2026-05-15 12:00:00,PZ-004,EQ-020,OBM,54.6,12.7,363.6,0
2026-05-15 18:00:00,PZ-004,EQ-020,OBM,78.2,16.0,842.4,0
2026-05-16 00:00:00,PZ-004,EQ-020,WBM,52.4,10.4,382.6,0
2026-05-16 06:00:00,PZ-004,EQ-020,OBM,66.5,15.1,827.7,0
2026-05-16 12:00:00,PZ-004,EQ-020,OBM,42.4,12.4,502.6,0
2026-05-16 18:00:00,PZ-004,EQ-020,OBM,60.0,14.7,777.9,0
2026-05-17 00:00:00,PZ-004,EQ-020,OBM,45.0,13.0,450.9,0
2026-05-17 06:00:00,PZ-004,EQ-020,WBM,68.6,13.1,421.1,0
2026-05-17 12:00:00,PZ-004,EQ-020,OBM,75.7,12.5,382.0,0
2026-05-17 18:00:00,PZ-004,EQ-020,WBM,72.9,13.2,695.0,0
2026-05-18 00:00:00,PZ-004,EQ-020,OBM,61.6,9.6,343.9,0
2026-05-18 06:00:00,PZ-004,EQ-020,OBM,52.6,14.3,374.7,0
2026-05-18 12:00:00,PZ-004,EQ-020,OBM,46.8,10.0,557.3,0
2026-05-18 18:00:00,PZ-004,EQ-020,WBM,62.5,9.6,432.7,0
2026-05-19 00:00:00,PZ-004,EQ-020,OBM,72.8,9.5,732.7,0
2026-05-19 06:00:00,PZ-004,EQ-020,OBM,58.9,15.0,674.0,0
2026-05-19 12:00:00,PZ-004,EQ-020,OBM,76.2,9.0,563.4,0
2026-05-19 18:00:00,PZ-004,EQ-020,WBM,76.2,15.6,433.1,0
2026-05-20 00:00:00,PZ-004,EQ-020,OBM,55.1,13.7,572.3,0
2026-05-20 06:00:00,PZ-004,EQ-020,WBM,77.3,10.7,330.1,0
2026-05-20 12:00:00,PZ-004,EQ-020,WBM,72.1,9.6,831.5,0
2026-05-20 18:00:00,PZ-004,EQ-020,WBM,61.6,15.2,697.4,0
2026-05-21 00:00:00,PZ-004,EQ-020,OBM,64.4,13.9,614.5,0
2026-05-21 06:00:00,PZ-004,EQ-020,OBM,57.0,15.9,821.3,0
2026-05-21 12:00:00,PZ-004,EQ-020,OBM,57.7,13.1,450.0,0
2026-05-21 18:00:00,PZ-004,EQ-020,OBM,64.1,15.1,738.5,0
2026-05-22 00:00:00,PZ-004,EQ-020,WBM,47.3,11.4,467.9,0
2026-05-22 06:00:00,PZ-004,EQ-020,OBM,44.8,10.5,733.1,0
2026-05-22 12:00:00,PZ-004,EQ-020,WBM,48.3,15.1,797.0,0
2026-05-22 18:00:00,PZ-004,EQ-020,OBM,60.9,9.8,309.4,0
2026-05-23 00:00:00,PZ-004,EQ-020,OBM,54.4,13.5,579.4,0
2026-05-23 06:00:00,PZ-004,EQ-020,WBM,43.6,14.5,750.5,0
2026-05-23 12:00:00,PZ-004,EQ-020,WBM,51.9,15.7,424.3,0
2026-05-23 18:00:00,PZ-004,EQ-020,OBM,51.8,15.7,616.1,0
2026-05-24 00:00:00,PZ-004,EQ-020,OBM,72.5,14.8,632.7,0
2026-05-24 06:00:00,PZ-004,EQ-020,WBM,49.9,12.0,558.8,0
2026-05-24 12:00:00,PZ-004,EQ-020,WBM,46.2,15.0,715.7,0
2026-05-24 18:00:00,PZ-004,EQ-020,WBM,50.6,9.3,559.7,0
2026-05-25 00:00:00,PZ-004,EQ-020,OBM,70.7,10.0,842.9,0
2026-05-25 06:00:00,PZ-004,EQ-020,OBM,49.7,15.3,560.7,0
2026-05-25 12:00:00,PZ-004,EQ-020,OBM,49.5,15.4,769.9,0
2026-05-25 18:00:00,PZ-004,EQ-020,WBM,62.3,10.0,448.4,0
2026-05-26 00:00:00,PZ-004,EQ-020,WBM,74.5,10.4,776.6,0
2026-05-26 06:00:00,PZ-004,EQ-020,OBM,74.9,10.7,689.2,0
2026-05-26 12:00:00,PZ-004,EQ-020,OBM,56.4,14.5,645.6,0
2026-05-26 18:00:00,PZ-004,EQ-020,OBM,51.0,10.6,512.5,0
2026-05-27 00:00:00,PZ-004,EQ-020,WBM,58.3,12.5,439.7,0
2026-05-27 06:00:00,PZ-004,EQ-020,WBM,78.3,12.1,695.0,0
2026-05-27 12:00:00,PZ-004,EQ-020,OBM,83.2,13.7,751.2,0
2026-05-27 18:00:00,PZ-004,EQ-020,OBM,55.8,12.4,403.4,0
2026-05-28 00:00:00,PZ-004,EQ-020,OBM,68.0,15.1,467.7,0
2026-05-28 06:00:00,PZ-004,EQ-020,OBM,58.1,10.6,339.3,0
2026-05-28 12:00:00,PZ-004,EQ-020,OBM,53.1,10.0,312.5,0
2026-05-28 18:00:00,PZ-004,EQ-020,WBM,44.6,15.7,447.2,0
2026-05-29 00:00:00,PZ-004,EQ-020,OBM,77.0,11.9,454.6,0
2026-05-29 06:00:00,PZ-004,EQ-020,WBM,44.1,9.8,475.5,0
2026-05-29 12:00:00,PZ-004,EQ-020,WBM,75.4,10.6,360.9,0
2026-05-29 18:00:00,PZ-004,EQ-020,OBM,42.7,9.4,636.7,0
2026-05-30 00:00:00,PZ-004,EQ-020,WBM,50.1,15.5,614.6,0
2026-05-30 06:00:00,PZ-004,EQ-020,WBM,46.0,11.8,807.3,0
2026-05-30 12:00:00,PZ-004,EQ-020,OBM,49.4,11.9,324.8,0
2026-05-30 18:00:00,PZ-004,EQ-020,OBM,70.0,12.8,519.0,0
2026-05-31 00:00:00,PZ-004,EQ-020,WBM,64.3,9.8,539.8,0
2026-05-31 06:00:00,PZ-004,EQ-020,WBM,82.1,15.2,528.2,0
2026-05-31 12:00:00,PZ-004,EQ-020,WBM,73.8,13.8,701.2,0
2026-05-31 18:00:00,PZ-004,EQ-020,WBM,72.5,11.1,422.3,0
2026-06-01 00:00:00,PZ-004,EQ-020,WBM,59.2,10.8,791.6,0
2026-06-01 06:00:00,PZ-004,EQ-020,OBM,58.2,13.2,575.4,0
2026-06-01 12:00:00,PZ-004,EQ-020,WBM,70.8,9.8,331.5,0
2026-06-01 18:00:00,PZ-004,EQ-020,OBM,74.6,15.1,409.6,0
2026-06-02 00:00:00,PZ-004,EQ-020,OBM,47.1,14.9,574.4,0
2026-06-02 06:00:00,PZ-004,EQ-020,WBM,59.5,12.7,821.1,0
2026-06-02 12:00:00,PZ-004,EQ-020,OBM,50.2,12.9,800.1,0
2026-06-02 18:00:00,PZ-004,EQ-020,OBM,73.8,10.0,798.1,0
2026-06-03 00:00:00,PZ-004,EQ-020,OBM,76.9,13.4,652.7,0
2026-06-03 06:00:00,PZ-004,EQ-020,WBM,57.2,15.7,441.9,0
2026-06-03 12:00:00,PZ-004,EQ-020,WBM,54.5,14.0,653.7,0
2026-06-03 18:00:00,PZ-004,EQ-020,OBM,74.9,10.9,556.0,0
2026-06-04 00:00:00,PZ-004,EQ-020,WBM,66.2,10.6,335.1,0
2026-06-04 06:00:00,PZ-004,EQ-020,OBM,48.3,14.9,380.5,0
2026-06-04 12:00:00,PZ-004,EQ-020,OBM,64.0,15.0,639.3,0
2026-06-04 18:00:00,PZ-004,EQ-020,OBM,41.6,12.4,663.4,0
2026-06-05 00:00:00,PZ-004,EQ-020,OBM,79.8,12.0,474.4,0
2026-06-05 06:00:00,PZ-004,EQ-020,OBM,59.2,15.1,675.7,0
2026-06-05 12:00:00,PZ-004,EQ-020,OBM,73.2,12.5,530.6,0
2026-06-05 18:00:00,PZ-004,EQ-020,OBM,49.7,12.7,318.9,0
2026-06-06 00:00:00,PZ-004,EQ-020,WBM,45.0,15.6,724.9,0
2026-06-06 06:00:00,PZ-004,EQ-020,WBM,78.0,15.8,579.6,0
2026-06-06 12:00:00,PZ-004,EQ-020,WBM,66.5,11.8,765.1,0
2026-06-06 18:00:00,PZ-004,EQ-020,OBM,49.2,9.6,322.2,0
2026-06-07 00:00:00,PZ-004,EQ-020,WBM,84.7,14.6,681.4,0
2026-06-07 06:00:00,PZ-004,EQ-020,WBM,79.6,16.0,459.4,0
2026-06-07 12:00:00,PZ-004,EQ-020,WBM,40.5,11.6,848.6,0
2026-06-07 18:00:00,PZ-004,EQ-020,OBM,50.7,10.0,787.0,0
2026-06-08 00:00:00,PZ-004,EQ-020,WBM,53.2,10.4,632.1,0
2026-06-08 06:00:00,PZ-004,EQ-020,OBM,48.4,9.4,472.4,0
2026-06-08 12:00:00,PZ-004,EQ-020,OBM,51.4,9.1,572.8,0
2026-06-08 18:00:00,PZ-004,EQ-020,WBM,64.2,11.9,687.2,0
2026-06-09 00:00:00,PZ-004,EQ-020,WBM,80.7,13.9,320.4,0
2026-06-09 06:00:00,PZ-004,EQ-020,OBM,82.5,11.3,625.2,0
2026-06-09 12:00:00,PZ-004,EQ-020,WBM,61.2,14.3,680.1,0
2026-06-09 18:00:00,PZ-004,EQ-020,OBM,54.4,12.7,492.5,0
2026-06-10 00:00:00,PZ-004,EQ-020,OBM,42.2,9.3,335.5,0
2026-06-10 06:00:00,PZ-004,EQ-020,OBM,62.2,11.4,439.5,0
2026-06-10 12:00:00,PZ-004,EQ-020,WBM,70.5,9.7,584.3,0
2026-06-10 18:00:00,PZ-004,EQ-020,WBM,44.6,13.9,613.2,0
2026-06-11 00:00:00,PZ-004,EQ-020,WBM,75.6,11.0,361.9,0
2026-06-11 06:00:00,PZ-004,EQ-020,WBM,70.7,10.7,632.1,0
2026-06-11 12:00:00,PZ-004,EQ-020,WBM,80.0,12.5,630.1,0
2026-06-11 18:00:00,PZ-004,EQ-020,WBM,58.6,15.0,432.5,0
2026-06-12 00:00:00,PZ-004,EQ-020,OBM,82.0,16.0,719.6,0
2026-06-12 06:00:00,PZ-004,EQ-020,OBM,79.9,12.9,337.1,0
2026-06-12 12:00:00,PZ-004,EQ-020,WBM,59.9,14.1,667.2,0
2026-06-12 18:00:00,PZ-004,EQ-020,OBM,63.0,15.5,647.2,0
2026-06-13 00:00:00,PZ-004,EQ-020,OBM,68.8,15.4,496.1,0
2026-06-13 06:00:00,PZ-004,EQ-020,WBM,74.4,15.1,496.6,0
2026-06-13 12:00:00,PZ-004,EQ-020,OBM,84.3,10.4,548.6,0
2026-06-13 18:00:00,PZ-004,EQ-020,OBM,64.8,13.1,304.5,0
2026-06-14 00:00:00,PZ-004,EQ-020,WBM,63.1,12.7,625.7,0
2026-06-14 06:00:00,PZ-004,EQ-020,WBM,51.5,14.6,695.3,0
2026-06-14 12:00:00,PZ-004,EQ-020,WBM,70.0,10.1,826.3,0
2026-06-14 18:00:00,PZ-004,EQ-020,OBM,76.3,12.9,541.1,0
2026-06-15 00:00:00,PZ-004,EQ-020,OBM,68.8,10.4,635.1,0
2026-06-15 06:00:00,PZ-004,EQ-020,WBM,57.2,10.6,761.2,0
2026-06-15 12:00:00,PZ-004,EQ-020,WBM,71.3,15.3,484.4,0
2026-06-15 18:00:00,PZ-004,EQ-020,WBM,49.1,11.3,649.7,0
2026-06-16 00:00:00,PZ-004,EQ-020,WBM,46.9,10.0,746.9,0
2026-06-16 06:00:00,PZ-004,EQ-020,OBM,62.0,12.2,416.1,0
2026-06-16 12:00:00,PZ-004,EQ-020,WBM,84.6,14.7,644.4,0
2026-06-16 18:00:00,PZ-004,EQ-020,WBM,55.8,12.3,532.1,0
2026-06-17 00:00:00,PZ-004,EQ-020,OBM,43.7,11.5,373.1,0
2026-06-17 06:00:00,PZ-004,EQ-020,OBM,71.7,9.1,480.9,0
2026-06-17 12:00:00,PZ-004,EQ-020,OBM,62.5,9.5,583.6,0
2026-06-17 18:00:00,PZ-004,EQ-020,OBM,51.1,10.0,458.4,0
2026-06-18 00:00:00,PZ-004,EQ-020,WBM,79.0,11.2,558.6,0
2026-06-18 06:00:00,PZ-004,EQ-020,WBM,59.9,15.0,344.3,0
2026-06-18 12:00:00,PZ-004,EQ-020,OBM,78.5,10.4,566.4,0
2026-06-18 18:00:00,PZ-004,EQ-020,WBM,65.1,14.9,815.1,0
2026-06-19 00:00:00,PZ-004,EQ-020,WBM,52.2,10.1,536.9,0
2026-06-19 06:00:00,PZ-004,EQ-020,OBM,80.5,11.5,614.7,0
2026-06-19 12:00:00,PZ-004,EQ-020,OBM,79.2,12.3,798.8,0
2026-06-19 18:00:00,PZ-004,EQ-020,OBM,75.0,10.6,811.3,0
2026-06-20 00:00:00,PZ-004,EQ-020,OBM,67.7,13.7,360.1,0
2026-06-20 06:00:00,PZ-004,EQ-020,OBM,55.2,14.9,687.5,0
2026-06-20 12:00:00,PZ-004,EQ-020,OBM,44.0,11.9,633.9,0
2026-06-20 18:00:00,PZ-004,EQ-020,OBM,51.4,15.9,653.7,0
2026-06-21 00:00:00,PZ-004,EQ-020,OBM,67.1,14.0,639.4,0
2026-06-21 06:00:00,PZ-004,EQ-020,OBM,52.7,13.0,369.0,0
2026-06-21 12:00:00,PZ-004,EQ-020,OBM,58.2,13.7,573.8,0
2026-06-21 18:00:00,PZ-004,EQ-020,OBM,76.6,11.0,531.8,0
2026-06-22 00:00:00,PZ-004,EQ-020,WBM,79.8,14.5,505.5,0
2026-06-22 06:00:00,PZ-004,EQ-020,OBM,74.7,9.3,709.9,0
2026-06-22 12:00:00,PZ-004,EQ-020,WBM,68.6,11.1,397.5,0
2026-06-22 18:00:00,PZ-004,EQ-020,WBM,77.1,14.2,839.4,0
2026-06-23 00:00:00,PZ-004,EQ-020,WBM,56.5,14.9,518.3,0
2026-06-23 06:00:00,PZ-004,EQ-020,OBM,50.6,9.5,399.3,0
2026-06-23 12:00:00,PZ-004,EQ-020,WBM,65.8,13.3,613.5,0
2026-06-23 18:00:00,PZ-004,EQ-020,OBM,57.3,15.1,589.1,0
2026-06-24 00:00:00,PZ-004,EQ-020,WBM,71.6,11.8,458.4,0
2026-06-24 06:00:00,PZ-004,EQ-020,WBM,57.6,11.2,740.1,0
2026-06-24 12:00:00,PZ-004,EQ-020,OBM,62.5,9.6,833.3,0
2026-06-24 18:00:00,PZ-004,EQ-020,WBM,66.2,15.3,811.9,0
2026-06-25 00:00:00,PZ-004,EQ-020,OBM,52.5,15.9,433.9,0
2026-06-25 06:00:00,PZ-004,EQ-020,OBM,46.9,12.7,557.5,0
2026-06-25 12:00:00,PZ-004,EQ-020,WBM,62.6,9.3,414.3,0
2026-06-25 18:00:00,PZ-004,EQ-020,OBM,50.4,11.6,456.8,0
2026-06-26 00:00:00,PZ-004,EQ-020,WBM,50.1,11.5,810.5,0
2026-06-26 06:00:00,PZ-004,EQ-020,OBM,48.6,12.9,811.0,0
2026-06-26 12:00:00,PZ-004,EQ-020,WBM,84.9,12.5,475.8,0
2026-06-26 18:00:00,PZ-004,EQ-020,WBM,41.4,15.2,535.9,0
2026-06-27 00:00:00,PZ-004,EQ-020,OBM,68.5,13.8,818.8,0
2026-06-27 06:00:00,PZ-004,EQ-020,WBM,81.5,9.5,418.0,0
2026-06-27 12:00:00,PZ-004,EQ-020,OBM,80.7,12.2,457.4,0
2026-06-27 18:00:00,PZ-004,EQ-020,OBM,47.1,12.8,623.6,0
2026-06-28 00:00:00,PZ-004,EQ-020,OBM,44.4,13.8,312.0,0
2026-06-28 06:00:00,PZ-004,EQ-020,OBM,45.2,9.1,339.1,0
2026-06-28 12:00:00,PZ-004,EQ-020,WBM,43.1,10.8,590.9,0
2026-06-28 18:00:00,PZ-004,EQ-020,OBM,67.6,13.2,793.0,0
2026-06-29 00:00:00,PZ-004,EQ-020,OBM,68.4,12.6,547.7,0
2026-06-29 06:00:00,PZ-004,EQ-020,OBM,67.5,12.1,715.5,0
2026-06-29 12:00:00,PZ-004,EQ-020,OBM,70.9,9.5,521.1,0
2026-06-29 18:00:00,PZ-004,EQ-020,OBM,76.6,15.8,569.0,0
2026-06-30 00:00:00,PZ-004,EQ-020,OBM,43.2,15.8,717.2,0
2026-06-30 06:00:00,PZ-004,EQ-020,WBM,40.7,12.6,366.7,0
2026-06-30 12:00:00,PZ-004,EQ-020,OBM,73.9,11.0,756.0,0
2026-06-30 18:00:00,PZ-004,EQ-020,OBM,48.0,9.4,768.1,0
2026-07-01 00:00:00,PZ-004,EQ-020,OBM,81.7,12.1,463.9,0
2026-07-01 06:00:00,PZ-004,EQ-020,OBM,69.5,10.9,694.8,0
2026-07-01 12:00:00,PZ-004,EQ-020,OBM,47.3,14.3,812.9,0
2026-07-01 18:00:00,PZ-004,EQ-020,OBM,50.4,9.7,653.3,0
2026-07-02 00:00:00,PZ-004,EQ-020,OBM,83.2,10.0,506.8,0
2026-07-02 06:00:00,PZ-004,EQ-020,OBM,64.1,14.2,415.8,0
2026-07-02 12:00:00,PZ-004,EQ-020,OBM,47.3,9.8,814.2,0
2026-07-02 18:00:00,PZ-004,EQ-020,WBM,46.4,9.3,835.7,0
2026-07-03 00:00:00,PZ-004,EQ-020,OBM,83.0,12.5,584.8,0
2026-07-03 06:00:00,PZ-004,EQ-020,WBM,84.4,10.2,560.1,0
2026-07-03 12:00:00,PZ-004,EQ-020,OBM,61.8,9.2,421.9,0
2026-07-03 18:00:00,PZ-004,EQ-020,OBM,65.3,14.9,755.6,0
2026-07-04 00:00:00,PZ-004,EQ-020,OBM,52.5,15.7,342.3,0
2026-07-04 06:00:00,PZ-004,EQ-020,OBM,82.6,12.5,792.8,0
2026-07-04 12:00:00,PZ-004,EQ-020,OBM,54.2,14.6,544.7,0
2026-07-04 18:00:00,PZ-004,EQ-020,WBM,59.7,9.6,464.8,0
2026-07-05 00:00:00,PZ-004,EQ-020,WBM,50.2,11.0,381.6,0
2026-07-05 06:00:00,PZ-004,EQ-020,OBM,77.6,12.8,425.8,0
2026-07-05 12:00:00,PZ-004,EQ-020,WBM,74.0,11.7,582.5,0
2026-07-05 18:00:00,PZ-004,EQ-020,OBM,46.9,15.6,609.1,0
2026-07-06 00:00:00,PZ-004,EQ-020,OBM,69.5,14.2,752.0,0
2026-07-06 06:00:00,PZ-004,EQ-020,OBM,67.7,11.8,751.4,0
2026-07-06 12:00:00,PZ-004,EQ-020,WBM,73.1,13.5,474.7,0
2026-07-06 18:00:00,PZ-004,EQ-020,OBM,49.8,13.1,753.6,0
2026-07-07 00:00:00,PZ-004,EQ-020,OBM,43.5,14.8,737.9,0
2026-07-07 06:00:00,PZ-004,EQ-020,WBM,69.7,13.0,805.7,0
2026-07-07 12:00:00,PZ-004,EQ-020,WBM,51.5,12.0,385.5,0
2026-07-07 18:00:00,PZ-004,EQ-020,WBM,70.5,12.2,605.3,0
2026-07-08 00:00:00,PZ-004,EQ-020,OBM,53.7,10.5,790.6,0
2026-07-08 06:00:00,PZ-004,EQ-020,WBM,72.5,12.5,684.2,0
2026-07-08 12:00:00,PZ-004,EQ-020,WBM,73.3,12.1,658.9,0
2026-07-08 18:00:00,PZ-004,EQ-020,OBM,55.2,12.4,689.8,0
2026-07-09 00:00:00,PZ-004,EQ-020,WBM,64.6,9.5,686.7,0
2026-07-09 06:00:00,PZ-004,EQ-020,WBM,73.0,13.5,526.0,0
2026-07-09 12:00:00,PZ-004,EQ-020,OBM,60.9,10.3,695.0,0
2026-07-09 18:00:00,PZ-004,EQ-020,OBM,84.8,9.3,706.6,0
2026-07-10 00:00:00,PZ-004,EQ-020,OBM,72.2,12.1,496.2,0
2026-07-10 06:00:00,PZ-004,EQ-020,OBM,44.1,12.0,817.3,0
2026-07-10 12:00:00,PZ-004,EQ-020,OBM,59.4,11.6,415.2,0
2026-07-10 18:00:00,PZ-004,EQ-020,OBM,57.0,12.4,407.8,0
2026-07-11 00:00:00,PZ-004,EQ-020,OBM,56.6,11.9,310.9,0
2026-07-11 06:00:00,PZ-004,EQ-020,OBM,63.2,13.6,606.1,0
2026-07-11 12:00:00,PZ-004,EQ-020,WBM,71.2,12.8,671.2,0
2026-07-11 18:00:00,PZ-004,EQ-020,WBM,77.3,11.6,660.3,0
2026-07-12 00:00:00,PZ-004,EQ-020,OBM,84.6,13.5,631.2,0
2026-07-12 06:00:00,PZ-004,EQ-020,OBM,79.1,11.9,317.5,0
2026-07-12 12:00:00,PZ-004,EQ-020,OBM,63.0,15.6,787.7,0
2026-07-12 18:00:00,PZ-004,EQ-020,OBM,64.2,14.4,465.4,0
2026-07-13 00:00:00,PZ-004,EQ-020,OBM,54.3,13.0,381.8,0
2026-07-13 06:00:00,PZ-004,EQ-020,OBM,84.8,11.5,384.7,0
2026-07-13 12:00:00,PZ-004,EQ-020,WBM,69.0,12.5,722.7,0
2026-07-13 18:00:00,PZ-004,EQ-020,WBM,75.3,14.9,629.1,0
2026-07-14 00:00:00,PZ-004,EQ-020,OBM,66.8,15.3,630.2,0
2026-07-14 06:00:00,PZ-004,EQ-020,WBM,79.7,9.9,560.4,0
2026-07-14 12:00:00,PZ-004,EQ-020,OBM,69.3,12.5,441.2,0
2026-07-14 18:00:00,PZ-004,EQ-020,OBM,78.6,10.9,650.4,0
2026-07-15 00:00:00,PZ-004,EQ-020,WBM,76.6,9.0,627.2,0
2026-07-15 06:00:00,PZ-004,EQ-020,OBM,68.4,10.2,676.6,0
2026-07-15 12:00:00,PZ-004,EQ-020,OBM,55.0,12.3,641.9,0
2026-07-15 18:00:00,PZ-004,EQ-020,OBM,54.5,12.4,678.8,0
2026-07-16 00:00:00,PZ-004,EQ-020,OBM,65.3,11.1,415.0,0
2026-07-16 06:00:00,PZ-004,EQ-020,WBM,42.2,13.1,396.8,0
2026-07-16 12:00:00,PZ-004,EQ-020,WBM,68.4,15.0,648.3,0
2026-07-16 18:00:00,PZ-004,EQ-020,OBM,41.3,9.9,352.2,0
2026-07-17 00:00:00,PZ-004,EQ-020,WBM,63.9,9.8,814.3,0
2026-07-17 06:00:00,PZ-004,EQ-020,OBM,41.9,15.0,742.1,0
2026-07-17 12:00:00,PZ-004,EQ-020,OBM,75.5,9.4,341.7,0
2026-07-17 18:00:00,PZ-004,EQ-020,OBM,42.8,9.7,811.7,0
2026-07-18 00:00:00,PZ-004,EQ-020,OBM,75.5,9.3,312.0,0
2026-07-18 06:00:00,PZ-004,EQ-020,OBM,79.5,11.2,512.5,0
2026-07-18 12:00:00,PZ-004,EQ-020,OBM,55.4,10.0,710.9,0
2026-07-18 18:00:00,PZ-004,EQ-020,WBM,75.6,13.1,569.2,0
2026-07-19 00:00:00,PZ-004,EQ-020,OBM,69.2,15.1,637.4,0
2026-07-19 06:00:00,PZ-004,EQ-020,OBM,63.9,10.2,484.6,0
2026-07-19 12:00:00,PZ-004,EQ-020,OBM,58.3,14.3,303.1,0
2026-07-19 18:00:00,PZ-004,EQ-020,OBM,57.0,11.4,395.1,0
2026-07-20 00:00:00,PZ-004,EQ-020,WBM,59.7,13.7,549.5,0
2026-07-20 06:00:00,PZ-004,EQ-020,OBM,48.5,10.9,343.6,0
2026-07-20 12:00:00,PZ-004,EQ-020,OBM,43.8,13.0,828.2,0
2026-07-20 18:00:00,PZ-004,EQ-020,OBM,50.8,11.0,704.9,0
2026-07-21 00:00:00,PZ-004,EQ-020,OBM,45.4,15.5,764.6,0
2026-07-21 06:00:00,PZ-004,EQ-020,WBM,64.1,11.0,455.8,0
2026-07-21 12:00:00,PZ-004,EQ-020,OBM,77.4,9.8,782.1,0
2026-07-21 18:00:00,PZ-004,EQ-020,WBM,79.2,13.2,766.8,0
2026-07-22 00:00:00,PZ-004,EQ-020,OBM,53.1,11.7,612.3,0
2026-07-22 06:00:00,PZ-004,EQ-020,OBM,46.6,9.0,768.0,0
2026-07-22 12:00:00,PZ-004,EQ-020,WBM,76.0,15.6,711.4,0
2026-07-22 18:00:00,PZ-004,EQ-020,WBM,74.2,15.3,849.2,0
2026-07-23 00:00:00,PZ-004,EQ-020,OBM,42.1,11.0,504.3,0
2026-07-23 06:00:00,PZ-004,EQ-020,WBM,53.9,15.5,468.7,0
2026-07-23 12:00:00,PZ-004,EQ-020,OBM,73.5,12.3,820.8,0
2026-07-23 18:00:00,PZ-004,EQ-020,OBM,74.0,11.6,743.8,0
2026-07-24 00:00:00,PZ-004,EQ-020,WBM,81.8,9.7,302.2,0
2026-07-24 06:00:00,PZ-004,EQ-020,WBM,78.8,15.5,565.3,0
2026-07-24 12:00:00,PZ-004,EQ-020,OBM,50.2,11.1,355.5,0
2026-07-24 18:00:00,PZ-004,EQ-020,OBM,81.9,14.2,697.7,0
2026-07-25 00:00:00,PZ-004,EQ-020,OBM,82.6,15.5,321.3,0
2026-07-25 06:00:00,PZ-004,EQ-020,OBM,53.3,15.9,460.2,0
2026-07-25 12:00:00,PZ-004,EQ-020,OBM,54.5,15.5,542.0,0
2026-07-25 18:00:00,PZ-004,EQ-020,OBM,43.7,14.3,722.6,0
2026-07-26 00:00:00,PZ-004,EQ-020,OBM,66.1,13.9,808.4,0
2026-07-26 06:00:00,PZ-004,EQ-020,OBM,41.1,14.1,830.7,0
2026-07-26 12:00:00,PZ-004,EQ-020,WBM,63.4,14.1,300.4,0
2026-07-26 18:00:00,PZ-004,EQ-020,OBM,64.4,9.9,669.5,0
2026-07-27 00:00:00,PZ-004,EQ-020,OBM,44.2,13.1,474.9,0
2026-07-27 06:00:00,PZ-004,EQ-020,OBM,84.9,10.8,334.0,0
2026-07-27 12:00:00,PZ-004,EQ-020,WBM,48.0,13.2,625.7,0
2026-07-27 18:00:00,PZ-004,EQ-020,OBM,63.9,10.9,779.6,0
2026-07-28 00:00:00,PZ-004,EQ-020,WBM,47.1,9.8,783.4,0
2026-07-28 06:00:00,PZ-004,EQ-020,OBM,59.3,13.5,810.5,0
2026-07-28 12:00:00,PZ-004,EQ-020,WBM,78.0,12.2,492.6,0
2026-07-28 18:00:00,PZ-004,EQ-020,OBM,44.2,14.4,411.9,0
2026-07-29 00:00:00,PZ-004,EQ-020,OBM,64.6,9.5,579.4,0
2026-07-29 06:00:00,PZ-004,EQ-020,OBM,47.5,12.1,808.4,0
2026-07-29 12:00:00,PZ-004,EQ-020,OBM,75.4,9.6,619.8,0
2026-07-29 18:00:00,PZ-004,EQ-020,WBM,49.1,14.5,388.8,0
2026-07-30 00:00:00,PZ-004,EQ-020,WBM,42.2,12.2,721.3,0
2026-07-30 06:00:00,PZ-004,EQ-020,WBM,72.4,13.2,693.4,0
2026-07-30 12:00:00,PZ-004,EQ-020,OBM,61.6,13.3,350.7,0
2026-07-30 18:00:00,PZ-004,EQ-020,OBM,50.1,9.6,628.5,0
2026-07-31 00:00:00,PZ-004,EQ-020,OBM,67.8,12.5,571.6,0
2026-05-01 00:00:00,PZ-005,EQ-021,OBM,67.8,10.9,779.1,200
2026-05-01 06:00:00,PZ-005,EQ-021,OBM,56.2,14.0,311.2,230
2026-05-01 12:00:00,PZ-005,EQ-021,OBM,79.8,9.3,402.0,200
2026-05-01 18:00:00,PZ-005,EQ-021,WBM,66.8,10.8,525.6,100
2026-05-02 00:00:00,PZ-005,EQ-021,WBM,58.0,11.9,360.4,100
2026-05-02 06:00:00,PZ-005,EQ-021,OBM,54.3,10.6,830.6,100
2026-05-02 12:00:00,PZ-005,EQ-021,WBM,72.9,11.0,477.8,100
2026-05-02 18:00:00,PZ-005,EQ-021,OBM,82.0,11.2,759.8,140
2026-05-03 00:00:00,PZ-005,EQ-021,OBM,47.3,13.1,767.0,170
2026-05-03 06:00:00,PZ-005,EQ-021,WBM,83.9,15.8,755.2,170
2026-05-03 12:00:00,PZ-005,EQ-021,OBM,57.8,14.0,619.6,100
2026-05-03 18:00:00,PZ-005,EQ-021,OBM,71.1,11.5,655.9,200
2026-05-04 00:00:00,PZ-005,EQ-021,OBM,72.1,13.5,622.8,170
2026-05-04 06:00:00,PZ-005,EQ-021,OBM,72.5,10.5,305.0,140
2026-05-04 12:00:00,PZ-005,EQ-021,WBM,53.8,14.2,644.2,230
2026-05-04 18:00:00,PZ-005,EQ-021,OBM,84.3,11.2,372.5,200
2026-05-05 00:00:00,PZ-005,EQ-021,OBM,62.0,14.3,404.9,170
2026-05-05 06:00:00,PZ-005,EQ-021,OBM,67.7,11.0,561.3,230
2026-05-05 12:00:00,PZ-005,EQ-021,OBM,72.1,9.5,633.8,230
2026-05-05 18:00:00,PZ-005,EQ-021,WBM,84.4,15.1,754.1,200
2026-05-06 00:00:00,PZ-005,EQ-021,OBM,74.0,14.5,564.3,170
2026-05-06 06:00:00,PZ-005,EQ-021,WBM,78.1,11.3,651.0,100
2026-05-06 12:00:00,PZ-005,EQ-021,OBM,52.9,15.4,788.7,230
2026-05-06 18:00:00,PZ-005,EQ-021,WBM,43.2,14.0,519.2,200
2026-05-07 00:00:00,PZ-005,EQ-021,OBM,75.8,13.5,456.5,100
2026-05-07 06:00:00,PZ-005,EQ-021,OBM,48.8,10.3,470.6,230
2026-05-07 12:00:00,PZ-005,EQ-021,WBM,60.2,12.3,478.3,140
2026-05-07 18:00:00,PZ-005,EQ-021,OBM,63.9,11.1,688.2,170
2026-05-08 00:00:00,PZ-005,EQ-021,WBM,84.0,10.0,659.0,100
2026-05-08 06:00:00,PZ-005,EQ-021,OBM,56.3,15.4,621.0,200
2026-05-08 12:00:00,PZ-005,EQ-021,OBM,46.3,9.0,469.7,230
2026-05-08 18:00:00,PZ-005,EQ-021,OBM,72.0,12.6,437.8,100
2026-05-09 00:00:00,PZ-005,EQ-021,OBM,61.8,12.7,817.4,230
2026-05-09 06:00:00,PZ-005,EQ-021,WBM,68.9,14.4,484.1,140
2026-05-09 12:00:00,PZ-005,EQ-021,OBM,40.0,15.9,355.5,170
2026-05-09 18:00:00,PZ-005,EQ-021,OBM,78.2,12.9,618.3,200
2026-05-10 00:00:00,PZ-005,EQ-021,WBM,43.4,13.7,837.5,200
2026-05-10 06:00:00,PZ-005,EQ-021,WBM,55.9,13.1,801.0,200
2026-05-10 12:00:00,PZ-005,EQ-021,WBM,81.9,14.6,453.0,100
2026-05-10 18:00:00,PZ-005,EQ-021,OBM,78.7,11.5,663.5,200
2026-05-11 00:00:00,PZ-005,EQ-021,OBM,77.5,12.4,433.3,230
2026-05-11 06:00:00,PZ-005,EQ-021,OBM,58.0,10.6,838.0,230
2026-05-11 12:00:00,PZ-005,EQ-021,OBM,58.4,14.9,685.4,140
2026-05-11 18:00:00,PZ-005,EQ-021,OBM,67.2,11.5,815.6,170
2026-05-12 00:00:00,PZ-005,EQ-021,OBM,71.7,14.8,723.0,140
2026-05-12 06:00:00,PZ-005,EQ-021,OBM,53.3,11.2,556.1,200
2026-05-12 12:00:00,PZ-005,EQ-021,OBM,56.0,10.4,411.5,170
2026-05-12 18:00:00,PZ-005,EQ-021,WBM,62.6,10.3,325.7,170
2026-05-13 00:00:00,PZ-005,EQ-021,WBM,49.5,12.3,834.6,100
2026-05-13 06:00:00,PZ-005,EQ-021,WBM,71.9,15.4,341.3,200
2026-05-13 12:00:00,PZ-005,EQ-021,OBM,67.4,14.3,546.8,200
2026-05-13 18:00:00,PZ-005,EQ-021,OBM,65.6,9.9,503.4,200
2026-05-14 00:00:00,PZ-005,EQ-021,OBM,40.2,9.5,674.6,200
2026-05-14 06:00:00,PZ-005,EQ-021,WBM,62.2,14.8,593.5,200
2026-05-14 12:00:00,PZ-005,EQ-021,WBM,51.7,14.7,603.7,170
2026-05-14 18:00:00,PZ-005,EQ-021,WBM,75.0,10.4,622.2,170
2026-05-15 00:00:00,PZ-005,EQ-021,WBM,55.1,11.9,745.6,200
2026-05-15 06:00:00,PZ-005,EQ-021,OBM,75.0,12.3,330.7,230
2026-05-15 12:00:00,PZ-005,EQ-021,OBM,75.8,13.1,571.6,100
2026-05-15 18:00:00,PZ-005,EQ-021,WBM,63.1,15.9,741.2,200
2026-05-16 00:00:00,PZ-005,EQ-021,WBM,73.9,9.1,802.8,170
2026-05-16 06:00:00,PZ-005,EQ-021,WBM,57.9,12.8,619.0,140
2026-05-16 12:00:00,PZ-005,EQ-021,WBM,55.0,14.2,658.5,170
2026-05-16 18:00:00,PZ-005,EQ-021,OBM,73.9,10.3,501.8,200
2026-05-17 00:00:00,PZ-005,EQ-021,OBM,40.6,14.9,824.4,200
2026-05-17 06:00:00,PZ-005,EQ-021,WBM,81.5,12.9,361.5,140
2026-05-17 12:00:00,PZ-005,EQ-021,OBM,75.2,15.2,567.9,140
2026-05-17 18:00:00,PZ-005,EQ-021,OBM,68.5,13.6,300.7,100
2026-05-18 00:00:00,PZ-005,EQ-021,OBM,54.1,11.6,547.7,200
2026-05-18 06:00:00,PZ-005,EQ-021,WBM,52.9,12.9,538.7,200
2026-05-18 12:00:00,PZ-005,EQ-021,OBM,83.9,12.7,505.4,170
2026-05-18 18:00:00,PZ-005,EQ-021,OBM,77.8,12.0,756.5,140
2026-05-19 00:00:00,PZ-005,EQ-021,WBM,80.3,11.7,455.5,230
2026-05-19 06:00:00,PZ-005,EQ-021,OBM,58.8,13.8,649.5,200
2026-05-19 12:00:00,PZ-005,EQ-021,OBM,74.2,10.4,498.1,140
2026-05-19 18:00:00,PZ-005,EQ-021,WBM,50.5,9.4,845.6,100
2026-05-20 00:00:00,PZ-005,EQ-021,WBM,81.0,9.2,309.3,200
2026-05-20 06:00:00,PZ-005,EQ-021,OBM,68.6,15.8,675.5,170
2026-05-20 12:00:00,PZ-005,EQ-021,WBM,83.2,9.3,743.6,140
2026-05-20 18:00:00,PZ-005,EQ-021,WBM,67.4,11.9,817.4,100
2026-05-21 00:00:00,PZ-005,EQ-021,OBM,72.6,12.2,404.6,230
2026-05-21 06:00:00,PZ-005,EQ-021,WBM,77.5,13.3,430.0,230
2026-05-21 12:00:00,PZ-005,EQ-021,OBM,61.9,12.4,640.2,100
2026-05-21 18:00:00,PZ-005,EQ-021,WBM,42.6,10.7,511.9,170
2026-05-22 00:00:00,PZ-005,EQ-021,OBM,51.8,12.5,727.5,170
2026-05-22 06:00:00,PZ-005,EQ-021,WBM,73.0,9.2,460.8,140
2026-05-22 12:00:00,PZ-005,EQ-021,OBM,66.7,13.2,505.3,200
2026-05-22 18:00:00,PZ-005,EQ-021,OBM,71.4,9.5,757.9,230
2026-05-23 00:00:00,PZ-005,EQ-021,WBM,71.7,9.6,824.3,100
2026-05-23 06:00:00,PZ-005,EQ-021,OBM,56.9,15.1,336.4,100
2026-05-23 12:00:00,PZ-005,EQ-021,OBM,48.5,14.8,406.4,200
2026-05-23 18:00:00,PZ-005,EQ-021,WBM,53.8,12.6,698.9,140
2026-05-24 00:00:00,PZ-005,EQ-021,OBM,45.3,14.7,517.6,100
2026-05-24 06:00:00,PZ-005,EQ-021,OBM,52.1,9.1,580.2,140
2026-05-24 12:00:00,PZ-005,EQ-021,OBM,49.9,14.7,656.7,230
2026-05-24 18:00:00,PZ-005,EQ-021,WBM,45.5,14.5,681.6,140
2026-05-25 00:00:00,PZ-005,EQ-021,OBM,46.0,15.1,493.8,170
2026-05-25 06:00:00,PZ-005,EQ-021,WBM,49.8,14.9,735.9,140
2026-05-25 12:00:00,PZ-005,EQ-021,OBM,56.3,15.9,403.1,100
2026-05-25 18:00:00,PZ-005,EQ-021,OBM,76.0,10.8,536.7,140
2026-05-26 00:00:00,PZ-005,EQ-021,OBM,80.1,10.5,364.4,170
2026-05-26 06:00:00,PZ-005,EQ-021,OBM,68.2,12.2,379.4,230
2026-05-26 12:00:00,PZ-005,EQ-021,OBM,64.3,14.9,477.4,100
2026-05-26 18:00:00,PZ-005,EQ-021,OBM,48.7,11.9,415.9,100
2026-05-27 00:00:00,PZ-005,EQ-021,WBM,66.8,12.7,661.1,140
2026-05-27 06:00:00,PZ-005,EQ-021,OBM,69.5,11.4,805.5,230
2026-05-27 12:00:00,PZ-005,EQ-021,OBM,78.5,15.3,556.6,230
2026-05-27 18:00:00,PZ-005,EQ-021,OBM,46.8,13.6,378.5,230
2026-05-28 00:00:00,PZ-005,EQ-021,OBM,77.7,14.1,591.3,140
2026-05-28 06:00:00,PZ-005,EQ-021,WBM,55.6,12.3,462.7,100
2026-05-28 12:00:00,PZ-005,EQ-021,OBM,73.4,15.3,505.4,200
2026-05-28 18:00:00,PZ-005,EQ-021,WBM,40.5,10.4,523.1,100
2026-05-29 00:00:00,PZ-005,EQ-021,OBM,40.8,9.9,436.3,200
2026-05-29 06:00:00,PZ-005,EQ-021,WBM,52.0,9.9,567.1,140
2026-05-29 12:00:00,PZ-005,EQ-021,OBM,83.1,15.7,709.1,100
2026-05-29 18:00:00,PZ-005,EQ-021,OBM,61.7,14.8,604.3,200
2026-05-30 00:00:00,PZ-005,EQ-021,OBM,75.4,15.0,626.1,100
2026-05-30 06:00:00,PZ-005,EQ-021,WBM,79.5,12.2,664.7,170
2026-05-30 12:00:00,PZ-005,EQ-021,OBM,69.9,13.8,732.6,200
2026-05-30 18:00:00,PZ-005,EQ-021,OBM,43.2,9.1,815.8,200
2026-05-31 00:00:00,PZ-005,EQ-021,OBM,69.6,12.5,721.2,170
2026-05-31 06:00:00,PZ-005,EQ-021,WBM,49.2,14.8,479.5,200
2026-05-31 12:00:00,PZ-005,EQ-021,OBM,76.7,11.9,494.7,140
2026-05-31 18:00:00,PZ-005,EQ-021,OBM,46.8,14.6,533.3,170
2026-06-01 00:00:00,PZ-005,EQ-021,OBM,58.2,14.9,455.9,200
2026-06-01 06:00:00,PZ-005,EQ-021,OBM,40.2,13.6,771.1,140
2026-06-01 12:00:00,PZ-005,EQ-021,OBM,44.8,11.5,702.6,200
2026-06-01 18:00:00,PZ-005,EQ-021,WBM,51.7,9.5,343.0,140
2026-06-02 00:00:00,PZ-005,EQ-021,OBM,77.0,15.6,661.0,100
2026-06-02 06:00:00,PZ-005,EQ-021,WBM,75.0,9.8,358.3,170
2026-06-02 12:00:00,PZ-005,EQ-021,OBM,74.1,13.7,583.1,170
2026-06-02 18:00:00,PZ-005,EQ-021,WBM,57.5,13.3,492.7,100
2026-06-03 00:00:00,PZ-005,EQ-021,WBM,81.0,13.2,499.1,140
2026-06-03 06:00:00,PZ-005,EQ-021,OBM,53.1,11.1,422.8,140
2026-06-03 12:00:00,PZ-005,EQ-021,WBM,60.3,11.5,378.8,100
2026-06-03 18:00:00,PZ-005,EQ-021,WBM,77.2,12.4,725.6,100
2026-06-04 00:00:00,PZ-005,EQ-021,OBM,80.4,12.3,778.6,170
2026-06-04 06:00:00,PZ-005,EQ-021,WBM,82.0,14.5,641.1,100
2026-06-04 12:00:00,PZ-005,EQ-021,WBM,55.1,11.9,627.0,140
2026-06-04 18:00:00,PZ-005,EQ-021,OBM,73.8,9.6,582.1,100
2026-06-05 00:00:00,PZ-005,EQ-021,OBM,50.7,14.9,484.1,140
2026-06-05 06:00:00,PZ-005,EQ-021,OBM,43.5,15.0,824.3,230
2026-06-05 12:00:00,PZ-005,EQ-021,WBM,54.9,14.7,832.4,230
2026-06-05 18:00:00,PZ-005,EQ-021,OBM,63.9,11.0,654.0,100
2026-06-06 00:00:00,PZ-005,EQ-021,WBM,53.7,15.7,841.9,140
2026-06-06 06:00:00,PZ-005,EQ-021,OBM,60.4,15.5,714.7,200
2026-06-06 12:00:00,PZ-005,EQ-021,OBM,53.5,9.7,369.5,140
2026-06-06 18:00:00,PZ-005,EQ-021,OBM,62.7,15.5,597.6,170
2026-06-07 00:00:00,PZ-005,EQ-021,OBM,47.3,12.0,538.3,230
2026-06-07 06:00:00,PZ-005,EQ-021,WBM,58.8,13.7,366.6,140
2026-06-07 12:00:00,PZ-005,EQ-021,WBM,69.1,15.7,832.1,170
2026-06-07 18:00:00,PZ-005,EQ-021,OBM,80.0,11.3,448.6,100
2026-06-08 00:00:00,PZ-005,EQ-021,OBM,82.4,12.3,550.9,100
2026-06-08 06:00:00,PZ-005,EQ-021,OBM,57.3,13.2,585.3,230
2026-06-08 12:00:00,PZ-005,EQ-021,OBM,53.5,13.4,359.3,200
2026-06-08 18:00:00,PZ-005,EQ-021,OBM,48.6,9.1,496.7,200
2026-06-09 00:00:00,PZ-005,EQ-021,WBM,54.0,14.5,303.0,100
2026-06-09 06:00:00,PZ-005,EQ-021,WBM,61.3,11.5,602.6,230
2026-06-09 12:00:00,PZ-005,EQ-021,OBM,60.9,15.6,752.6,100
2026-06-09 18:00:00,PZ-005,EQ-021,OBM,45.6,11.8,803.5,230
2026-06-10 00:00:00,PZ-005,EQ-021,OBM,75.6,13.7,791.2,200
2026-06-10 06:00:00,PZ-005,EQ-021,WBM,57.5,14.2,687.6,230
2026-06-10 12:00:00,PZ-005,EQ-021,WBM,74.8,9.4,688.0,170
2026-06-10 18:00:00,PZ-005,EQ-021,OBM,81.6,11.6,547.0,100
2026-06-11 00:00:00,PZ-005,EQ-021,OBM,74.3,13.1,501.1,140
2026-06-11 06:00:00,PZ-005,EQ-021,OBM,56.1,9.8,422.4,170
2026-06-11 12:00:00,PZ-005,EQ-021,WBM,42.4,13.7,815.7,140
2026-06-11 18:00:00,PZ-005,EQ-021,OBM,43.8,11.9,685.0,100
2026-06-12 00:00:00,PZ-005,EQ-021,WBM,61.3,15.8,834.3,170
2026-06-12 06:00:00,PZ-005,EQ-021,OBM,42.9,11.4,823.3,100
2026-06-12 12:00:00,PZ-005,EQ-021,OBM,41.8,12.1,805.1,100
2026-06-12 18:00:00,PZ-005,EQ-021,WBM,74.8,14.0,618.8,200
2026-06-13 00:00:00,PZ-005,EQ-021,WBM,41.1,10.6,671.4,100
2026-06-13 06:00:00,PZ-005,EQ-021,WBM,67.5,13.8,683.9,100
2026-06-13 12:00:00,PZ-005,EQ-021,OBM,52.5,14.9,849.3,170
2026-06-13 18:00:00,PZ-005,EQ-021,WBM,42.6,9.5,803.2,230
2026-06-14 00:00:00,PZ-005,EQ-021,OBM,46.2,15.6,748.5,200
2026-06-14 06:00:00,PZ-005,EQ-021,OBM,63.8,11.6,622.1,230
2026-06-14 12:00:00,PZ-005,EQ-021,OBM,63.1,11.9,744.2,140
2026-06-14 18:00:00,PZ-005,EQ-021,OBM,74.3,16.0,729.5,230
2026-06-15 00:00:00,PZ-005,EQ-021,OBM,63.2,14.8,699.2,200
2026-06-15 06:00:00,PZ-005,EQ-021,OBM,63.5,9.5,382.1,230
2026-06-15 12:00:00,PZ-005,EQ-021,OBM,55.0,13.5,675.1,100
2026-06-15 18:00:00,PZ-005,EQ-021,OBM,58.4,12.8,447.9,100
2026-06-16 00:00:00,PZ-005,EQ-021,WBM,59.3,10.9,792.4,140
2026-06-16 06:00:00,PZ-005,EQ-021,WBM,60.8,10.0,656.1,170
2026-06-16 12:00:00,PZ-005,EQ-021,OBM,67.7,9.9,413.3,230
2026-06-16 18:00:00,PZ-005,EQ-021,WBM,81.0,15.5,770.0,230
2026-06-17 00:00:00,PZ-005,EQ-021,WBM,81.4,14.5,622.9,200
2026-06-17 06:00:00,PZ-005,EQ-021,WBM,82.2,12.7,682.4,140
2026-06-17 12:00:00,PZ-005,EQ-021,OBM,76.1,9.8,403.0,200
2026-06-17 18:00:00,PZ-005,EQ-021,OBM,67.7,14.4,743.1,140
2026-06-18 00:00:00,PZ-005,EQ-021,WBM,57.8,15.2,534.0,230
2026-06-18 06:00:00,PZ-005,EQ-021,WBM,65.9,9.6,674.3,100
2026-06-18 12:00:00,PZ-005,EQ-021,OBM,40.7,9.9,532.9,140
2026-06-18 18:00:00,PZ-005,EQ-021,OBM,41.5,13.0,469.1,170
2026-06-19 00:00:00,PZ-005,EQ-021,WBM,70.0,9.2,300.6,170
2026-06-19 06:00:00,PZ-005,EQ-021,OBM,49.0,9.6,471.2,100
2026-06-19 12:00:00,PZ-005,EQ-021,OBM,75.3,12.8,642.6,230
2026-06-19 18:00:00,PZ-005,EQ-021,WBM,80.5,12.2,582.5,200
2026-06-20 00:00:00,PZ-005,EQ-021,OBM,69.1,9.6,349.4,230
2026-06-20 06:00:00,PZ-005,EQ-021,OBM,67.2,12.1,786.1,140
2026-06-20 12:00:00,PZ-005,EQ-021,OBM,65.9,11.7,313.0,170
2026-06-20 18:00:00,PZ-005,EQ-021,OBM,81.9,11.7,605.2,230
2026-06-21 00:00:00,PZ-005,EQ-021,OBM,60.4,12.5,539.5,100
2026-06-21 06:00:00,PZ-005,EQ-021,WBM,76.1,15.2,684.9,140
2026-06-21 12:00:00,PZ-005,EQ-021,OBM,74.7,10.7,337.1,200
2026-06-21 18:00:00,PZ-005,EQ-021,OBM,43.8,12.1,540.2,170
2026-06-22 00:00:00,PZ-005,EQ-021,OBM,48.6,11.1,357.5,140
2026-06-22 06:00:00,PZ-005,EQ-021,OBM,73.4,15.4,305.0,140
2026-06-22 12:00:00,PZ-005,EQ-021,WBM,62.6,13.2,446.2,100
2026-06-22 18:00:00,PZ-005,EQ-021,OBM,69.6,13.5,310.2,170
2026-06-23 00:00:00,PZ-005,EQ-021,OBM,57.0,15.1,502.5,100
2026-06-23 06:00:00,PZ-005,EQ-021,OBM,41.3,15.2,542.5,170
2026-06-23 12:00:00,PZ-005,EQ-021,WBM,73.1,14.9,773.9,200
2026-06-23 18:00:00,PZ-005,EQ-021,WBM,68.0,15.2,322.5,140
2026-06-24 00:00:00,PZ-005,EQ-021,OBM,73.9,14.7,469.3,140
2026-06-24 06:00:00,PZ-005,EQ-021,OBM,52.2,14.2,742.9,170
2026-06-24 12:00:00,PZ-005,EQ-021,OBM,80.9,10.7,618.7,200
2026-06-24 18:00:00,PZ-005,EQ-021,OBM,73.2,12.1,743.8,140
2026-06-25 00:00:00,PZ-005,EQ-021,WBM,64.0,13.7,369.7,170
2026-06-25 06:00:00,PZ-005,EQ-021,WBM,57.1,12.4,463.4,140
2026-06-25 12:00:00,PZ-005,EQ-021,OBM,73.0,12.2,646.4,100
2026-06-25 18:00:00,PZ-005,EQ-021,OBM,82.6,12.6,515.0,230
2026-06-26 00:00:00,PZ-005,EQ-021,OBM,56.7,15.3,365.1,230
2026-06-26 06:00:00,PZ-005,EQ-021,WBM,74.4,9.5,511.1,230
2026-06-26 12:00:00,PZ-005,EQ-021,WBM,60.6,14.7,803.5,170
2026-06-26 18:00:00,PZ-005,EQ-021,WBM,65.0,14.1,460.5,140
2026-06-27 00:00:00,PZ-005,EQ-021,OBM,46.6,14.2,748.0,100
2026-06-27 06:00:00,PZ-005,EQ-021,OBM,69.5,9.1,615.0,140
2026-06-27 12:00:00,PZ-005,EQ-021,OBM,75.9,9.4,521.1,230
2026-06-27 18:00:00,PZ-005,EQ-021,WBM,79.9,9.9,328.3,140
2026-06-28 00:00:00,PZ-005,EQ-021,OBM,83.9,14.3,540.6,100
2026-06-28 06:00:00,PZ-005,EQ-021,WBM,84.6,14.5,744.6,230
2026-06-28 12:00:00,PZ-005,EQ-021,OBM,80.4,9.3,731.1,100
2026-06-28 18:00:00,PZ-005,EQ-021,OBM,74.0,15.5,570.3,170
2026-06-29 00:00:00,PZ-005,EQ-021,WBM,66.4,13.7,312.9,100
2026-06-29 06:00:00,PZ-005,EQ-021,OBM,75.8,13.0,582.6,100
2026-06-29 12:00:00,PZ-005,EQ-021,WBM,46.1,11.5,633.8,100
2026-06-29 18:00:00,PZ-005,EQ-021,OBM,47.0,15.1,328.9,170
2026-06-30 00:00:00,PZ-005,EQ-021,WBM,57.6,10.1,619.8,100
2026-06-30 06:00:00,PZ-005,EQ-021,WBM,53.9,10.7,730.0,170
2026-06-30 12:00:00,PZ-005,EQ-021,OBM,50.4,9.8,613.8,170
2026-06-30 18:00:00,PZ-005,EQ-021,OBM,82.6,12.4,827.2,200
2026-07-01 00:00:00,PZ-005,EQ-021,WBM,66.8,11.9,347.7,230
2026-07-01 06:00:00,PZ-005,EQ-021,WBM,73.9,13.6,736.4,230
2026-07-01 12:00:00,PZ-005,EQ-021,OBM,65.9,12.2,641.2,140
2026-07-01 18:00:00,PZ-005,EQ-021,WBM,73.5,10.7,766.1,140
2026-07-02 00:00:00,PZ-005,EQ-021,WBM,53.1,13.2,745.4,140
2026-07-02 06:00:00,PZ-005,EQ-021,WBM,48.3,12.8,562.9,100
2026-07-02 12:00:00,PZ-005,EQ-021,WBM,55.4,10.9,597.2,170
2026-07-02 18:00:00,PZ-005,EQ-021,WBM,46.8,9.3,537.4,100
2026-07-03 00:00:00,PZ-005,EQ-021,WBM,64.2,14.1,563.6,170
2026-07-03 06:00:00,PZ-005,EQ-021,WBM,59.1,9.3,480.3,170
2026-07-03 12:00:00,PZ-005,EQ-021,OBM,81.0,11.5,824.3,140
2026-07-03 18:00:00,PZ-005,EQ-021,WBM,46.0,9.8,480.2,100
2026-07-04 00:00:00,PZ-005,EQ-021,OBM,79.7,11.8,847.2,230
2026-07-04 06:00:00,PZ-005,EQ-021,WBM,81.8,11.3,688.8,230
2026-07-04 12:00:00,PZ-005,EQ-021,OBM,45.3,11.7,768.9,230
2026-07-04 18:00:00,PZ-005,EQ-021,OBM,61.2,13.5,349.6,200
2026-07-05 00:00:00,PZ-005,EQ-021,WBM,57.3,15.4,502.2,230
2026-07-05 06:00:00,PZ-005,EQ-021,WBM,81.1,13.2,597.4,230
2026-07-05 12:00:00,PZ-005,EQ-021,OBM,81.5,13.0,754.8,140
2026-07-05 18:00:00,PZ-005,EQ-021,WBM,84.1,11.9,321.2,100
2026-07-06 00:00:00,PZ-005,EQ-021,WBM,44.3,10.2,369.7,100
2026-07-06 06:00:00,PZ-005,EQ-021,WBM,68.7,15.1,397.0,170
2026-07-06 12:00:00,PZ-005,EQ-021,WBM,56.5,15.9,793.3,100
2026-07-06 18:00:00,PZ-005,EQ-021,OBM,81.7,12.2,620.3,140
2026-07-07 00:00:00,PZ-005,EQ-021,WBM,77.1,10.8,403.6,140
2026-07-07 06:00:00,PZ-005,EQ-021,OBM,51.0,10.0,424.7,100
2026-07-07 12:00:00,PZ-005,EQ-021,WBM,46.7,9.0,596.6,140
2026-07-07 18:00:00,PZ-005,EQ-021,OBM,44.5,14.7,578.1,200
2026-07-08 00:00:00,PZ-005,EQ-021,OBM,83.1,13.4,372.0,200
2026-07-08 06:00:00,PZ-005,EQ-021,OBM,64.2,13.1,635.8,200
2026-07-08 12:00:00,PZ-005,EQ-021,WBM,53.8,16.0,845.4,230
2026-07-08 18:00:00,PZ-005,EQ-021,WBM,60.0,10.7,402.0,230
2026-07-09 00:00:00,PZ-005,EQ-021,WBM,49.4,14.4,748.7,170
2026-07-09 06:00:00,PZ-005,EQ-021,OBM,80.3,15.6,699.7,230
2026-07-09 12:00:00,PZ-005,EQ-021,WBM,50.4,11.5,387.2,200
2026-07-09 18:00:00,PZ-005,EQ-021,OBM,44.0,13.1,779.4,140
2026-07-10 00:00:00,PZ-005,EQ-021,OBM,42.7,11.9,680.1,100
2026-07-10 06:00:00,PZ-005,EQ-021,OBM,55.7,11.5,557.4,200
2026-07-10 12:00:00,PZ-005,EQ-021,OBM,65.8,10.0,715.6,170
2026-07-10 18:00:00,PZ-005,EQ-021,OBM,82.9,15.2,770.4,100
2026-07-11 00:00:00,PZ-005,EQ-021,WBM,46.8,11.4,316.1,170
2026-07-11 06:00:00,PZ-005,EQ-021,OBM,41.3,15.2,548.8,230
2026-07-11 12:00:00,PZ-005,EQ-021,WBM,55.1,10.5,323.5,230
2026-07-11 18:00:00,PZ-005,EQ-021,WBM,53.8,9.9,754.7,170
2026-07-12 00:00:00,PZ-005,EQ-021,OBM,74.3,9.4,501.7,170
2026-07-12 06:00:00,PZ-005,EQ-021,WBM,45.2,15.3,735.5,230
2026-07-12 12:00:00,PZ-005,EQ-021,WBM,77.0,11.9,544.1,100
2026-07-12 18:00:00,PZ-005,EQ-021,OBM,82.5,11.5,813.5,140
2026-07-13 00:00:00,PZ-005,EQ-021,WBM,47.9,13.9,624.2,230
2026-07-13 06:00:00,PZ-005,EQ-021,WBM,62.8,11.1,414.0,230
2026-07-13 12:00:00,PZ-005,EQ-021,OBM,48.4,10.4,630.0,170
2026-07-13 18:00:00,PZ-005,EQ-021,WBM,49.8,10.8,818.3,170
2026-07-14 00:00:00,PZ-005,EQ-021,OBM,49.6,13.8,560.6,100
2026-07-14 06:00:00,PZ-005,EQ-021,OBM,47.0,13.8,738.3,200
2026-07-14 12:00:00,PZ-005,EQ-021,WBM,44.3,12.6,655.7,170
2026-07-14 18:00:00,PZ-005,EQ-021,OBM,69.7,12.1,365.4,140
2026-07-15 00:00:00,PZ-005,EQ-021,OBM,68.5,15.2,391.2,230
2026-07-15 06:00:00,PZ-005,EQ-021,OBM,47.5,13.1,309.5,200
2026-07-15 12:00:00,PZ-005,EQ-021,OBM,58.1,15.3,559.8,140
2026-07-15 18:00:00,PZ-005,EQ-021,OBM,83.0,10.4,552.4,200
2026-07-16 00:00:00,PZ-005,EQ-021,OBM,46.5,13.5,586.0,100
2026-07-16 06:00:00,PZ-005,EQ-021,OBM,56.9,10.8,393.2,200
2026-07-16 12:00:00,PZ-005,EQ-021,WBM,80.3,12.6,675.2,200
2026-07-16 18:00:00,PZ-005,EQ-021,OBM,49.7,15.6,571.1,230
2026-07-17 00:00:00,PZ-005,EQ-021,OBM,65.1,10.3,483.3,170
2026-07-17 06:00:00,PZ-005,EQ-021,OBM,71.2,9.0,760.7,170
2026-07-17 12:00:00,PZ-005,EQ-021,WBM,43.3,12.9,497.3,200
2026-07-17 18:00:00,PZ-005,EQ-021,OBM,44.2,12.8,462.9,230
2026-07-18 00:00:00,PZ-005,EQ-021,WBM,73.3,13.8,364.8,230
2026-07-18 06:00:00,PZ-005,EQ-021,OBM,81.0,11.8,746.5,100
2026-07-18 12:00:00,PZ-005,EQ-021,OBM,48.9,15.1,830.9,170
2026-07-18 18:00:00,PZ-005,EQ-021,WBM,76.6,11.8,569.5,100
2026-07-19 00:00:00,PZ-005,EQ-021,WBM,50.6,10.6,832.1,230
2026-07-19 06:00:00,PZ-005,EQ-021,WBM,40.3,14.4,398.1,200
2026-07-19 12:00:00,PZ-005,EQ-021,WBM,70.4,11.9,582.2,230
2026-07-19 18:00:00,PZ-005,EQ-021,OBM,71.7,14.3,678.8,100
2026-07-20 00:00:00,PZ-005,EQ-021,OBM,45.9,15.5,305.6,170
2026-07-20 06:00:00,PZ-005,EQ-021,WBM,67.9,15.6,697.5,100
2026-07-20 12:00:00,PZ-005,EQ-021,WBM,48.1,12.5,713.9,230
2026-07-20 18:00:00,PZ-005,EQ-021,OBM,56.3,9.5,814.3,170
2026-07-21 00:00:00,PZ-005,EQ-021,OBM,40.3,11.9,445.0,200
2026-07-21 06:00:00,PZ-005,EQ-021,OBM,78.1,12.1,665.5,230
2026-07-21 12:00:00,PZ-005,EQ-021,OBM,77.1,12.4,443.9,100
2026-07-21 18:00:00,PZ-005,EQ-021,OBM,66.2,12.4,768.8,140
2026-07-22 00:00:00,PZ-005,EQ-021,WBM,84.3,14.7,495.2,230
2026-07-22 06:00:00,PZ-005,EQ-021,WBM,74.2,11.5,826.1,230
2026-07-22 12:00:00,PZ-005,EQ-021,WBM,44.5,14.4,539.2,170
2026-07-22 18:00:00,PZ-005,EQ-021,WBM,44.8,15.3,454.2,140
2026-07-23 00:00:00,PZ-005,EQ-021,OBM,73.5,11.8,349.4,200
2026-07-23 06:00:00,PZ-005,EQ-021,OBM,59.6,12.8,705.8,200
2026-07-23 12:00:00,PZ-005,EQ-021,OBM,81.5,15.2,562.7,100
2026-07-23 18:00:00,PZ-005,EQ-021,WBM,42.0,11.0,398.7,200
2026-07-24 00:00:00,PZ-005,EQ-021,WBM,82.8,10.9,399.7,170
2026-07-24 06:00:00,PZ-005,EQ-021,WBM,75.9,10.5,673.1,100
2026-07-24 12:00:00,PZ-005,EQ-021,OBM,58.4,14.9,528.7,170
2026-07-24 18:00:00,PZ-005,EQ-021,OBM,44.7,11.7,307.0,230
2026-07-25 00:00:00,PZ-005,EQ-021,WBM,77.0,15.9,505.5,230
2026-07-25 06:00:00,PZ-005,EQ-021,OBM,40.4,13.6,658.8,100
2026-07-25 12:00:00,PZ-005,EQ-021,WBM,82.3,13.9,525.1,100
2026-07-25 18:00:00,PZ-005,EQ-021,OBM,59.4,12.0,337.6,230
2026-07-26 00:00:00,PZ-005,EQ-021,OBM,59.5,15.5,576.1,230
2026-07-26 06:00:00,PZ-005,EQ-021,WBM,80.7,12.2,371.8,100
2026-07-26 12:00:00,PZ-005,EQ-021,WBM,81.4,13.0,353.4,170
2026-07-26 18:00:00,PZ-005,EQ-021,WBM,60.4,15.1,467.9,230
2026-07-27 00:00:00,PZ-005,EQ-021,WBM,52.4,16.0,521.2,200
2026-07-27 06:00:00,PZ-005,EQ-021,WBM,59.4,10.9,391.5,200
2026-07-27 12:00:00,PZ-005,EQ-021,WBM,62.8,9.4,551.3,100
2026-07-27 18:00:00,PZ-005,EQ-021,OBM,40.1,9.6,741.1,200
2026-07-28 00:00:00,PZ-005,EQ-021,OBM,59.5,9.6,725.8,230
2026-07-28 06:00:00,PZ-005,EQ-021,WBM,59.2,10.1,601.9,230
2026-07-28 12:00:00,PZ-005,EQ-021,OBM,55.2,15.8,453.1,170
2026-07-28 18:00:00,PZ-005,EQ-021,WBM,48.1,13.5,413.1,140
2026-07-29 00:00:00,PZ-005,EQ-021,OBM,74.3,9.0,423.0,200
2026-07-29 06:00:00,PZ-005,EQ-021,OBM,62.7,13.6,628.4,100
2026-07-29 12:00:00,PZ-005,EQ-021,WBM,42.3,13.1,552.6,230
2026-07-29 18:00:00,PZ-005,EQ-021,OBM,75.2,11.6,658.6,230
2026-07-30 00:00:00,PZ-005,EQ-021,OBM,83.7,14.4,457.7,100
2026-07-30 06:00:00,PZ-005,EQ-021,WBM,75.3,12.6,381.0,170
2026-07-30 12:00:00,PZ-005,EQ-021,OBM,77.0,14.9,667.2,140
2026-07-30 18:00:00,PZ-005,EQ-021,OBM,55.8,11.1,489.0,170
2026-07-31 00:00:00,PZ-005,EQ-021,OBM,62.8,11.7,687.3,170
2026-05-01 00:00:00,PZ-005,EQ-022,OBM,69.5,15.8,714.2,140
2026-05-01 06:00:00,PZ-005,EQ-022,OBM,75.0,15.7,335.4,140
2026-05-01 12:00:00,PZ-005,EQ-022,OBM,72.8,13.7,848.6,230
2026-05-01 18:00:00,PZ-005,EQ-022,OBM,72.8,14.3,476.2,230
2026-05-02 00:00:00,PZ-005,EQ-022,OBM,67.5,9.1,339.7,140
2026-05-02 06:00:00,PZ-005,EQ-022,OBM,64.1,15.6,682.1,230
2026-05-02 12:00:00,PZ-005,EQ-022,OBM,50.9,15.5,442.7,230
2026-05-02 18:00:00,PZ-005,EQ-022,OBM,77.7,12.5,769.4,100
2026-05-03 00:00:00,PZ-005,EQ-022,OBM,62.3,12.5,670.8,140
2026-05-03 06:00:00,PZ-005,EQ-022,OBM,67.8,15.1,521.9,170
2026-05-03 12:00:00,PZ-005,EQ-022,WBM,74.7,13.5,364.0,200
2026-05-03 18:00:00,PZ-005,EQ-022,WBM,79.2,10.0,762.6,170
2026-05-04 00:00:00,PZ-005,EQ-022,OBM,73.2,10.0,832.9,230
2026-05-04 06:00:00,PZ-005,EQ-022,OBM,74.0,14.8,729.8,230
2026-05-04 12:00:00,PZ-005,EQ-022,OBM,80.0,9.8,448.3,200
2026-05-04 18:00:00,PZ-005,EQ-022,OBM,44.9,15.7,461.9,170
2026-05-05 00:00:00,PZ-005,EQ-022,OBM,53.4,10.4,822.6,200
2026-05-05 06:00:00,PZ-005,EQ-022,WBM,75.0,12.1,459.9,140
2026-05-05 12:00:00,PZ-005,EQ-022,WBM,68.4,15.9,322.6,200
2026-05-05 18:00:00,PZ-005,EQ-022,OBM,41.9,12.3,810.9,230
2026-05-06 00:00:00,PZ-005,EQ-022,OBM,55.4,14.8,357.8,100
2026-05-06 06:00:00,PZ-005,EQ-022,OBM,56.5,13.9,333.3,170
2026-05-06 12:00:00,PZ-005,EQ-022,OBM,71.8,10.4,693.9,200
2026-05-06 18:00:00,PZ-005,EQ-022,OBM,78.8,9.3,846.4,100
2026-05-07 00:00:00,PZ-005,EQ-022,WBM,78.2,14.7,468.0,230
2026-05-07 06:00:00,PZ-005,EQ-022,WBM,48.2,12.9,357.5,170
2026-05-07 12:00:00,PZ-005,EQ-022,WBM,82.4,9.8,670.7,100
2026-05-07 18:00:00,PZ-005,EQ-022,OBM,43.7,14.4,569.7,230
2026-05-08 00:00:00,PZ-005,EQ-022,OBM,42.4,14.3,427.9,140
2026-05-08 06:00:00,PZ-005,EQ-022,OBM,62.1,15.0,794.9,140
2026-05-08 12:00:00,PZ-005,EQ-022,WBM,74.3,14.5,759.7,100
2026-05-08 18:00:00,PZ-005,EQ-022,WBM,72.0,15.0,848.0,230
2026-05-09 00:00:00,PZ-005,EQ-022,OBM,56.2,11.6,769.0,200
2026-05-09 06:00:00,PZ-005,EQ-022,WBM,77.5,13.1,545.8,170
2026-05-09 12:00:00,PZ-005,EQ-022,OBM,73.7,15.9,654.2,230
2026-05-09 18:00:00,PZ-005,EQ-022,OBM,62.2,14.9,471.1,170
2026-05-10 00:00:00,PZ-005,EQ-022,OBM,41.8,12.6,490.6,230
2026-05-10 06:00:00,PZ-005,EQ-022,OBM,48.6,15.3,583.8,200
2026-05-10 12:00:00,PZ-005,EQ-022,WBM,47.0,12.7,602.9,100
2026-05-10 18:00:00,PZ-005,EQ-022,OBM,50.5,11.3,765.9,170
2026-05-11 00:00:00,PZ-005,EQ-022,WBM,51.1,13.1,551.0,230
2026-05-11 06:00:00,PZ-005,EQ-022,OBM,49.8,9.7,581.6,100
2026-05-11 12:00:00,PZ-005,EQ-022,OBM,67.9,9.6,711.1,140
2026-05-11 18:00:00,PZ-005,EQ-022,WBM,79.2,15.2,477.2,230
2026-05-12 00:00:00,PZ-005,EQ-022,WBM,78.4,14.9,396.4,230
2026-05-12 06:00:00,PZ-005,EQ-022,WBM,70.1,11.0,443.3,230
2026-05-12 12:00:00,PZ-005,EQ-022,OBM,79.1,11.3,549.5,170
2026-05-12 18:00:00,PZ-005,EQ-022,OBM,75.3,10.8,409.1,170
2026-05-13 00:00:00,PZ-005,EQ-022,OBM,57.5,11.0,450.0,170
2026-05-13 06:00:00,PZ-005,EQ-022,WBM,46.4,12.9,643.8,230
2026-05-13 12:00:00,PZ-005,EQ-022,OBM,75.0,10.8,470.3,170
2026-05-13 18:00:00,PZ-005,EQ-022,OBM,76.5,13.5,687.0,100
2026-05-14 00:00:00,PZ-005,EQ-022,OBM,69.6,10.0,558.6,230
2026-05-14 06:00:00,PZ-005,EQ-022,WBM,73.3,15.4,500.4,170
2026-05-14 12:00:00,PZ-005,EQ-022,OBM,81.9,13.9,480.1,230
2026-05-14 18:00:00,PZ-005,EQ-022,OBM,50.4,10.6,697.8,170
2026-05-15 00:00:00,PZ-005,EQ-022,OBM,75.8,16.0,694.1,200
2026-05-15 06:00:00,PZ-005,EQ-022,OBM,69.4,11.8,845.6,100
2026-05-15 12:00:00,PZ-005,EQ-022,OBM,57.9,12.8,597.0,230
2026-05-15 18:00:00,PZ-005,EQ-022,OBM,45.4,11.4,402.3,230
2026-05-16 00:00:00,PZ-005,EQ-022,WBM,81.1,13.0,783.4,100
2026-05-16 06:00:00,PZ-005,EQ-022,WBM,56.0,10.6,445.3,100
2026-05-16 12:00:00,PZ-005,EQ-022,OBM,78.0,15.7,459.8,200
2026-05-16 18:00:00,PZ-005,EQ-022,WBM,47.5,14.6,686.6,100
2026-05-17 00:00:00,PZ-005,EQ-022,OBM,52.1,12.7,434.8,230
2026-05-17 06:00:00,PZ-005,EQ-022,WBM,61.7,13.9,469.5,100
2026-05-17 12:00:00,PZ-005,EQ-022,OBM,68.5,15.4,582.3,200
2026-05-17 18:00:00,PZ-005,EQ-022,OBM,68.8,11.7,491.7,230
2026-05-18 00:00:00,PZ-005,EQ-022,OBM,56.7,13.4,574.5,230
2026-05-18 06:00:00,PZ-005,EQ-022,WBM,76.4,14.0,780.9,200
2026-05-18 12:00:00,PZ-005,EQ-022,WBM,53.9,11.0,815.6,100
2026-05-18 18:00:00,PZ-005,EQ-022,WBM,40.5,12.9,802.5,230
2026-05-19 00:00:00,PZ-005,EQ-022,OBM,46.1,12.6,348.8,230
2026-05-19 06:00:00,PZ-005,EQ-022,OBM,53.2,14.4,399.3,100
2026-05-19 12:00:00,PZ-005,EQ-022,OBM,72.8,9.9,351.1,200
2026-05-19 18:00:00,PZ-005,EQ-022,OBM,74.2,9.2,512.0,100
2026-05-20 00:00:00,PZ-005,EQ-022,WBM,63.2,10.1,544.1,100
2026-05-20 06:00:00,PZ-005,EQ-022,WBM,59.1,11.5,423.2,170
2026-05-20 12:00:00,PZ-005,EQ-022,WBM,43.0,12.9,535.2,100
2026-05-20 18:00:00,PZ-005,EQ-022,WBM,83.8,9.2,365.0,140
2026-05-21 00:00:00,PZ-005,EQ-022,OBM,45.8,13.2,818.4,230
2026-05-21 06:00:00,PZ-005,EQ-022,WBM,41.2,13.4,606.9,230
2026-05-21 12:00:00,PZ-005,EQ-022,OBM,63.1,9.1,509.1,170
2026-05-21 18:00:00,PZ-005,EQ-022,WBM,82.0,10.0,630.4,140
2026-05-22 00:00:00,PZ-005,EQ-022,OBM,52.9,9.6,412.3,140
2026-05-22 06:00:00,PZ-005,EQ-022,WBM,59.5,15.6,533.3,170
2026-05-22 12:00:00,PZ-005,EQ-022,OBM,80.9,11.0,448.1,230
2026-05-22 18:00:00,PZ-005,EQ-022,OBM,74.8,15.5,347.5,230
2026-05-23 00:00:00,PZ-005,EQ-022,WBM,83.0,12.4,383.9,230
2026-05-23 06:00:00,PZ-005,EQ-022,OBM,68.1,15.1,301.7,230
2026-05-23 12:00:00,PZ-005,EQ-022,OBM,80.4,13.1,679.6,230
2026-05-23 18:00:00,PZ-005,EQ-022,OBM,42.6,9.8,474.4,170
2026-05-24 00:00:00,PZ-005,EQ-022,OBM,50.3,13.5,788.3,140
2026-05-24 06:00:00,PZ-005,EQ-022,WBM,74.9,9.9,734.8,170
2026-05-24 12:00:00,PZ-005,EQ-022,WBM,79.0,15.7,562.6,100
2026-05-24 18:00:00,PZ-005,EQ-022,OBM,49.0,9.8,603.1,230
2026-05-25 00:00:00,PZ-005,EQ-022,OBM,66.2,11.6,763.5,230
2026-05-25 06:00:00,PZ-005,EQ-022,WBM,81.9,13.8,489.4,230
2026-05-25 12:00:00,PZ-005,EQ-022,WBM,74.6,15.4,487.7,170
2026-05-25 18:00:00,PZ-005,EQ-022,WBM,44.6,12.7,632.5,200
2026-05-26 00:00:00,PZ-005,EQ-022,OBM,80.6,9.4,367.6,100
2026-05-26 06:00:00,PZ-005,EQ-022,OBM,59.1,12.7,457.4,140
2026-05-26 12:00:00,PZ-005,EQ-022,WBM,49.6,15.3,385.2,230
2026-05-26 18:00:00,PZ-005,EQ-022,WBM,52.9,12.0,771.5,200
2026-05-27 00:00:00,PZ-005,EQ-022,WBM,68.4,11.6,486.0,140
2026-05-27 06:00:00,PZ-005,EQ-022,WBM,65.3,12.5,525.6,200
2026-05-27 12:00:00,PZ-005,EQ-022,OBM,71.6,9.6,389.4,100
2026-05-27 18:00:00,PZ-005,EQ-022,OBM,58.4,14.7,835.7,140
2026-05-28 00:00:00,PZ-005,EQ-022,WBM,73.7,13.2,341.8,230
2026-05-28 06:00:00,PZ-005,EQ-022,WBM,43.3,14.0,536.9,140
2026-05-28 12:00:00,PZ-005,EQ-022,WBM,62.7,12.0,462.8,170
2026-05-28 18:00:00,PZ-005,EQ-022,OBM,78.0,15.4,653.0,100
2026-05-29 00:00:00,PZ-005,EQ-022,WBM,49.9,14.6,713.2,230
2026-05-29 06:00:00,PZ-005,EQ-022,WBM,79.3,9.6,660.4,230
2026-05-29 12:00:00,PZ-005,EQ-022,OBM,60.5,12.3,729.5,200
2026-05-29 18:00:00,PZ-005,EQ-022,WBM,56.9,12.9,632.9,230
2026-05-30 00:00:00,PZ-005,EQ-022,WBM,43.7,12.2,579.4,170
2026-05-30 06:00:00,PZ-005,EQ-022,OBM,69.3,13.1,412.8,100
2026-05-30 12:00:00,PZ-005,EQ-022,OBM,67.3,12.5,805.8,200
2026-05-30 18:00:00,PZ-005,EQ-022,OBM,84.1,9.7,543.9,140
2026-05-31 00:00:00,PZ-005,EQ-022,OBM,54.4,10.2,371.8,140
2026-05-31 06:00:00,PZ-005,EQ-022,OBM,63.7,13.3,355.0,230
2026-05-31 12:00:00,PZ-005,EQ-022,OBM,76.7,10.5,757.1,230
2026-05-31 18:00:00,PZ-005,EQ-022,OBM,48.9,9.9,589.0,230
2026-06-01 00:00:00,PZ-005,EQ-022,OBM,71.1,13.6,473.8,100
2026-06-01 06:00:00,PZ-005,EQ-022,OBM,67.1,13.0,820.7,140
2026-06-01 12:00:00,PZ-005,EQ-022,OBM,56.9,10.5,822.6,200
2026-06-01 18:00:00,PZ-005,EQ-022,WBM,82.3,14.0,356.9,140
2026-06-02 00:00:00,PZ-005,EQ-022,OBM,52.3,11.7,392.1,140
2026-06-02 06:00:00,PZ-005,EQ-022,WBM,46.0,12.3,634.9,230
2026-06-02 12:00:00,PZ-005,EQ-022,OBM,73.6,9.4,348.7,200
2026-06-02 18:00:00,PZ-005,EQ-022,WBM,58.6,14.1,687.9,200
2026-06-03 00:00:00,PZ-005,EQ-022,WBM,73.1,14.4,490.2,200
2026-06-03 06:00:00,PZ-005,EQ-022,OBM,46.1,9.8,801.3,200
2026-06-03 12:00:00,PZ-005,EQ-022,WBM,44.2,12.5,404.8,200
2026-06-03 18:00:00,PZ-005,EQ-022,OBM,68.8,12.4,582.6,170
2026-06-04 00:00:00,PZ-005,EQ-022,OBM,82.9,13.0,524.7,230
2026-06-04 06:00:00,PZ-005,EQ-022,WBM,66.2,14.0,435.3,100
2026-06-04 12:00:00,PZ-005,EQ-022,OBM,70.8,9.4,430.8,230
2026-06-04 18:00:00,PZ-005,EQ-022,OBM,54.0,10.2,741.8,170
2026-06-05 00:00:00,PZ-005,EQ-022,OBM,79.8,12.1,752.4,230
2026-06-05 06:00:00,PZ-005,EQ-022,OBM,79.0,14.4,819.1,200
2026-06-05 12:00:00,PZ-005,EQ-022,OBM,52.3,11.3,493.1,200
2026-06-05 18:00:00,PZ-005,EQ-022,OBM,40.5,10.0,654.3,170
2026-06-06 00:00:00,PZ-005,EQ-022,WBM,55.5,14.0,635.3,140
2026-06-06 06:00:00,PZ-005,EQ-022,WBM,70.2,9.9,848.9,170
2026-06-06 12:00:00,PZ-005,EQ-022,WBM,81.2,9.0,684.5,170
2026-06-06 18:00:00,PZ-005,EQ-022,WBM,71.7,13.6,446.0,140
2026-06-07 00:00:00,PZ-005,EQ-022,WBM,45.0,13.8,419.2,170
2026-06-07 06:00:00,PZ-005,EQ-022,OBM,68.8,14.0,700.8,170
2026-06-07 12:00:00,PZ-005,EQ-022,WBM,59.4,9.5,825.5,200
2026-06-07 18:00:00,PZ-005,EQ-022,OBM,42.8,9.0,814.6,100
2026-06-08 00:00:00,PZ-005,EQ-022,WBM,46.1,11.3,432.8,140
2026-06-08 06:00:00,PZ-005,EQ-022,OBM,43.0,9.6,804.3,140
2026-06-08 12:00:00,PZ-005,EQ-022,WBM,84.2,11.9,808.3,230
2026-06-08 18:00:00,PZ-005,EQ-022,WBM,73.0,15.8,813.2,200
2026-06-09 00:00:00,PZ-005,EQ-022,OBM,77.6,11.8,702.2,100
2026-06-09 06:00:00,PZ-005,EQ-022,OBM,50.6,9.1,653.6,170
2026-06-09 12:00:00,PZ-005,EQ-022,OBM,49.3,15.7,304.5,100
2026-06-09 18:00:00,PZ-005,EQ-022,OBM,41.3,15.6,773.5,200
2026-06-10 00:00:00,PZ-005,EQ-022,WBM,71.6,11.8,750.2,140
2026-06-10 06:00:00,PZ-005,EQ-022,OBM,81.7,9.6,571.8,100
2026-06-10 12:00:00,PZ-005,EQ-022,OBM,71.0,9.4,562.5,170
2026-06-10 18:00:00,PZ-005,EQ-022,OBM,42.5,11.0,421.4,170
2026-06-11 00:00:00,PZ-005,EQ-022,OBM,72.8,15.7,767.8,230
2026-06-11 06:00:00,PZ-005,EQ-022,OBM,76.4,10.5,560.7,200
2026-06-11 12:00:00,PZ-005,EQ-022,WBM,77.0,15.6,505.5,230
2026-06-11 18:00:00,PZ-005,EQ-022,OBM,69.4,15.0,370.9,140
2026-06-12 00:00:00,PZ-005,EQ-022,OBM,71.0,15.2,612.0,200
2026-06-12 06:00:00,PZ-005,EQ-022,WBM,74.1,13.6,761.5,100
2026-06-12 12:00:00,PZ-005,EQ-022,OBM,82.7,11.9,673.5,230
2026-06-12 18:00:00,PZ-005,EQ-022,OBM,75.4,9.6,783.6,230
2026-06-13 00:00:00,PZ-005,EQ-022,WBM,53.5,9.6,812.3,100
2026-06-13 06:00:00,PZ-005,EQ-022,WBM,75.7,14.6,370.4,170
2026-06-13 12:00:00,PZ-005,EQ-022,OBM,59.0,13.0,595.9,140
2026-06-13 18:00:00,PZ-005,EQ-022,WBM,44.0,14.1,719.6,200
2026-06-14 00:00:00,PZ-005,EQ-022,OBM,48.3,10.9,505.8,200
2026-06-14 06:00:00,PZ-005,EQ-022,OBM,54.3,11.6,515.4,170
2026-06-14 12:00:00,PZ-005,EQ-022,OBM,64.5,13.1,749.7,200
2026-06-14 18:00:00,PZ-005,EQ-022,OBM,62.5,13.5,395.0,100
2026-06-15 00:00:00,PZ-005,EQ-022,WBM,58.2,14.5,376.7,200
2026-06-15 06:00:00,PZ-005,EQ-022,OBM,57.4,13.5,847.6,140
2026-06-15 12:00:00,PZ-005,EQ-022,WBM,72.0,13.2,325.8,170
2026-06-15 18:00:00,PZ-005,EQ-022,OBM,73.5,15.9,407.1,170
2026-06-16 00:00:00,PZ-005,EQ-022,OBM,56.0,14.7,536.7,230
2026-06-16 06:00:00,PZ-005,EQ-022,WBM,49.0,12.0,430.6,170
2026-06-16 12:00:00,PZ-005,EQ-022,OBM,78.8,14.6,470.4,100
2026-06-16 18:00:00,PZ-005,EQ-022,WBM,73.7,10.3,813.8,170
2026-06-17 00:00:00,PZ-005,EQ-022,OBM,50.6,15.4,667.1,230
2026-06-17 06:00:00,PZ-005,EQ-022,WBM,79.8,9.0,838.4,230
2026-06-17 12:00:00,PZ-005,EQ-022,OBM,61.2,13.4,502.1,200
2026-06-17 18:00:00,PZ-005,EQ-022,OBM,51.7,9.6,413.1,100
2026-06-18 00:00:00,PZ-005,EQ-022,WBM,74.1,15.9,678.5,140
2026-06-18 06:00:00,PZ-005,EQ-022,WBM,53.6,10.6,642.5,200
2026-06-18 12:00:00,PZ-005,EQ-022,OBM,65.7,15.1,704.0,140
2026-06-18 18:00:00,PZ-005,EQ-022,OBM,59.3,14.9,449.4,140
2026-06-19 00:00:00,PZ-005,EQ-022,OBM,52.9,13.7,435.3,100
2026-06-19 06:00:00,PZ-005,EQ-022,WBM,83.8,15.5,628.9,200
2026-06-19 12:00:00,PZ-005,EQ-022,OBM,74.3,12.4,842.8,140
2026-06-19 18:00:00,PZ-005,EQ-022,WBM,53.5,10.3,471.6,230
2026-06-20 00:00:00,PZ-005,EQ-022,WBM,61.0,10.3,487.1,200
2026-06-20 06:00:00,PZ-005,EQ-022,OBM,44.6,15.5,347.6,140
2026-06-20 12:00:00,PZ-005,EQ-022,OBM,42.8,15.7,326.0,200
2026-06-20 18:00:00,PZ-005,EQ-022,OBM,82.8,12.0,716.5,200
2026-06-21 00:00:00,PZ-005,EQ-022,OBM,42.2,14.0,566.5,200
2026-06-21 06:00:00,PZ-005,EQ-022,OBM,74.5,11.9,735.9,170
2026-06-21 12:00:00,PZ-005,EQ-022,OBM,54.3,9.8,656.0,140
2026-06-21 18:00:00,PZ-005,EQ-022,WBM,64.2,9.9,811.2,170
2026-06-22 00:00:00,PZ-005,EQ-022,OBM,83.3,9.7,783.8,100
2026-06-22 06:00:00,PZ-005,EQ-022,OBM,46.8,9.6,468.1,140
2026-06-22 12:00:00,PZ-005,EQ-022,OBM,40.1,11.9,584.0,230
2026-06-22 18:00:00,PZ-005,EQ-022,WBM,60.8,12.5,467.6,170
2026-06-23 00:00:00,PZ-005,EQ-022,OBM,61.2,9.3,473.5,170
2026-06-23 06:00:00,PZ-005,EQ-022,OBM,72.9,15.2,579.8,100
2026-06-23 12:00:00,PZ-005,EQ-022,OBM,52.3,15.1,747.6,200
2026-06-23 18:00:00,PZ-005,EQ-022,WBM,53.0,15.9,788.9,100
2026-06-24 00:00:00,PZ-005,EQ-022,WBM,75.1,14.4,826.6,100
2026-06-24 06:00:00,PZ-005,EQ-022,OBM,49.2,15.5,589.7,140
2026-06-24 12:00:00,PZ-005,EQ-022,OBM,55.9,13.9,785.1,140
2026-06-24 18:00:00,PZ-005,EQ-022,WBM,64.0,15.4,645.5,230
2026-06-25 00:00:00,PZ-005,EQ-022,OBM,47.0,14.8,686.6,100
2026-06-25 06:00:00,PZ-005,EQ-022,WBM,55.8,9.9,843.5,230
2026-06-25 12:00:00,PZ-005,EQ-022,WBM,51.7,14.1,693.8,100
2026-06-25 18:00:00,PZ-005,EQ-022,OBM,67.6,12.5,667.3,170
2026-06-26 00:00:00,PZ-005,EQ-022,OBM,84.9,15.4,676.6,100
2026-06-26 06:00:00,PZ-005,EQ-022,OBM,45.0,14.8,439.3,100
2026-06-26 12:00:00,PZ-005,EQ-022,OBM,70.2,11.2,429.5,200
2026-06-26 18:00:00,PZ-005,EQ-022,OBM,84.3,11.8,603.1,100
2026-06-27 00:00:00,PZ-005,EQ-022,WBM,84.4,11.1,359.9,170
2026-06-27 06:00:00,PZ-005,EQ-022,WBM,55.3,14.6,825.7,170
2026-06-27 12:00:00,PZ-005,EQ-022,OBM,72.7,15.7,624.6,140
2026-06-27 18:00:00,PZ-005,EQ-022,WBM,70.4,13.0,817.4,200
2026-06-28 00:00:00,PZ-005,EQ-022,OBM,84.4,9.2,555.1,200
2026-06-28 06:00:00,PZ-005,EQ-022,OBM,75.2,11.1,812.2,200
2026-06-28 12:00:00,PZ-005,EQ-022,WBM,49.4,14.5,549.6,170
2026-06-28 18:00:00,PZ-005,EQ-022,OBM,77.6,9.7,647.3,230
2026-06-29 00:00:00,PZ-005,EQ-022,OBM,68.6,13.2,697.1,100
2026-06-29 06:00:00,PZ-005,EQ-022,OBM,67.7,10.5,322.4,230
2026-06-29 12:00:00,PZ-005,EQ-022,OBM,68.9,12.5,354.0,100
2026-06-29 18:00:00,PZ-005,EQ-022,WBM,84.8,10.8,706.5,100
2026-06-30 00:00:00,PZ-005,EQ-022,WBM,62.0,10.7,569.1,200
2026-06-30 06:00:00,PZ-005,EQ-022,OBM,63.1,11.9,408.9,140
2026-06-30 12:00:00,PZ-005,EQ-022,OBM,75.5,10.1,450.0,100
2026-06-30 18:00:00,PZ-005,EQ-022,OBM,84.7,14.4,314.7,200
2026-07-01 00:00:00,PZ-005,EQ-022,WBM,52.5,13.8,430.0,170
2026-07-01 06:00:00,PZ-005,EQ-022,OBM,82.4,14.3,799.0,230
2026-07-01 12:00:00,PZ-005,EQ-022,OBM,79.5,15.1,331.5,140
2026-07-01 18:00:00,PZ-005,EQ-022,OBM,76.2,10.2,453.6,170
2026-07-02 00:00:00,PZ-005,EQ-022,OBM,53.4,15.0,757.0,230
2026-07-02 06:00:00,PZ-005,EQ-022,OBM,68.2,13.6,404.3,100
2026-07-02 12:00:00,PZ-005,EQ-022,OBM,72.5,10.3,349.1,230
2026-07-02 18:00:00,PZ-005,EQ-022,WBM,62.0,12.6,619.1,140
2026-07-03 00:00:00,PZ-005,EQ-022,WBM,68.6,9.1,690.7,200
2026-07-03 06:00:00,PZ-005,EQ-022,OBM,64.2,11.4,836.7,230
2026-07-03 12:00:00,PZ-005,EQ-022,WBM,83.9,15.2,559.2,140
2026-07-03 18:00:00,PZ-005,EQ-022,OBM,60.5,15.9,696.1,230
2026-07-04 00:00:00,PZ-005,EQ-022,OBM,74.1,14.4,738.0,100
2026-07-04 06:00:00,PZ-005,EQ-022,OBM,46.7,16.0,592.3,200
2026-07-04 12:00:00,PZ-005,EQ-022,WBM,40.6,10.5,384.9,230
2026-07-04 18:00:00,PZ-005,EQ-022,OBM,46.8,11.0,767.3,100
2026-07-05 00:00:00,PZ-005,EQ-022,OBM,55.5,12.7,813.5,100
2026-07-05 06:00:00,PZ-005,EQ-022,OBM,83.7,14.4,566.3,230
2026-07-05 12:00:00,PZ-005,EQ-022,OBM,62.7,12.3,489.1,230
2026-07-05 18:00:00,PZ-005,EQ-022,OBM,63.2,15.0,502.2,140
2026-07-06 00:00:00,PZ-005,EQ-022,OBM,40.9,9.6,495.8,170
2026-07-06 06:00:00,PZ-005,EQ-022,WBM,61.9,14.4,653.8,140
2026-07-06 12:00:00,PZ-005,EQ-022,WBM,45.1,13.5,431.1,170
2026-07-06 18:00:00,PZ-005,EQ-022,OBM,77.4,12.6,315.3,140
2026-07-07 00:00:00,PZ-005,EQ-022,OBM,56.9,14.1,770.0,200
2026-07-07 06:00:00,PZ-005,EQ-022,WBM,60.8,13.1,647.1,170
2026-07-07 12:00:00,PZ-005,EQ-022,WBM,48.8,10.9,461.2,200
2026-07-07 18:00:00,PZ-005,EQ-022,OBM,63.6,11.7,465.2,170
2026-07-08 00:00:00,PZ-005,EQ-022,OBM,73.3,13.4,711.4,200
2026-07-08 06:00:00,PZ-005,EQ-022,OBM,70.5,13.0,847.7,200
2026-07-08 12:00:00,PZ-005,EQ-022,OBM,74.2,11.4,384.9,200
2026-07-08 18:00:00,PZ-005,EQ-022,WBM,45.7,15.5,691.8,170
2026-07-09 00:00:00,PZ-005,EQ-022,OBM,71.4,12.9,678.9,170
2026-07-09 06:00:00,PZ-005,EQ-022,OBM,48.1,12.2,690.8,200
2026-07-09 12:00:00,PZ-005,EQ-022,OBM,81.7,13.1,480.4,200
2026-07-09 18:00:00,PZ-005,EQ-022,WBM,46.3,12.7,396.1,100
2026-07-10 00:00:00,PZ-005,EQ-022,WBM,77.4,12.7,387.5,140
2026-07-10 06:00:00,PZ-005,EQ-022,WBM,54.2,9.0,474.0,170
2026-07-10 12:00:00,PZ-005,EQ-022,WBM,74.6,15.1,830.1,140
2026-07-10 18:00:00,PZ-005,EQ-022,OBM,78.5,14.6,541.2,200
2026-07-11 00:00:00,PZ-005,EQ-022,WBM,62.9,9.2,456.0,140
2026-07-11 06:00:00,PZ-005,EQ-022,OBM,84.1,15.8,622.2,170
2026-07-11 12:00:00,PZ-005,EQ-022,WBM,55.0,10.5,825.6,170
2026-07-11 18:00:00,PZ-005,EQ-022,WBM,83.1,10.5,717.2,230
2026-07-12 00:00:00,PZ-005,EQ-022,OBM,60.4,13.0,791.0,100
2026-07-12 06:00:00,PZ-005,EQ-022,OBM,43.7,11.7,481.9,200
2026-07-12 12:00:00,PZ-005,EQ-022,WBM,78.3,13.5,455.6,170
2026-07-12 18:00:00,PZ-005,EQ-022,OBM,54.9,10.6,728.0,200
2026-07-13 00:00:00,PZ-005,EQ-022,WBM,59.5,15.4,614.2,170
2026-07-13 06:00:00,PZ-005,EQ-022,OBM,41.1,15.1,492.8,170
2026-07-13 12:00:00,PZ-005,EQ-022,OBM,46.6,15.2,587.0,140
2026-07-13 18:00:00,PZ-005,EQ-022,OBM,56.1,11.9,473.2,140
2026-07-14 00:00:00,PZ-005,EQ-022,OBM,47.5,10.8,837.0,170
2026-07-14 06:00:00,PZ-005,EQ-022,OBM,45.5,15.5,776.6,170
2026-07-14 12:00:00,PZ-005,EQ-022,OBM,77.1,12.1,581.4,230
2026-07-14 18:00:00,PZ-005,EQ-022,WBM,45.5,9.5,505.4,200
2026-07-15 00:00:00,PZ-005,EQ-022,OBM,54.8,9.1,638.3,170
2026-07-15 06:00:00,PZ-005,EQ-022,WBM,76.9,11.2,420.2,200
2026-07-15 12:00:00,PZ-005,EQ-022,OBM,67.3,10.7,572.7,100
2026-07-15 18:00:00,PZ-005,EQ-022,OBM,56.3,15.6,519.5,100
2026-07-16 00:00:00,PZ-005,EQ-022,OBM,84.0,15.9,580.0,100
2026-07-16 06:00:00,PZ-005,EQ-022,OBM,64.1,15.7,444.3,230
2026-07-16 12:00:00,PZ-005,EQ-022,OBM,41.3,11.0,371.1,140
2026-07-16 18:00:00,PZ-005,EQ-022,OBM,73.8,12.7,451.7,230
2026-07-17 00:00:00,PZ-005,EQ-022,WBM,68.3,15.3,825.6,140
2026-07-17 06:00:00,PZ-005,EQ-022,WBM,49.7,15.5,716.0,140
2026-07-17 12:00:00,PZ-005,EQ-022,OBM,45.5,13.4,493.6,100
2026-07-17 18:00:00,PZ-005,EQ-022,OBM,43.1,10.4,634.4,230
2026-07-18 00:00:00,PZ-005,EQ-022,WBM,51.1,10.9,829.8,100
2026-07-18 06:00:00,PZ-005,EQ-022,OBM,52.1,9.2,618.1,140
2026-07-18 12:00:00,PZ-005,EQ-022,OBM,79.5,13.4,816.8,100
2026-07-18 18:00:00,PZ-005,EQ-022,OBM,63.9,15.7,720.5,140
2026-07-19 00:00:00,PZ-005,EQ-022,OBM,58.8,12.7,512.4,200
2026-07-19 06:00:00,PZ-005,EQ-022,OBM,59.1,15.0,340.7,140
2026-07-19 12:00:00,PZ-005,EQ-022,OBM,69.8,15.4,476.4,100
2026-07-19 18:00:00,PZ-005,EQ-022,OBM,70.8,15.0,429.3,140
2026-07-20 00:00:00,PZ-005,EQ-022,WBM,52.5,12.2,511.6,100
2026-07-20 06:00:00,PZ-005,EQ-022,OBM,78.4,14.9,582.5,100
2026-07-20 12:00:00,PZ-005,EQ-022,WBM,77.4,13.7,477.9,200
2026-07-20 18:00:00,PZ-005,EQ-022,WBM,52.3,15.4,503.9,100
2026-07-21 00:00:00,PZ-005,EQ-022,OBM,48.1,12.0,779.3,200
2026-07-21 06:00:00,PZ-005,EQ-022,WBM,54.5,11.7,568.3,200
2026-07-21 12:00:00,PZ-005,EQ-022,OBM,74.9,10.1,784.2,140
2026-07-21 18:00:00,PZ-005,EQ-022,WBM,62.8,14.2,762.9,100
2026-07-22 00:00:00,PZ-005,EQ-022,OBM,49.0,10.4,784.7,100
2026-07-22 06:00:00,PZ-005,EQ-022,OBM,76.4,14.9,316.7,230
2026-07-22 12:00:00,PZ-005,EQ-022,OBM,61.7,14.4,642.0,200
2026-07-22 18:00:00,PZ-005,EQ-022,WBM,63.0,11.1,793.3,100
2026-07-23 00:00:00,PZ-005,EQ-022,WBM,69.9,11.6,842.3,200
2026-07-23 06:00:00,PZ-005,EQ-022,OBM,74.1,12.3,452.5,140
2026-07-23 12:00:00,PZ-005,EQ-022,OBM,82.4,10.1,818.4,100
2026-07-23 18:00:00,PZ-005,EQ-022,WBM,79.5,13.9,340.4,230
2026-07-24 00:00:00,PZ-005,EQ-022,OBM,79.7,11.9,430.7,200
2026-07-24 06:00:00,PZ-005,EQ-022,OBM,57.5,15.0,727.5,100
2026-07-24 12:00:00,PZ-005,EQ-022,WBM,48.5,11.4,834.3,140
2026-07-24 18:00:00,PZ-005,EQ-022,OBM,53.5,15.0,416.6,230
2026-07-25 00:00:00,PZ-005,EQ-022,WBM,82.1,10.5,845.5,200
2026-07-25 06:00:00,PZ-005,EQ-022,OBM,54.0,15.4,481.3,200
2026-07-25 12:00:00,PZ-005,EQ-022,WBM,61.8,13.4,652.0,200
2026-07-25 18:00:00,PZ-005,EQ-022,OBM,65.6,10.5,844.3,170
2026-07-26 00:00:00,PZ-005,EQ-022,OBM,43.6,9.1,324.5,140
2026-07-26 06:00:00,PZ-005,EQ-022,OBM,41.6,14.1,696.0,140
2026-07-26 12:00:00,PZ-005,EQ-022,WBM,47.6,11.6,326.6,140
2026-07-26 18:00:00,PZ-005,EQ-022,WBM,73.2,15.3,800.0,200
2026-07-27 00:00:00,PZ-005,EQ-022,WBM,43.8,12.8,446.8,140
2026-07-27 06:00:00,PZ-005,EQ-022,WBM,60.7,11.6,756.0,170
2026-07-27 12:00:00,PZ-005,EQ-022,WBM,81.1,10.1,539.4,170
2026-07-27 18:00:00,PZ-005,EQ-022,OBM,58.3,14.4,678.9,140
2026-07-28 00:00:00,PZ-005,EQ-022,OBM,74.2,11.1,601.2,230
2026-07-28 06:00:00,PZ-005,EQ-022,WBM,55.7,12.6,369.4,230
2026-07-28 12:00:00,PZ-005,EQ-022,OBM,66.2,9.2,583.5,140
2026-07-28 18:00:00,PZ-005,EQ-022,WBM,75.8,11.2,562.8,200
2026-07-29 00:00:00,PZ-005,EQ-022,OBM,45.6,12.5,719.8,170
2026-07-29 06:00:00,PZ-005,EQ-022,OBM,65.2,15.3,748.1,170
2026-07-29 12:00:00,PZ-005,EQ-022,OBM,63.7,14.4,328.3,170
2026-07-29 18:00:00,PZ-005,EQ-022,OBM,45.0,14.2,372.1,170
2026-07-30 00:00:00,PZ-005,EQ-022,WBM,45.7,13.8,482.4,200
2026-07-30 06:00:00,PZ-005,EQ-022,OBM,62.7,11.6,572.2,200
2026-07-30 12:00:00,PZ-005,EQ-022,WBM,79.1,10.7,697.0,170
2026-07-30 18:00:00,PZ-005,EQ-022,OBM,55.1,14.6,564.0,230
2026-07-31 00:00:00,PZ-005,EQ-022,OBM,78.1,11.8,720.7,230
2026-05-01 00:00:00,PZ-005,EQ-023,WBM,66.7,10.9,798.6,0
2026-05-01 06:00:00,PZ-005,EQ-023,OBM,52.6,13.2,371.6,0
2026-05-01 12:00:00,PZ-005,EQ-023,WBM,78.9,12.2,352.0,0
2026-05-01 18:00:00,PZ-005,EQ-023,OBM,43.4,13.4,579.0,0
2026-05-02 00:00:00,PZ-005,EQ-023,OBM,42.4,12.5,578.8,0
2026-05-02 06:00:00,PZ-005,EQ-023,WBM,58.4,12.8,329.3,0
2026-05-02 12:00:00,PZ-005,EQ-023,WBM,62.0,9.3,703.3,0
2026-05-02 18:00:00,PZ-005,EQ-023,OBM,49.2,11.4,563.5,0
2026-05-03 00:00:00,PZ-005,EQ-023,WBM,80.9,11.0,374.8,0
2026-05-03 06:00:00,PZ-005,EQ-023,OBM,45.5,11.4,337.2,0
2026-05-03 12:00:00,PZ-005,EQ-023,OBM,64.0,15.0,615.3,0
2026-05-03 18:00:00,PZ-005,EQ-023,OBM,55.9,9.3,698.9,0
2026-05-04 00:00:00,PZ-005,EQ-023,OBM,79.4,9.1,717.8,0
2026-05-04 06:00:00,PZ-005,EQ-023,WBM,66.2,12.7,763.3,0
2026-05-04 12:00:00,PZ-005,EQ-023,OBM,64.5,12.1,504.2,0
2026-05-04 18:00:00,PZ-005,EQ-023,OBM,64.5,15.8,526.8,0
2026-05-05 00:00:00,PZ-005,EQ-023,WBM,66.9,14.9,436.4,0
2026-05-05 06:00:00,PZ-005,EQ-023,WBM,40.9,12.2,661.1,0
2026-05-05 12:00:00,PZ-005,EQ-023,OBM,45.8,12.7,469.6,0
2026-05-05 18:00:00,PZ-005,EQ-023,OBM,43.0,10.3,791.0,0
2026-05-06 00:00:00,PZ-005,EQ-023,OBM,47.6,16.0,807.7,0
2026-05-06 06:00:00,PZ-005,EQ-023,OBM,60.5,11.4,574.5,0
2026-05-06 12:00:00,PZ-005,EQ-023,OBM,48.2,11.8,553.7,0
2026-05-06 18:00:00,PZ-005,EQ-023,OBM,76.1,15.2,387.5,0
2026-05-07 00:00:00,PZ-005,EQ-023,OBM,58.8,9.8,335.3,0
2026-05-07 06:00:00,PZ-005,EQ-023,OBM,60.4,14.3,350.1,0
2026-05-07 12:00:00,PZ-005,EQ-023,OBM,60.3,10.8,825.0,0
2026-05-07 18:00:00,PZ-005,EQ-023,WBM,68.4,13.0,715.1,0
2026-05-08 00:00:00,PZ-005,EQ-023,OBM,49.3,15.2,436.6,0
2026-05-08 06:00:00,PZ-005,EQ-023,WBM,61.7,10.5,483.5,0
2026-05-08 12:00:00,PZ-005,EQ-023,WBM,44.0,10.4,736.8,0
2026-05-08 18:00:00,PZ-005,EQ-023,WBM,70.6,15.3,464.5,0
2026-05-09 00:00:00,PZ-005,EQ-023,OBM,53.5,9.4,804.2,0
2026-05-09 06:00:00,PZ-005,EQ-023,WBM,61.4,9.8,795.9,0
2026-05-09 12:00:00,PZ-005,EQ-023,WBM,75.6,14.6,795.7,0
2026-05-09 18:00:00,PZ-005,EQ-023,OBM,63.2,14.5,499.0,0
2026-05-10 00:00:00,PZ-005,EQ-023,OBM,43.5,9.8,789.9,0
2026-05-10 06:00:00,PZ-005,EQ-023,WBM,63.5,15.0,356.9,0
2026-05-10 12:00:00,PZ-005,EQ-023,OBM,43.7,11.5,438.5,0
2026-05-10 18:00:00,PZ-005,EQ-023,WBM,45.2,9.7,474.9,0
2026-05-11 00:00:00,PZ-005,EQ-023,WBM,56.7,10.5,358.4,0
2026-05-11 06:00:00,PZ-005,EQ-023,OBM,67.3,14.3,834.7,0
2026-05-11 12:00:00,PZ-005,EQ-023,OBM,66.2,11.3,637.2,0
2026-05-11 18:00:00,PZ-005,EQ-023,OBM,77.5,10.0,392.9,0
2026-05-12 00:00:00,PZ-005,EQ-023,WBM,65.4,11.3,824.1,0
2026-05-12 06:00:00,PZ-005,EQ-023,WBM,79.1,13.1,601.1,0
2026-05-12 12:00:00,PZ-005,EQ-023,WBM,74.3,12.5,323.4,0
2026-05-12 18:00:00,PZ-005,EQ-023,OBM,55.5,14.4,664.9,0
2026-05-13 00:00:00,PZ-005,EQ-023,WBM,76.3,13.5,465.4,0
2026-05-13 06:00:00,PZ-005,EQ-023,OBM,40.1,13.7,660.8,0
2026-05-13 12:00:00,PZ-005,EQ-023,OBM,77.1,11.0,389.2,0
2026-05-13 18:00:00,PZ-005,EQ-023,WBM,78.6,12.4,800.4,0
2026-05-14 00:00:00,PZ-005,EQ-023,WBM,61.1,12.7,748.3,0
2026-05-14 06:00:00,PZ-005,EQ-023,OBM,53.2,12.7,371.8,0
2026-05-14 12:00:00,PZ-005,EQ-023,WBM,43.3,15.2,367.5,0
2026-05-14 18:00:00,PZ-005,EQ-023,OBM,77.4,14.2,717.9,0
2026-05-15 00:00:00,PZ-005,EQ-023,OBM,44.3,12.1,847.0,0
2026-05-15 06:00:00,PZ-005,EQ-023,WBM,65.8,11.2,700.7,0
2026-05-15 12:00:00,PZ-005,EQ-023,WBM,78.1,10.6,831.2,0
2026-05-15 18:00:00,PZ-005,EQ-023,WBM,68.6,11.1,356.6,0
2026-05-16 00:00:00,PZ-005,EQ-023,WBM,58.9,15.5,341.4,0
2026-05-16 06:00:00,PZ-005,EQ-023,OBM,74.3,14.8,533.3,0
2026-05-16 12:00:00,PZ-005,EQ-023,OBM,79.9,12.5,633.9,0
2026-05-16 18:00:00,PZ-005,EQ-023,OBM,62.8,9.8,511.9,0
2026-05-17 00:00:00,PZ-005,EQ-023,OBM,73.9,12.5,395.9,0
2026-05-17 06:00:00,PZ-005,EQ-023,OBM,49.3,15.9,409.3,0
2026-05-17 12:00:00,PZ-005,EQ-023,WBM,51.4,10.8,705.9,0
2026-05-17 18:00:00,PZ-005,EQ-023,WBM,57.1,13.5,650.2,0
2026-05-18 00:00:00,PZ-005,EQ-023,OBM,51.1,15.2,417.4,0
2026-05-18 06:00:00,PZ-005,EQ-023,OBM,66.2,12.5,301.1,0
2026-05-18 12:00:00,PZ-005,EQ-023,WBM,70.8,15.0,511.6,0
2026-05-18 18:00:00,PZ-005,EQ-023,WBM,57.3,10.0,335.6,0
2026-05-19 00:00:00,PZ-005,EQ-023,OBM,84.2,15.2,833.3,0
2026-05-19 06:00:00,PZ-005,EQ-023,WBM,65.3,14.1,582.4,0
2026-05-19 12:00:00,PZ-005,EQ-023,OBM,61.0,11.0,650.4,0
2026-05-19 18:00:00,PZ-005,EQ-023,WBM,81.6,12.4,751.9,0
2026-05-20 00:00:00,PZ-005,EQ-023,WBM,76.2,9.6,781.2,0
2026-05-20 06:00:00,PZ-005,EQ-023,OBM,80.3,11.7,771.3,0
2026-05-20 12:00:00,PZ-005,EQ-023,WBM,77.3,15.4,346.5,0
2026-05-20 18:00:00,PZ-005,EQ-023,OBM,41.2,12.8,738.2,0
2026-05-21 00:00:00,PZ-005,EQ-023,OBM,79.6,15.1,398.4,0
2026-05-21 06:00:00,PZ-005,EQ-023,WBM,66.8,15.7,400.0,0
2026-05-21 12:00:00,PZ-005,EQ-023,OBM,73.8,9.5,535.6,0
2026-05-21 18:00:00,PZ-005,EQ-023,OBM,68.3,13.9,665.2,0
2026-05-22 00:00:00,PZ-005,EQ-023,WBM,71.9,15.5,817.9,0
2026-05-22 06:00:00,PZ-005,EQ-023,OBM,55.0,9.7,785.7,0
2026-05-22 12:00:00,PZ-005,EQ-023,WBM,73.3,13.9,674.6,0
2026-05-22 18:00:00,PZ-005,EQ-023,OBM,47.0,16.0,790.7,0
2026-05-23 00:00:00,PZ-005,EQ-023,OBM,57.7,13.5,702.1,0
2026-05-23 06:00:00,PZ-005,EQ-023,OBM,68.8,15.9,478.7,0
2026-05-23 12:00:00,PZ-005,EQ-023,WBM,44.2,14.4,657.1,0
2026-05-23 18:00:00,PZ-005,EQ-023,OBM,79.6,14.3,771.8,0
2026-05-24 00:00:00,PZ-005,EQ-023,OBM,56.2,9.1,323.8,0
2026-05-24 06:00:00,PZ-005,EQ-023,WBM,53.8,13.4,707.8,0
2026-05-24 12:00:00,PZ-005,EQ-023,OBM,82.3,15.0,432.4,0
2026-05-24 18:00:00,PZ-005,EQ-023,WBM,69.7,15.1,642.9,0
2026-05-25 00:00:00,PZ-005,EQ-023,OBM,83.5,11.9,846.0,0
2026-05-25 06:00:00,PZ-005,EQ-023,OBM,74.2,15.8,329.1,0
2026-05-25 12:00:00,PZ-005,EQ-023,OBM,80.9,9.8,762.4,0
2026-05-25 18:00:00,PZ-005,EQ-023,WBM,84.3,10.1,518.3,0
2026-05-26 00:00:00,PZ-005,EQ-023,WBM,65.6,15.5,844.7,0
2026-05-26 06:00:00,PZ-005,EQ-023,OBM,47.2,12.5,817.0,0
2026-05-26 12:00:00,PZ-005,EQ-023,WBM,80.1,13.4,481.8,0
2026-05-26 18:00:00,PZ-005,EQ-023,WBM,78.6,12.6,716.3,0
2026-05-27 00:00:00,PZ-005,EQ-023,WBM,68.8,10.1,426.4,0
2026-05-27 06:00:00,PZ-005,EQ-023,WBM,73.5,13.1,509.7,0
2026-05-27 12:00:00,PZ-005,EQ-023,OBM,41.8,13.8,515.5,0
2026-05-27 18:00:00,PZ-005,EQ-023,OBM,78.3,14.1,668.6,0
2026-05-28 00:00:00,PZ-005,EQ-023,OBM,60.7,10.0,607.7,0
2026-05-28 06:00:00,PZ-005,EQ-023,OBM,64.0,15.6,539.2,0
2026-05-28 12:00:00,PZ-005,EQ-023,OBM,70.8,10.9,441.5,0
2026-05-28 18:00:00,PZ-005,EQ-023,OBM,72.4,12.4,440.3,0
2026-05-29 00:00:00,PZ-005,EQ-023,OBM,49.6,14.6,394.8,0
2026-05-29 06:00:00,PZ-005,EQ-023,OBM,48.1,9.3,682.0,0
2026-05-29 12:00:00,PZ-005,EQ-023,OBM,61.7,13.3,780.3,0
2026-05-29 18:00:00,PZ-005,EQ-023,WBM,62.0,10.9,526.4,0
2026-05-30 00:00:00,PZ-005,EQ-023,OBM,57.6,15.0,300.7,0
2026-05-30 06:00:00,PZ-005,EQ-023,WBM,52.4,11.5,784.4,0
2026-05-30 12:00:00,PZ-005,EQ-023,OBM,59.8,12.6,619.2,0
2026-05-30 18:00:00,PZ-005,EQ-023,OBM,78.1,13.1,514.9,0
2026-05-31 00:00:00,PZ-005,EQ-023,OBM,55.6,9.5,561.9,0
2026-05-31 06:00:00,PZ-005,EQ-023,OBM,43.3,12.4,660.8,0
2026-05-31 12:00:00,PZ-005,EQ-023,WBM,70.4,9.4,387.4,0
2026-05-31 18:00:00,PZ-005,EQ-023,WBM,77.4,15.0,506.2,0
2026-06-01 00:00:00,PZ-005,EQ-023,WBM,59.5,10.9,396.2,0
2026-06-01 06:00:00,PZ-005,EQ-023,OBM,45.3,13.3,392.1,0
2026-06-01 12:00:00,PZ-005,EQ-023,WBM,42.0,12.2,849.9,0
2026-06-01 18:00:00,PZ-005,EQ-023,OBM,48.5,9.8,761.2,0
2026-06-02 00:00:00,PZ-005,EQ-023,OBM,59.0,14.2,594.8,0
2026-06-02 06:00:00,PZ-005,EQ-023,WBM,45.5,13.2,754.3,0
2026-06-02 12:00:00,PZ-005,EQ-023,OBM,81.8,11.8,375.5,0
2026-06-02 18:00:00,PZ-005,EQ-023,OBM,66.5,14.7,594.6,0
2026-06-03 00:00:00,PZ-005,EQ-023,WBM,78.5,9.4,795.1,0
2026-06-03 06:00:00,PZ-005,EQ-023,WBM,44.7,15.2,340.5,0
2026-06-03 12:00:00,PZ-005,EQ-023,WBM,41.7,12.7,849.1,0
2026-06-03 18:00:00,PZ-005,EQ-023,WBM,79.8,12.2,450.3,0
2026-06-04 00:00:00,PZ-005,EQ-023,WBM,79.6,13.4,374.8,0
2026-06-04 06:00:00,PZ-005,EQ-023,OBM,61.2,11.6,560.8,0
2026-06-04 12:00:00,PZ-005,EQ-023,OBM,81.3,9.3,613.1,0
2026-06-04 18:00:00,PZ-005,EQ-023,WBM,81.0,10.7,758.3,0
2026-06-05 00:00:00,PZ-005,EQ-023,OBM,79.1,15.8,848.4,0
2026-06-05 06:00:00,PZ-005,EQ-023,WBM,79.4,13.6,477.8,0
2026-06-05 12:00:00,PZ-005,EQ-023,OBM,60.4,12.2,847.8,0
2026-06-05 18:00:00,PZ-005,EQ-023,WBM,64.2,15.2,621.5,0
2026-06-06 00:00:00,PZ-005,EQ-023,WBM,70.3,9.6,606.0,0
2026-06-06 06:00:00,PZ-005,EQ-023,OBM,46.0,9.1,375.5,0
2026-06-06 12:00:00,PZ-005,EQ-023,WBM,76.7,11.6,762.4,0
2026-06-06 18:00:00,PZ-005,EQ-023,OBM,40.4,15.5,710.3,0
2026-06-07 00:00:00,PZ-005,EQ-023,OBM,82.0,13.1,425.7,0
2026-06-07 06:00:00,PZ-005,EQ-023,OBM,84.4,13.1,385.6,0
2026-06-07 12:00:00,PZ-005,EQ-023,OBM,61.3,11.7,603.9,0
2026-06-07 18:00:00,PZ-005,EQ-023,OBM,77.7,9.8,819.8,0
2026-06-08 00:00:00,PZ-005,EQ-023,WBM,67.9,9.8,346.3,0
2026-06-08 06:00:00,PZ-005,EQ-023,WBM,79.4,15.5,337.0,0
2026-06-08 12:00:00,PZ-005,EQ-023,WBM,81.8,14.4,672.1,0
2026-06-08 18:00:00,PZ-005,EQ-023,WBM,51.5,11.2,632.8,0
2026-06-09 00:00:00,PZ-005,EQ-023,WBM,59.7,13.8,470.3,0
2026-06-09 06:00:00,PZ-005,EQ-023,WBM,47.4,13.4,337.7,0
2026-06-09 12:00:00,PZ-005,EQ-023,WBM,66.9,15.5,334.3,0
2026-06-09 18:00:00,PZ-005,EQ-023,WBM,55.5,13.2,444.2,0
2026-06-10 00:00:00,PZ-005,EQ-023,OBM,73.7,9.9,550.3,0
2026-06-10 06:00:00,PZ-005,EQ-023,WBM,42.1,14.3,544.7,0
2026-06-10 12:00:00,PZ-005,EQ-023,WBM,74.9,9.5,649.3,0
2026-06-10 18:00:00,PZ-005,EQ-023,WBM,76.7,9.4,822.2,0
2026-06-11 00:00:00,PZ-005,EQ-023,WBM,84.6,10.4,521.3,0
2026-06-11 06:00:00,PZ-005,EQ-023,OBM,50.8,14.2,468.2,0
2026-06-11 12:00:00,PZ-005,EQ-023,WBM,55.1,9.5,570.5,0
2026-06-11 18:00:00,PZ-005,EQ-023,WBM,67.7,13.0,462.0,0
2026-06-12 00:00:00,PZ-005,EQ-023,WBM,60.7,12.2,315.8,0
2026-06-12 06:00:00,PZ-005,EQ-023,OBM,60.4,13.5,592.8,0
2026-06-12 12:00:00,PZ-005,EQ-023,OBM,54.9,14.8,337.2,0
2026-06-12 18:00:00,PZ-005,EQ-023,OBM,78.5,9.5,352.8,0
2026-06-13 00:00:00,PZ-005,EQ-023,WBM,78.0,15.7,309.5,0
2026-06-13 06:00:00,PZ-005,EQ-023,OBM,46.1,11.4,451.4,0
2026-06-13 12:00:00,PZ-005,EQ-023,WBM,55.1,13.3,645.8,0
2026-06-13 18:00:00,PZ-005,EQ-023,OBM,78.1,10.5,599.0,0
2026-06-14 00:00:00,PZ-005,EQ-023,OBM,51.5,12.5,588.8,0
2026-06-14 06:00:00,PZ-005,EQ-023,WBM,53.2,13.9,519.6,0
2026-06-14 12:00:00,PZ-005,EQ-023,OBM,55.6,12.9,691.6,0
2026-06-14 18:00:00,PZ-005,EQ-023,OBM,78.8,12.2,586.7,0
2026-06-15 00:00:00,PZ-005,EQ-023,WBM,45.0,9.9,398.5,0
2026-06-15 06:00:00,PZ-005,EQ-023,WBM,82.7,14.7,676.5,0
2026-06-15 12:00:00,PZ-005,EQ-023,WBM,65.6,15.6,321.5,0
2026-06-15 18:00:00,PZ-005,EQ-023,WBM,65.6,9.8,563.6,0
2026-06-16 00:00:00,PZ-005,EQ-023,WBM,74.0,9.4,382.3,0
2026-06-16 06:00:00,PZ-005,EQ-023,OBM,78.3,10.5,352.7,0
2026-06-16 12:00:00,PZ-005,EQ-023,OBM,47.1,12.9,779.8,0
2026-06-16 18:00:00,PZ-005,EQ-023,WBM,52.3,13.6,397.9,0
2026-06-17 00:00:00,PZ-005,EQ-023,OBM,65.2,9.8,843.5,0
2026-06-17 06:00:00,PZ-005,EQ-023,OBM,84.8,15.0,551.0,0
2026-06-17 12:00:00,PZ-005,EQ-023,WBM,81.7,14.9,470.5,0
2026-06-17 18:00:00,PZ-005,EQ-023,OBM,50.3,13.3,440.3,0
2026-06-18 00:00:00,PZ-005,EQ-023,WBM,70.1,11.3,319.9,0
2026-06-18 06:00:00,PZ-005,EQ-023,OBM,50.8,13.4,528.2,0
2026-06-18 12:00:00,PZ-005,EQ-023,OBM,53.9,10.0,487.6,0
2026-06-18 18:00:00,PZ-005,EQ-023,OBM,47.2,13.6,398.6,0
2026-06-19 00:00:00,PZ-005,EQ-023,OBM,53.0,13.6,825.7,0
2026-06-19 06:00:00,PZ-005,EQ-023,OBM,81.5,10.2,501.8,0
2026-06-19 12:00:00,PZ-005,EQ-023,OBM,70.1,13.6,598.2,0
2026-06-19 18:00:00,PZ-005,EQ-023,WBM,83.1,10.6,366.9,0
2026-06-20 00:00:00,PZ-005,EQ-023,OBM,74.4,9.7,744.1,0
2026-06-20 06:00:00,PZ-005,EQ-023,OBM,84.0,10.4,577.4,0
2026-06-20 12:00:00,PZ-005,EQ-023,OBM,42.5,9.8,631.2,0
2026-06-20 18:00:00,PZ-005,EQ-023,WBM,55.3,10.4,313.2,0
2026-06-21 00:00:00,PZ-005,EQ-023,OBM,40.5,14.4,714.4,0
2026-06-21 06:00:00,PZ-005,EQ-023,WBM,79.5,12.3,395.3,0
2026-06-21 12:00:00,PZ-005,EQ-023,WBM,56.9,12.5,497.9,0
2026-06-21 18:00:00,PZ-005,EQ-023,OBM,55.7,11.5,706.1,0
2026-06-22 00:00:00,PZ-005,EQ-023,OBM,76.6,15.2,624.8,0
2026-06-22 06:00:00,PZ-005,EQ-023,OBM,62.7,12.0,444.3,0
2026-06-22 12:00:00,PZ-005,EQ-023,OBM,49.4,15.3,786.9,0
2026-06-22 18:00:00,PZ-005,EQ-023,OBM,56.7,14.0,634.5,0
2026-06-23 00:00:00,PZ-005,EQ-023,WBM,67.8,15.3,347.2,0
2026-06-23 06:00:00,PZ-005,EQ-023,OBM,70.9,9.6,780.0,0
2026-06-23 12:00:00,PZ-005,EQ-023,OBM,41.2,10.1,740.2,0
2026-06-23 18:00:00,PZ-005,EQ-023,OBM,45.2,12.7,342.4,0
2026-06-24 00:00:00,PZ-005,EQ-023,WBM,42.9,15.3,369.5,0
2026-06-24 06:00:00,PZ-005,EQ-023,OBM,48.9,16.0,491.1,0
2026-06-24 12:00:00,PZ-005,EQ-023,OBM,82.7,14.3,439.6,0
2026-06-24 18:00:00,PZ-005,EQ-023,OBM,56.2,14.8,709.7,0
2026-06-25 00:00:00,PZ-005,EQ-023,WBM,50.7,13.0,343.4,0
2026-06-25 06:00:00,PZ-005,EQ-023,OBM,47.6,13.2,633.8,0
2026-06-25 12:00:00,PZ-005,EQ-023,OBM,44.9,11.8,785.6,0
2026-06-25 18:00:00,PZ-005,EQ-023,OBM,70.1,13.7,312.6,0
2026-06-26 00:00:00,PZ-005,EQ-023,WBM,68.2,12.9,658.0,0
2026-06-26 06:00:00,PZ-005,EQ-023,WBM,51.1,11.6,433.1,0
2026-06-26 12:00:00,PZ-005,EQ-023,OBM,49.7,15.2,553.4,0
2026-06-26 18:00:00,PZ-005,EQ-023,WBM,64.3,11.4,768.2,0
2026-06-27 00:00:00,PZ-005,EQ-023,OBM,44.6,13.7,787.2,0
2026-06-27 06:00:00,PZ-005,EQ-023,WBM,60.5,15.7,648.4,0
2026-06-27 12:00:00,PZ-005,EQ-023,OBM,41.8,12.1,342.7,0
2026-06-27 18:00:00,PZ-005,EQ-023,OBM,69.5,16.0,394.7,0
2026-06-28 00:00:00,PZ-005,EQ-023,OBM,49.7,10.1,535.2,0
2026-06-28 06:00:00,PZ-005,EQ-023,OBM,60.5,15.0,788.4,0
2026-06-28 12:00:00,PZ-005,EQ-023,OBM,52.5,9.7,781.1,0
2026-06-28 18:00:00,PZ-005,EQ-023,WBM,54.6,10.4,539.0,0
2026-06-29 00:00:00,PZ-005,EQ-023,OBM,81.2,11.4,316.7,0
2026-06-29 06:00:00,PZ-005,EQ-023,OBM,66.6,15.7,681.9,0
2026-06-29 12:00:00,PZ-005,EQ-023,WBM,63.4,13.7,391.1,0
2026-06-29 18:00:00,PZ-005,EQ-023,OBM,72.7,13.6,734.1,0
2026-06-30 00:00:00,PZ-005,EQ-023,WBM,41.7,10.0,802.3,0
2026-06-30 06:00:00,PZ-005,EQ-023,OBM,71.1,13.5,604.7,0
2026-06-30 12:00:00,PZ-005,EQ-023,OBM,81.3,9.1,329.4,0
2026-06-30 18:00:00,PZ-005,EQ-023,WBM,58.4,16.0,726.3,0
2026-07-01 00:00:00,PZ-005,EQ-023,WBM,50.8,14.4,744.2,0
2026-07-01 06:00:00,PZ-005,EQ-023,OBM,83.5,12.3,422.5,0
2026-07-01 12:00:00,PZ-005,EQ-023,OBM,53.2,13.3,681.7,0
2026-07-01 18:00:00,PZ-005,EQ-023,OBM,54.2,15.0,693.1,0
2026-07-02 00:00:00,PZ-005,EQ-023,WBM,41.6,15.0,512.7,0
2026-07-02 06:00:00,PZ-005,EQ-023,WBM,63.2,10.1,611.7,0
2026-07-02 12:00:00,PZ-005,EQ-023,OBM,80.7,10.1,571.7,0
2026-07-02 18:00:00,PZ-005,EQ-023,OBM,82.0,11.8,468.2,0
2026-07-03 00:00:00,PZ-005,EQ-023,OBM,70.7,15.2,364.6,0
2026-07-03 06:00:00,PZ-005,EQ-023,OBM,80.4,11.7,472.2,0
2026-07-03 12:00:00,PZ-005,EQ-023,WBM,61.6,12.2,380.3,0
2026-07-03 18:00:00,PZ-005,EQ-023,OBM,56.5,11.2,730.0,0
2026-07-04 00:00:00,PZ-005,EQ-023,OBM,78.1,15.6,741.0,0
2026-07-04 06:00:00,PZ-005,EQ-023,OBM,69.8,13.9,795.0,0
2026-07-04 12:00:00,PZ-005,EQ-023,OBM,49.7,15.4,546.0,0
2026-07-04 18:00:00,PZ-005,EQ-023,OBM,56.0,10.3,440.9,0
2026-07-05 00:00:00,PZ-005,EQ-023,WBM,66.7,15.1,546.7,0
2026-07-05 06:00:00,PZ-005,EQ-023,OBM,56.1,13.6,492.7,0
2026-07-05 12:00:00,PZ-005,EQ-023,WBM,84.0,9.5,577.9,0
2026-07-05 18:00:00,PZ-005,EQ-023,OBM,59.3,11.1,437.5,0
2026-07-06 00:00:00,PZ-005,EQ-023,OBM,50.0,14.4,566.8,0
2026-07-06 06:00:00,PZ-005,EQ-023,WBM,80.2,13.2,401.4,0
2026-07-06 12:00:00,PZ-005,EQ-023,OBM,54.9,12.9,461.4,0
2026-07-06 18:00:00,PZ-005,EQ-023,WBM,73.8,12.2,522.9,0
2026-07-07 00:00:00,PZ-005,EQ-023,OBM,54.3,13.3,335.0,0
2026-07-07 06:00:00,PZ-005,EQ-023,WBM,68.5,12.1,725.4,0
2026-07-07 12:00:00,PZ-005,EQ-023,WBM,70.5,10.3,368.2,0
2026-07-07 18:00:00,PZ-005,EQ-023,WBM,50.3,9.9,558.7,0
2026-07-08 00:00:00,PZ-005,EQ-023,WBM,64.4,11.9,484.8,0
2026-07-08 06:00:00,PZ-005,EQ-023,OBM,56.2,15.0,329.2,0
2026-07-08 12:00:00,PZ-005,EQ-023,OBM,73.6,14.6,631.5,0
2026-07-08 18:00:00,PZ-005,EQ-023,OBM,44.2,14.3,597.4,0
2026-07-09 00:00:00,PZ-005,EQ-023,OBM,46.8,12.3,331.8,0
2026-07-09 06:00:00,PZ-005,EQ-023,OBM,56.6,15.8,817.3,0
2026-07-09 12:00:00,PZ-005,EQ-023,WBM,72.8,15.6,614.0,0
2026-07-09 18:00:00,PZ-005,EQ-023,OBM,79.6,13.9,461.5,0
2026-07-10 00:00:00,PZ-005,EQ-023,OBM,61.7,13.7,361.4,0
2026-07-10 06:00:00,PZ-005,EQ-023,WBM,51.6,13.3,502.1,0
2026-07-10 12:00:00,PZ-005,EQ-023,OBM,48.4,15.4,732.9,0
2026-07-10 18:00:00,PZ-005,EQ-023,OBM,52.0,12.0,347.2,0
2026-07-11 00:00:00,PZ-005,EQ-023,OBM,67.7,9.4,317.9,0
2026-07-11 06:00:00,PZ-005,EQ-023,WBM,74.1,13.7,479.2,0
2026-07-11 12:00:00,PZ-005,EQ-023,WBM,71.1,15.9,479.6,0
2026-07-11 18:00:00,PZ-005,EQ-023,OBM,42.2,15.4,556.4,0
2026-07-12 00:00:00,PZ-005,EQ-023,OBM,50.6,15.8,433.8,0
2026-07-12 06:00:00,PZ-005,EQ-023,WBM,70.4,11.9,834.6,0
2026-07-12 12:00:00,PZ-005,EQ-023,OBM,68.8,15.8,467.1,0
2026-07-12 18:00:00,PZ-005,EQ-023,OBM,51.4,14.7,350.6,0
2026-07-13 00:00:00,PZ-005,EQ-023,OBM,50.9,12.4,756.5,0
2026-07-13 06:00:00,PZ-005,EQ-023,WBM,41.8,14.4,481.7,0
2026-07-13 12:00:00,PZ-005,EQ-023,OBM,59.6,13.0,551.4,0
2026-07-13 18:00:00,PZ-005,EQ-023,OBM,44.7,13.2,642.6,0
2026-07-14 00:00:00,PZ-005,EQ-023,OBM,59.9,11.5,569.9,0
2026-07-14 06:00:00,PZ-005,EQ-023,OBM,83.7,10.6,573.3,0
2026-07-14 12:00:00,PZ-005,EQ-023,WBM,41.4,10.1,518.4,0
2026-07-14 18:00:00,PZ-005,EQ-023,WBM,50.4,14.2,462.0,0
2026-07-15 00:00:00,PZ-005,EQ-023,WBM,76.1,10.2,386.7,0
2026-07-15 06:00:00,PZ-005,EQ-023,OBM,46.4,9.5,814.1,0
2026-07-15 12:00:00,PZ-005,EQ-023,WBM,81.8,14.6,488.5,0
2026-07-15 18:00:00,PZ-005,EQ-023,OBM,43.3,13.9,595.5,0
2026-07-16 00:00:00,PZ-005,EQ-023,OBM,46.9,13.6,552.3,0
2026-07-16 06:00:00,PZ-005,EQ-023,OBM,70.1,15.0,783.4,0
2026-07-16 12:00:00,PZ-005,EQ-023,WBM,63.8,11.5,452.5,0
2026-07-16 18:00:00,PZ-005,EQ-023,OBM,66.6,15.7,464.2,0
2026-07-17 00:00:00,PZ-005,EQ-023,OBM,67.0,9.0,471.8,0
2026-07-17 06:00:00,PZ-005,EQ-023,OBM,79.0,11.0,356.1,0
2026-07-17 12:00:00,PZ-005,EQ-023,WBM,50.7,10.6,563.9,0
2026-07-17 18:00:00,PZ-005,EQ-023,OBM,55.5,14.7,822.9,0
2026-07-18 00:00:00,PZ-005,EQ-023,WBM,50.8,9.7,489.6,0
2026-07-18 06:00:00,PZ-005,EQ-023,OBM,50.9,14.4,372.3,0
2026-07-18 12:00:00,PZ-005,EQ-023,OBM,48.9,13.8,837.3,0
2026-07-18 18:00:00,PZ-005,EQ-023,WBM,63.4,12.0,845.4,0
2026-07-19 00:00:00,PZ-005,EQ-023,WBM,80.9,10.4,475.7,0
2026-07-19 06:00:00,PZ-005,EQ-023,WBM,78.4,11.3,749.2,0
2026-07-19 12:00:00,PZ-005,EQ-023,OBM,55.6,14.0,593.7,0
2026-07-19 18:00:00,PZ-005,EQ-023,WBM,68.7,14.4,718.7,0
2026-07-20 00:00:00,PZ-005,EQ-023,WBM,55.6,12.3,470.4,0
2026-07-20 06:00:00,PZ-005,EQ-023,WBM,76.6,15.4,345.3,0
2026-07-20 12:00:00,PZ-005,EQ-023,WBM,62.9,14.5,339.3,0
2026-07-20 18:00:00,PZ-005,EQ-023,WBM,83.7,15.3,822.3,0
2026-07-21 00:00:00,PZ-005,EQ-023,OBM,47.4,13.2,428.0,0
2026-07-21 06:00:00,PZ-005,EQ-023,OBM,65.7,14.8,575.2,0
2026-07-21 12:00:00,PZ-005,EQ-023,OBM,83.1,13.2,646.3,0
2026-07-21 18:00:00,PZ-005,EQ-023,OBM,84.8,10.1,595.4,0
2026-07-22 00:00:00,PZ-005,EQ-023,OBM,47.7,10.6,415.9,0
2026-07-22 06:00:00,PZ-005,EQ-023,WBM,76.4,10.5,529.1,0
2026-07-22 12:00:00,PZ-005,EQ-023,WBM,80.3,14.9,762.5,0
2026-07-22 18:00:00,PZ-005,EQ-023,WBM,44.9,13.2,755.5,0
2026-07-23 00:00:00,PZ-005,EQ-023,WBM,54.4,9.7,725.9,0
2026-07-23 06:00:00,PZ-005,EQ-023,OBM,81.8,14.3,329.0,0
2026-07-23 12:00:00,PZ-005,EQ-023,OBM,77.1,10.5,371.7,0
2026-07-23 18:00:00,PZ-005,EQ-023,WBM,51.0,15.4,373.0,0
2026-07-24 00:00:00,PZ-005,EQ-023,OBM,40.9,12.1,732.6,0
2026-07-24 06:00:00,PZ-005,EQ-023,OBM,80.0,9.2,354.9,0
2026-07-24 12:00:00,PZ-005,EQ-023,OBM,67.2,14.1,771.9,0
2026-07-24 18:00:00,PZ-005,EQ-023,OBM,71.2,12.3,531.8,0
2026-07-25 00:00:00,PZ-005,EQ-023,OBM,76.8,14.5,588.3,0
2026-07-25 06:00:00,PZ-005,EQ-023,OBM,49.0,13.3,411.0,0
2026-07-25 12:00:00,PZ-005,EQ-023,OBM,76.6,13.6,730.8,0
2026-07-25 18:00:00,PZ-005,EQ-023,OBM,79.6,12.5,493.0,0
2026-07-26 00:00:00,PZ-005,EQ-023,WBM,83.1,11.4,646.3,0
2026-07-26 06:00:00,PZ-005,EQ-023,WBM,77.0,13.0,480.4,0
2026-07-26 12:00:00,PZ-005,EQ-023,OBM,75.4,15.9,371.7,0
2026-07-26 18:00:00,PZ-005,EQ-023,OBM,79.4,11.9,778.3,0
2026-07-27 00:00:00,PZ-005,EQ-023,WBM,41.4,12.4,732.2,0
2026-07-27 06:00:00,PZ-005,EQ-023,OBM,62.1,9.2,835.5,0
2026-07-27 12:00:00,PZ-005,EQ-023,OBM,49.0,11.1,566.4,0
2026-07-27 18:00:00,PZ-005,EQ-023,WBM,75.1,13.1,574.8,0
2026-07-28 00:00:00,PZ-005,EQ-023,WBM,84.6,15.0,479.2,0
2026-07-28 06:00:00,PZ-005,EQ-023,WBM,63.7,12.8,809.6,0
2026-07-28 12:00:00,PZ-005,EQ-023,OBM,73.3,13.3,385.9,0
2026-07-28 18:00:00,PZ-005,EQ-023,WBM,49.8,11.3,706.8,0
2026-07-29 00:00:00,PZ-005,EQ-023,OBM,51.8,13.3,604.0,0
2026-07-29 06:00:00,PZ-005,EQ-023,WBM,53.3,13.4,733.7,0
2026-07-29 12:00:00,PZ-005,EQ-023,WBM,82.2,12.9,496.2,0
2026-07-29 18:00:00,PZ-005,EQ-023,WBM,65.1,15.6,400.2,0
2026-07-30 00:00:00,PZ-005,EQ-023,WBM,47.9,15.1,444.1,0
2026-07-30 06:00:00,PZ-005,EQ-023,OBM,57.4,9.1,696.7,0
2026-07-30 12:00:00,PZ-005,EQ-023,OBM,65.7,11.5,336.6,0
2026-07-30 18:00:00,PZ-005,EQ-023,WBM,83.7,10.7,754.9,0
2026-07-31 00:00:00,PZ-005,EQ-023,OBM,58.1,13.9,590.7,0
2026-05-01 00:00:00,PZ-005,EQ-024,OBM,65.1,10.3,330.5,0
2026-05-01 06:00:00,PZ-005,EQ-024,OBM,80.8,11.9,538.7,0
2026-05-01 12:00:00,PZ-005,EQ-024,WBM,79.2,12.0,811.9,0
2026-05-01 18:00:00,PZ-005,EQ-024,OBM,75.0,12.9,663.7,0
2026-05-02 00:00:00,PZ-005,EQ-024,WBM,62.8,10.4,369.5,0
2026-05-02 06:00:00,PZ-005,EQ-024,OBM,81.9,13.1,531.1,0
2026-05-02 12:00:00,PZ-005,EQ-024,OBM,60.5,12.9,472.4,0
2026-05-02 18:00:00,PZ-005,EQ-024,OBM,72.1,15.9,572.6,0
2026-05-03 00:00:00,PZ-005,EQ-024,WBM,57.5,15.5,492.8,0
2026-05-03 06:00:00,PZ-005,EQ-024,OBM,45.7,11.3,560.9,0
2026-05-03 12:00:00,PZ-005,EQ-024,WBM,61.1,12.8,644.0,0
2026-05-03 18:00:00,PZ-005,EQ-024,WBM,42.7,9.6,573.6,0
2026-05-04 00:00:00,PZ-005,EQ-024,OBM,49.2,10.1,494.4,0
2026-05-04 06:00:00,PZ-005,EQ-024,OBM,74.9,15.5,772.0,0
2026-05-04 12:00:00,PZ-005,EQ-024,WBM,50.6,13.3,575.8,0
2026-05-04 18:00:00,PZ-005,EQ-024,WBM,49.7,10.8,777.0,0
2026-05-05 00:00:00,PZ-005,EQ-024,OBM,40.9,14.7,603.9,0
2026-05-05 06:00:00,PZ-005,EQ-024,WBM,76.7,14.8,785.8,0
2026-05-05 12:00:00,PZ-005,EQ-024,WBM,43.3,10.4,424.1,0
2026-05-05 18:00:00,PZ-005,EQ-024,WBM,79.9,12.8,720.5,0
2026-05-06 00:00:00,PZ-005,EQ-024,WBM,56.8,14.6,463.5,0
2026-05-06 06:00:00,PZ-005,EQ-024,WBM,68.1,12.1,442.3,0
2026-05-06 12:00:00,PZ-005,EQ-024,OBM,51.1,13.3,443.1,0
2026-05-06 18:00:00,PZ-005,EQ-024,OBM,67.1,10.2,622.5,0
2026-05-07 00:00:00,PZ-005,EQ-024,OBM,75.0,11.2,480.5,0
2026-05-07 06:00:00,PZ-005,EQ-024,WBM,45.1,12.2,301.1,0
2026-05-07 12:00:00,PZ-005,EQ-024,OBM,64.8,14.2,643.5,0
2026-05-07 18:00:00,PZ-005,EQ-024,WBM,79.7,13.5,635.8,0
2026-05-08 00:00:00,PZ-005,EQ-024,WBM,80.6,15.9,744.3,0
2026-05-08 06:00:00,PZ-005,EQ-024,WBM,45.8,15.2,331.6,0
2026-05-08 12:00:00,PZ-005,EQ-024,OBM,65.1,11.7,604.4,0
2026-05-08 18:00:00,PZ-005,EQ-024,OBM,71.1,15.8,586.7,0
2026-05-09 00:00:00,PZ-005,EQ-024,WBM,52.6,10.6,752.5,0
2026-05-09 06:00:00,PZ-005,EQ-024,WBM,44.4,10.0,794.4,0
2026-05-09 12:00:00,PZ-005,EQ-024,OBM,76.8,14.9,457.8,0
2026-05-09 18:00:00,PZ-005,EQ-024,OBM,58.8,12.6,329.3,0
2026-05-10 00:00:00,PZ-005,EQ-024,WBM,48.0,13.7,385.5,0
2026-05-10 06:00:00,PZ-005,EQ-024,WBM,42.8,10.8,449.1,0
2026-05-10 12:00:00,PZ-005,EQ-024,OBM,61.3,13.3,427.0,0
2026-05-10 18:00:00,PZ-005,EQ-024,OBM,68.5,9.4,828.6,0
2026-05-11 00:00:00,PZ-005,EQ-024,WBM,83.6,11.6,841.5,0
2026-05-11 06:00:00,PZ-005,EQ-024,WBM,69.6,9.2,310.3,0
2026-05-11 12:00:00,PZ-005,EQ-024,WBM,81.3,12.0,780.5,0
2026-05-11 18:00:00,PZ-005,EQ-024,OBM,54.2,13.6,475.0,0
2026-05-12 00:00:00,PZ-005,EQ-024,WBM,42.6,11.1,705.1,0
2026-05-12 06:00:00,PZ-005,EQ-024,WBM,80.7,13.5,805.8,0
2026-05-12 12:00:00,PZ-005,EQ-024,WBM,83.0,9.4,809.1,0
2026-05-12 18:00:00,PZ-005,EQ-024,OBM,72.1,15.2,639.4,0
2026-05-13 00:00:00,PZ-005,EQ-024,WBM,75.5,9.9,699.5,0
2026-05-13 06:00:00,PZ-005,EQ-024,WBM,67.6,14.4,817.6,0
2026-05-13 12:00:00,PZ-005,EQ-024,OBM,83.2,14.7,784.8,0
2026-05-13 18:00:00,PZ-005,EQ-024,WBM,65.9,14.2,817.9,0
2026-05-14 00:00:00,PZ-005,EQ-024,OBM,71.7,11.0,385.1,0
2026-05-14 06:00:00,PZ-005,EQ-024,WBM,51.0,13.5,734.0,0
2026-05-14 12:00:00,PZ-005,EQ-024,OBM,49.5,10.8,650.3,0
2026-05-14 18:00:00,PZ-005,EQ-024,OBM,40.5,13.7,747.5,0
2026-05-15 00:00:00,PZ-005,EQ-024,WBM,63.3,9.3,528.8,0
2026-05-15 06:00:00,PZ-005,EQ-024,WBM,57.5,9.8,362.8,0
2026-05-15 12:00:00,PZ-005,EQ-024,WBM,71.0,14.7,371.9,0
2026-05-15 18:00:00,PZ-005,EQ-024,OBM,54.2,12.3,759.8,0
2026-05-16 00:00:00,PZ-005,EQ-024,OBM,82.4,9.4,333.0,0
2026-05-16 06:00:00,PZ-005,EQ-024,OBM,49.9,11.3,354.3,0
2026-05-16 12:00:00,PZ-005,EQ-024,WBM,57.5,12.9,836.3,0
2026-05-16 18:00:00,PZ-005,EQ-024,OBM,50.3,9.6,631.7,0
2026-05-17 00:00:00,PZ-005,EQ-024,OBM,44.9,12.5,382.7,0
2026-05-17 06:00:00,PZ-005,EQ-024,WBM,78.6,9.1,816.6,0
2026-05-17 12:00:00,PZ-005,EQ-024,OBM,84.2,9.4,652.9,0
2026-05-17 18:00:00,PZ-005,EQ-024,WBM,66.3,11.8,539.7,0
2026-05-18 00:00:00,PZ-005,EQ-024,OBM,44.2,15.6,401.9,0
2026-05-18 06:00:00,PZ-005,EQ-024,OBM,79.5,13.7,709.0,0
2026-05-18 12:00:00,PZ-005,EQ-024,OBM,52.3,11.0,702.1,0
2026-05-18 18:00:00,PZ-005,EQ-024,OBM,69.4,14.4,711.6,0
2026-05-19 00:00:00,PZ-005,EQ-024,WBM,51.9,12.8,333.8,0
2026-05-19 06:00:00,PZ-005,EQ-024,WBM,52.2,14.5,328.4,0
2026-05-19 12:00:00,PZ-005,EQ-024,OBM,67.8,14.0,735.7,0
2026-05-19 18:00:00,PZ-005,EQ-024,OBM,53.9,10.7,405.9,0
2026-05-20 00:00:00,PZ-005,EQ-024,OBM,79.4,12.0,505.1,0
2026-05-20 06:00:00,PZ-005,EQ-024,OBM,51.4,11.1,593.4,0
2026-05-20 12:00:00,PZ-005,EQ-024,OBM,62.7,9.8,391.3,0
2026-05-20 18:00:00,PZ-005,EQ-024,WBM,42.3,14.1,676.2,0
2026-05-21 00:00:00,PZ-005,EQ-024,OBM,83.6,9.8,580.6,0
2026-05-21 06:00:00,PZ-005,EQ-024,WBM,58.5,14.5,559.1,0
2026-05-21 12:00:00,PZ-005,EQ-024,OBM,74.5,14.6,679.2,0
2026-05-21 18:00:00,PZ-005,EQ-024,OBM,64.8,13.0,404.4,0
2026-05-22 00:00:00,PZ-005,EQ-024,WBM,64.1,10.7,682.7,0
2026-05-22 06:00:00,PZ-005,EQ-024,OBM,67.9,13.0,569.4,0
2026-05-22 12:00:00,PZ-005,EQ-024,WBM,58.3,15.6,534.1,0
2026-05-22 18:00:00,PZ-005,EQ-024,OBM,63.3,10.8,509.6,0
2026-05-23 00:00:00,PZ-005,EQ-024,OBM,53.3,14.1,789.1,0
2026-05-23 06:00:00,PZ-005,EQ-024,WBM,68.7,11.5,593.7,0
2026-05-23 12:00:00,PZ-005,EQ-024,OBM,81.6,11.8,469.1,0
2026-05-23 18:00:00,PZ-005,EQ-024,WBM,45.6,15.5,414.9,0
2026-05-24 00:00:00,PZ-005,EQ-024,OBM,42.1,13.3,549.1,0
2026-05-24 06:00:00,PZ-005,EQ-024,WBM,80.7,10.9,650.7,0
2026-05-24 12:00:00,PZ-005,EQ-024,OBM,47.3,9.5,829.7,0
2026-05-24 18:00:00,PZ-005,EQ-024,OBM,71.4,11.4,367.7,0
2026-05-25 00:00:00,PZ-005,EQ-024,OBM,57.8,13.0,358.6,0
2026-05-25 06:00:00,PZ-005,EQ-024,OBM,44.5,9.9,580.8,0
2026-05-25 12:00:00,PZ-005,EQ-024,WBM,41.5,15.7,315.1,0
2026-05-25 18:00:00,PZ-005,EQ-024,OBM,55.0,14.6,695.0,0
2026-05-26 00:00:00,PZ-005,EQ-024,WBM,48.6,13.9,609.7,0
2026-05-26 06:00:00,PZ-005,EQ-024,OBM,62.4,9.6,824.5,0
2026-05-26 12:00:00,PZ-005,EQ-024,WBM,81.9,15.4,323.2,0
2026-05-26 18:00:00,PZ-005,EQ-024,OBM,82.1,14.8,455.0,0
2026-05-27 00:00:00,PZ-005,EQ-024,OBM,44.1,10.7,652.1,0
2026-05-27 06:00:00,PZ-005,EQ-024,WBM,81.8,10.4,568.1,0
2026-05-27 12:00:00,PZ-005,EQ-024,WBM,71.7,15.1,597.8,0
2026-05-27 18:00:00,PZ-005,EQ-024,WBM,46.9,12.2,806.6,0
2026-05-28 00:00:00,PZ-005,EQ-024,OBM,67.0,9.9,659.5,0
2026-05-28 06:00:00,PZ-005,EQ-024,OBM,72.1,11.9,801.0,0
2026-05-28 12:00:00,PZ-005,EQ-024,WBM,63.3,15.5,514.9,0
2026-05-28 18:00:00,PZ-005,EQ-024,OBM,75.2,15.6,614.8,0
2026-05-29 00:00:00,PZ-005,EQ-024,OBM,75.3,10.9,733.4,0
2026-05-29 06:00:00,PZ-005,EQ-024,OBM,41.7,14.4,372.8,0
2026-05-29 12:00:00,PZ-005,EQ-024,WBM,72.4,11.5,704.6,0
2026-05-29 18:00:00,PZ-005,EQ-024,OBM,43.4,15.8,302.1,0
2026-05-30 00:00:00,PZ-005,EQ-024,OBM,51.6,13.5,670.1,0
2026-05-30 06:00:00,PZ-005,EQ-024,WBM,84.2,13.3,507.6,0
2026-05-30 12:00:00,PZ-005,EQ-024,WBM,51.1,9.6,783.6,0
2026-05-30 18:00:00,PZ-005,EQ-024,OBM,52.3,10.0,359.5,0
2026-05-31 00:00:00,PZ-005,EQ-024,WBM,43.9,9.1,501.5,0
2026-05-31 06:00:00,PZ-005,EQ-024,OBM,45.2,9.1,713.1,0
2026-05-31 12:00:00,PZ-005,EQ-024,OBM,49.7,12.4,318.1,0
2026-05-31 18:00:00,PZ-005,EQ-024,WBM,53.3,12.4,449.2,0
2026-06-01 00:00:00,PZ-005,EQ-024,WBM,83.0,11.3,483.9,0
2026-06-01 06:00:00,PZ-005,EQ-024,OBM,70.9,13.6,740.6,0
2026-06-01 12:00:00,PZ-005,EQ-024,OBM,44.4,9.9,433.5,0
2026-06-01 18:00:00,PZ-005,EQ-024,OBM,71.1,11.9,582.5,0
2026-06-02 00:00:00,PZ-005,EQ-024,OBM,63.8,10.7,639.3,0
2026-06-02 06:00:00,PZ-005,EQ-024,OBM,76.9,10.3,362.8,0
2026-06-02 12:00:00,PZ-005,EQ-024,OBM,53.6,10.5,483.7,0
2026-06-02 18:00:00,PZ-005,EQ-024,OBM,50.8,14.0,811.1,0
2026-06-03 00:00:00,PZ-005,EQ-024,WBM,77.2,14.0,382.0,0
2026-06-03 06:00:00,PZ-005,EQ-024,OBM,48.1,10.6,411.0,0
2026-06-03 12:00:00,PZ-005,EQ-024,WBM,52.0,9.3,840.8,0
2026-06-03 18:00:00,PZ-005,EQ-024,OBM,41.2,14.5,712.8,0
2026-06-04 00:00:00,PZ-005,EQ-024,WBM,53.3,11.5,730.9,0
2026-06-04 06:00:00,PZ-005,EQ-024,OBM,50.3,11.7,301.2,0
2026-06-04 12:00:00,PZ-005,EQ-024,WBM,62.7,10.1,759.7,0
2026-06-04 18:00:00,PZ-005,EQ-024,OBM,84.2,15.4,453.9,0
2026-06-05 00:00:00,PZ-005,EQ-024,OBM,57.3,15.8,486.7,0
2026-06-05 06:00:00,PZ-005,EQ-024,OBM,83.0,14.2,467.0,0
2026-06-05 12:00:00,PZ-005,EQ-024,OBM,81.0,14.8,705.6,0
2026-06-05 18:00:00,PZ-005,EQ-024,OBM,81.2,9.9,572.2,0
2026-06-06 00:00:00,PZ-005,EQ-024,OBM,68.5,12.9,453.8,0
2026-06-06 06:00:00,PZ-005,EQ-024,OBM,84.6,10.2,341.7,0
2026-06-06 12:00:00,PZ-005,EQ-024,WBM,49.6,12.7,671.4,0
2026-06-06 18:00:00,PZ-005,EQ-024,OBM,54.8,11.2,532.7,0
2026-06-07 00:00:00,PZ-005,EQ-024,OBM,54.6,9.8,440.9,0
2026-06-07 06:00:00,PZ-005,EQ-024,OBM,73.3,12.0,824.0,0
2026-06-07 12:00:00,PZ-005,EQ-024,WBM,44.6,12.5,577.1,0
2026-06-07 18:00:00,PZ-005,EQ-024,OBM,51.9,9.0,747.1,0
2026-06-08 00:00:00,PZ-005,EQ-024,OBM,83.6,10.1,494.6,0
2026-06-08 06:00:00,PZ-005,EQ-024,OBM,40.7,11.7,362.4,0
2026-06-08 12:00:00,PZ-005,EQ-024,OBM,73.9,11.7,523.4,0
2026-06-08 18:00:00,PZ-005,EQ-024,WBM,84.2,9.3,478.2,0
2026-06-09 00:00:00,PZ-005,EQ-024,WBM,82.7,11.3,767.4,0
2026-06-09 06:00:00,PZ-005,EQ-024,WBM,58.1,11.0,563.8,0
2026-06-09 12:00:00,PZ-005,EQ-024,OBM,48.3,10.3,359.4,0
2026-06-09 18:00:00,PZ-005,EQ-024,OBM,56.6,9.4,385.8,0
2026-06-10 00:00:00,PZ-005,EQ-024,OBM,52.7,15.3,389.3,0
2026-06-10 06:00:00,PZ-005,EQ-024,WBM,79.0,15.6,842.5,0
2026-06-10 12:00:00,PZ-005,EQ-024,WBM,42.5,14.2,793.4,0
2026-06-10 18:00:00,PZ-005,EQ-024,OBM,67.5,9.9,391.9,0
2026-06-11 00:00:00,PZ-005,EQ-024,WBM,72.9,10.5,608.9,0
2026-06-11 06:00:00,PZ-005,EQ-024,OBM,66.5,13.0,802.1,0
2026-06-11 12:00:00,PZ-005,EQ-024,WBM,79.3,9.5,404.3,0
2026-06-11 18:00:00,PZ-005,EQ-024,WBM,71.8,9.6,562.4,0
2026-06-12 00:00:00,PZ-005,EQ-024,OBM,68.4,10.7,516.5,0
2026-06-12 06:00:00,PZ-005,EQ-024,OBM,66.3,13.4,781.8,0
2026-06-12 12:00:00,PZ-005,EQ-024,WBM,66.6,13.0,311.9,0
2026-06-12 18:00:00,PZ-005,EQ-024,OBM,63.2,11.9,795.1,0
2026-06-13 00:00:00,PZ-005,EQ-024,OBM,41.3,12.9,605.3,0
2026-06-13 06:00:00,PZ-005,EQ-024,WBM,63.9,9.8,385.8,0
2026-06-13 12:00:00,PZ-005,EQ-024,OBM,57.6,9.6,459.0,0
2026-06-13 18:00:00,PZ-005,EQ-024,OBM,65.1,11.9,810.2,0
2026-06-14 00:00:00,PZ-005,EQ-024,OBM,66.1,11.6,596.4,0
2026-06-14 06:00:00,PZ-005,EQ-024,OBM,84.2,10.7,477.8,0
2026-06-14 12:00:00,PZ-005,EQ-024,OBM,72.4,10.0,466.4,0
2026-06-14 18:00:00,PZ-005,EQ-024,OBM,64.1,12.0,691.3,0
2026-06-15 00:00:00,PZ-005,EQ-024,WBM,60.0,13.9,345.3,0
2026-06-15 06:00:00,PZ-005,EQ-024,OBM,51.7,15.7,828.8,0
2026-06-15 12:00:00,PZ-005,EQ-024,OBM,69.3,10.2,575.3,0
2026-06-15 18:00:00,PZ-005,EQ-024,OBM,80.4,15.3,443.8,0
2026-06-16 00:00:00,PZ-005,EQ-024,OBM,79.9,10.3,706.9,0
2026-06-16 06:00:00,PZ-005,EQ-024,WBM,41.6,15.7,671.7,0
2026-06-16 12:00:00,PZ-005,EQ-024,WBM,69.6,15.6,389.8,0
2026-06-16 18:00:00,PZ-005,EQ-024,OBM,84.0,13.4,478.3,0
2026-06-17 00:00:00,PZ-005,EQ-024,WBM,55.1,13.5,309.1,0
2026-06-17 06:00:00,PZ-005,EQ-024,OBM,82.3,14.0,564.6,0
2026-06-17 12:00:00,PZ-005,EQ-024,OBM,72.0,15.0,478.3,0
2026-06-17 18:00:00,PZ-005,EQ-024,OBM,66.5,9.4,565.9,0
2026-06-18 00:00:00,PZ-005,EQ-024,OBM,62.8,15.7,754.4,0
2026-06-18 06:00:00,PZ-005,EQ-024,OBM,66.6,10.6,592.8,0
2026-06-18 12:00:00,PZ-005,EQ-024,WBM,82.8,10.7,357.3,0
2026-06-18 18:00:00,PZ-005,EQ-024,OBM,48.8,10.3,443.8,0
2026-06-19 00:00:00,PZ-005,EQ-024,WBM,61.2,9.1,348.1,0
2026-06-19 06:00:00,PZ-005,EQ-024,OBM,56.2,9.1,464.0,0
2026-06-19 12:00:00,PZ-005,EQ-024,WBM,83.4,11.7,555.3,0
2026-06-19 18:00:00,PZ-005,EQ-024,OBM,56.7,9.8,587.7,0
2026-06-20 00:00:00,PZ-005,EQ-024,OBM,58.6,9.6,658.0,0
2026-06-20 06:00:00,PZ-005,EQ-024,OBM,58.4,10.8,830.4,0
2026-06-20 12:00:00,PZ-005,EQ-024,OBM,63.2,14.7,548.3,0
2026-06-20 18:00:00,PZ-005,EQ-024,OBM,47.0,9.0,810.9,0
2026-06-21 00:00:00,PZ-005,EQ-024,WBM,73.5,10.6,745.1,0
2026-06-21 06:00:00,PZ-005,EQ-024,WBM,43.2,12.3,815.3,0
2026-06-21 12:00:00,PZ-005,EQ-024,OBM,61.1,11.7,752.2,0
2026-06-21 18:00:00,PZ-005,EQ-024,WBM,52.4,12.9,521.4,0
2026-06-22 00:00:00,PZ-005,EQ-024,OBM,68.6,11.2,497.7,0
2026-06-22 06:00:00,PZ-005,EQ-024,OBM,54.6,11.0,445.9,0
2026-06-22 12:00:00,PZ-005,EQ-024,WBM,63.2,12.8,680.1,0
2026-06-22 18:00:00,PZ-005,EQ-024,OBM,51.5,10.7,734.3,0
2026-06-23 00:00:00,PZ-005,EQ-024,WBM,68.7,13.5,326.4,0
2026-06-23 06:00:00,PZ-005,EQ-024,OBM,82.9,16.0,842.9,0
2026-06-23 12:00:00,PZ-005,EQ-024,WBM,44.4,11.3,452.3,0
2026-06-23 18:00:00,PZ-005,EQ-024,WBM,50.4,13.3,477.7,0
2026-06-24 00:00:00,PZ-005,EQ-024,OBM,45.3,14.4,831.0,0
2026-06-24 06:00:00,PZ-005,EQ-024,OBM,57.3,15.7,373.1,0
2026-06-24 12:00:00,PZ-005,EQ-024,OBM,75.6,15.7,572.9,0
2026-06-24 18:00:00,PZ-005,EQ-024,OBM,78.0,13.8,767.0,0
2026-06-25 00:00:00,PZ-005,EQ-024,OBM,65.7,11.7,674.3,0
2026-06-25 06:00:00,PZ-005,EQ-024,OBM,74.8,10.2,520.2,0
2026-06-25 12:00:00,PZ-005,EQ-024,WBM,69.3,12.5,738.5,0
2026-06-25 18:00:00,PZ-005,EQ-024,OBM,40.6,10.5,726.5,0
2026-06-26 00:00:00,PZ-005,EQ-024,WBM,58.1,14.4,650.9,0
2026-06-26 06:00:00,PZ-005,EQ-024,WBM,65.4,12.2,792.8,0
2026-06-26 12:00:00,PZ-005,EQ-024,OBM,64.9,12.0,542.6,0
2026-06-26 18:00:00,PZ-005,EQ-024,WBM,55.0,11.0,740.4,0
2026-06-27 00:00:00,PZ-005,EQ-024,OBM,43.5,9.7,519.8,0
2026-06-27 06:00:00,PZ-005,EQ-024,WBM,76.3,12.5,360.0,0
2026-06-27 12:00:00,PZ-005,EQ-024,OBM,45.3,12.9,511.8,0
2026-06-27 18:00:00,PZ-005,EQ-024,OBM,67.6,14.7,466.6,0
2026-06-28 00:00:00,PZ-005,EQ-024,WBM,59.5,11.6,535.5,0
2026-06-28 06:00:00,PZ-005,EQ-024,WBM,79.2,15.6,433.0,0
2026-06-28 12:00:00,PZ-005,EQ-024,WBM,45.2,11.4,676.8,0
2026-06-28 18:00:00,PZ-005,EQ-024,WBM,72.9,12.3,585.6,0
2026-06-29 00:00:00,PZ-005,EQ-024,OBM,80.1,12.9,623.1,0
2026-06-29 06:00:00,PZ-005,EQ-024,WBM,59.3,15.5,674.1,0
2026-06-29 12:00:00,PZ-005,EQ-024,OBM,65.1,15.4,423.1,0
2026-06-29 18:00:00,PZ-005,EQ-024,OBM,45.7,11.6,540.0,0
2026-06-30 00:00:00,PZ-005,EQ-024,OBM,51.7,12.2,541.3,0
2026-06-30 06:00:00,PZ-005,EQ-024,OBM,75.1,15.1,614.8,0
2026-06-30 12:00:00,PZ-005,EQ-024,OBM,72.3,10.4,561.4,0
2026-06-30 18:00:00,PZ-005,EQ-024,OBM,51.2,10.3,458.7,0
2026-07-01 00:00:00,PZ-005,EQ-024,WBM,82.9,16.0,730.9,0
2026-07-01 06:00:00,PZ-005,EQ-024,OBM,53.1,9.9,752.7,0
2026-07-01 12:00:00,PZ-005,EQ-024,WBM,48.8,12.1,572.3,0
2026-07-01 18:00:00,PZ-005,EQ-024,OBM,67.2,15.5,425.0,0
2026-07-02 00:00:00,PZ-005,EQ-024,WBM,84.3,11.4,324.1,0
2026-07-02 06:00:00,PZ-005,EQ-024,OBM,58.6,14.4,634.0,0
2026-07-02 12:00:00,PZ-005,EQ-024,WBM,64.8,13.3,398.6,0
2026-07-02 18:00:00,PZ-005,EQ-024,WBM,73.4,10.2,661.1,0
2026-07-03 00:00:00,PZ-005,EQ-024,WBM,80.1,12.2,579.3,0
2026-07-03 06:00:00,PZ-005,EQ-024,OBM,69.5,10.6,344.9,0
2026-07-03 12:00:00,PZ-005,EQ-024,OBM,60.1,10.2,599.8,0
2026-07-03 18:00:00,PZ-005,EQ-024,OBM,66.0,15.9,323.7,0
2026-07-04 00:00:00,PZ-005,EQ-024,OBM,78.8,12.7,781.9,0
2026-07-04 06:00:00,PZ-005,EQ-024,OBM,69.7,12.8,522.8,0
2026-07-04 12:00:00,PZ-005,EQ-024,OBM,52.3,9.7,512.7,0
2026-07-04 18:00:00,PZ-005,EQ-024,OBM,59.2,11.3,492.8,0
2026-07-05 00:00:00,PZ-005,EQ-024,OBM,78.2,15.2,846.5,0
2026-07-05 06:00:00,PZ-005,EQ-024,WBM,72.9,13.5,373.6,0
2026-07-05 12:00:00,PZ-005,EQ-024,OBM,83.1,15.0,340.3,0
2026-07-05 18:00:00,PZ-005,EQ-024,OBM,40.4,9.7,812.9,0
2026-07-06 00:00:00,PZ-005,EQ-024,OBM,77.4,10.8,699.1,0
2026-07-06 06:00:00,PZ-005,EQ-024,OBM,52.7,14.3,769.0,0
2026-07-06 12:00:00,PZ-005,EQ-024,OBM,82.7,10.2,320.0,0
2026-07-06 18:00:00,PZ-005,EQ-024,OBM,75.5,14.0,530.9,0
2026-07-07 00:00:00,PZ-005,EQ-024,OBM,84.2,15.4,523.9,0
2026-07-07 06:00:00,PZ-005,EQ-024,WBM,63.9,14.3,396.8,0
2026-07-07 12:00:00,PZ-005,EQ-024,OBM,60.7,13.2,672.0,0
2026-07-07 18:00:00,PZ-005,EQ-024,OBM,71.6,13.8,382.2,0
2026-07-08 00:00:00,PZ-005,EQ-024,OBM,50.2,14.3,366.6,0
2026-07-08 06:00:00,PZ-005,EQ-024,OBM,46.1,9.1,526.3,0
2026-07-08 12:00:00,PZ-005,EQ-024,OBM,42.3,10.6,588.4,0
2026-07-08 18:00:00,PZ-005,EQ-024,OBM,63.4,13.5,796.9,0
2026-07-09 00:00:00,PZ-005,EQ-024,WBM,60.6,13.3,302.5,0
2026-07-09 06:00:00,PZ-005,EQ-024,WBM,69.0,10.9,796.1,0
2026-07-09 12:00:00,PZ-005,EQ-024,OBM,57.7,15.0,748.3,0
2026-07-09 18:00:00,PZ-005,EQ-024,WBM,71.3,10.4,811.8,0
2026-07-10 00:00:00,PZ-005,EQ-024,WBM,40.6,11.2,597.7,0
2026-07-10 06:00:00,PZ-005,EQ-024,OBM,77.5,9.8,719.0,0
2026-07-10 12:00:00,PZ-005,EQ-024,WBM,52.0,15.0,645.1,0
2026-07-10 18:00:00,PZ-005,EQ-024,OBM,58.4,11.9,381.6,0
2026-07-11 00:00:00,PZ-005,EQ-024,OBM,67.3,9.5,483.6,0
2026-07-11 06:00:00,PZ-005,EQ-024,OBM,72.0,13.4,614.0,0
2026-07-11 12:00:00,PZ-005,EQ-024,OBM,75.3,10.3,660.3,0
2026-07-11 18:00:00,PZ-005,EQ-024,OBM,81.6,9.2,583.9,0
2026-07-12 00:00:00,PZ-005,EQ-024,WBM,79.5,11.2,312.8,0
2026-07-12 06:00:00,PZ-005,EQ-024,OBM,43.6,11.0,558.2,0
2026-07-12 12:00:00,PZ-005,EQ-024,WBM,55.5,11.7,508.8,0
2026-07-12 18:00:00,PZ-005,EQ-024,OBM,75.7,15.8,504.0,0
2026-07-13 00:00:00,PZ-005,EQ-024,WBM,56.1,15.4,839.6,0
2026-07-13 06:00:00,PZ-005,EQ-024,WBM,69.7,13.2,752.8,0
2026-07-13 12:00:00,PZ-005,EQ-024,WBM,40.9,14.6,591.6,0
2026-07-13 18:00:00,PZ-005,EQ-024,OBM,61.9,11.2,486.9,0
2026-07-14 00:00:00,PZ-005,EQ-024,WBM,42.0,10.7,335.6,0
2026-07-14 06:00:00,PZ-005,EQ-024,WBM,81.3,15.6,631.9,0
2026-07-14 12:00:00,PZ-005,EQ-024,OBM,76.5,13.5,536.6,0
2026-07-14 18:00:00,PZ-005,EQ-024,OBM,57.8,13.4,815.9,0
2026-07-15 00:00:00,PZ-005,EQ-024,OBM,62.2,15.4,672.2,0
2026-07-15 06:00:00,PZ-005,EQ-024,OBM,47.0,11.4,704.9,0
2026-07-15 12:00:00,PZ-005,EQ-024,WBM,56.3,14.7,597.5,0
2026-07-15 18:00:00,PZ-005,EQ-024,WBM,61.1,14.3,848.6,0
2026-07-16 00:00:00,PZ-005,EQ-024,OBM,67.8,12.7,831.6,0
2026-07-16 06:00:00,PZ-005,EQ-024,WBM,79.5,9.5,749.4,0
2026-07-16 12:00:00,PZ-005,EQ-024,WBM,50.2,10.1,695.1,0
2026-07-16 18:00:00,PZ-005,EQ-024,OBM,45.8,14.6,805.7,0
2026-07-17 00:00:00,PZ-005,EQ-024,OBM,57.6,10.7,397.5,0
2026-07-17 06:00:00,PZ-005,EQ-024,WBM,79.4,14.5,609.2,0
2026-07-17 12:00:00,PZ-005,EQ-024,WBM,49.2,13.3,562.6,0
2026-07-17 18:00:00,PZ-005,EQ-024,WBM,69.4,14.6,600.5,0
2026-07-18 00:00:00,PZ-005,EQ-024,WBM,51.9,12.7,440.5,0
2026-07-18 06:00:00,PZ-005,EQ-024,WBM,63.2,12.5,376.4,0
2026-07-18 12:00:00,PZ-005,EQ-024,OBM,57.4,13.8,694.1,0
2026-07-18 18:00:00,PZ-005,EQ-024,OBM,79.8,14.4,598.1,0
2026-07-19 00:00:00,PZ-005,EQ-024,OBM,68.3,11.9,326.4,0
2026-07-19 06:00:00,PZ-005,EQ-024,WBM,64.2,14.4,742.1,0
2026-07-19 12:00:00,PZ-005,EQ-024,OBM,80.8,13.8,731.2,0
2026-07-19 18:00:00,PZ-005,EQ-024,OBM,50.0,14.3,364.4,0
2026-07-20 00:00:00,PZ-005,EQ-024,OBM,53.5,12.9,672.8,0
2026-07-20 06:00:00,PZ-005,EQ-024,OBM,84.8,14.3,395.6,0
2026-07-20 12:00:00,PZ-005,EQ-024,WBM,61.1,12.7,834.8,0
2026-07-20 18:00:00,PZ-005,EQ-024,OBM,64.0,12.6,845.6,0
2026-07-21 00:00:00,PZ-005,EQ-024,WBM,46.0,11.2,555.0,0
2026-07-21 06:00:00,PZ-005,EQ-024,OBM,70.6,14.1,708.3,0
2026-07-21 12:00:00,PZ-005,EQ-024,OBM,40.7,10.8,844.0,0
2026-07-21 18:00:00,PZ-005,EQ-024,WBM,61.0,15.9,846.1,0
2026-07-22 00:00:00,PZ-005,EQ-024,OBM,66.6,12.6,526.6,0
2026-07-22 06:00:00,PZ-005,EQ-024,OBM,55.0,12.4,544.2,0
2026-07-22 12:00:00,PZ-005,EQ-024,WBM,68.5,9.4,787.4,0
2026-07-22 18:00:00,PZ-005,EQ-024,OBM,72.8,12.3,409.3,0
2026-07-23 00:00:00,PZ-005,EQ-024,OBM,48.4,10.8,846.2,0
2026-07-23 06:00:00,PZ-005,EQ-024,OBM,71.3,12.1,522.3,0
2026-07-23 12:00:00,PZ-005,EQ-024,OBM,70.4,11.3,393.9,0
2026-07-23 18:00:00,PZ-005,EQ-024,WBM,72.3,10.8,404.6,0
2026-07-24 00:00:00,PZ-005,EQ-024,WBM,57.3,9.7,565.9,0
2026-07-24 06:00:00,PZ-005,EQ-024,WBM,66.1,13.4,303.0,0
2026-07-24 12:00:00,PZ-005,EQ-024,WBM,73.2,13.8,327.4,0
2026-07-24 18:00:00,PZ-005,EQ-024,OBM,55.1,9.9,362.9,0
2026-07-25 00:00:00,PZ-005,EQ-024,OBM,40.4,15.5,626.0,0
2026-07-25 06:00:00,PZ-005,EQ-024,OBM,76.8,9.5,615.7,0
2026-07-25 12:00:00,PZ-005,EQ-024,WBM,50.0,11.8,787.6,0
2026-07-25 18:00:00,PZ-005,EQ-024,OBM,84.6,10.7,557.3,0
2026-07-26 00:00:00,PZ-005,EQ-024,OBM,78.3,12.4,570.3,0
2026-07-26 06:00:00,PZ-005,EQ-024,OBM,49.1,15.7,350.6,0
2026-07-26 12:00:00,PZ-005,EQ-024,WBM,71.6,15.8,813.0,0
2026-07-26 18:00:00,PZ-005,EQ-024,OBM,66.8,15.8,446.0,0
2026-07-27 00:00:00,PZ-005,EQ-024,OBM,40.5,11.7,612.4,0
2026-07-27 06:00:00,PZ-005,EQ-024,OBM,65.0,15.6,354.6,0
2026-07-27 12:00:00,PZ-005,EQ-024,OBM,73.8,15.1,329.5,0
2026-07-27 18:00:00,PZ-005,EQ-024,WBM,73.9,9.5,773.9,0
2026-07-28 00:00:00,PZ-005,EQ-024,OBM,82.0,14.5,732.2,0
2026-07-28 06:00:00,PZ-005,EQ-024,OBM,82.8,14.8,542.2,0
2026-07-28 12:00:00,PZ-005,EQ-024,OBM,79.2,9.0,705.8,0
2026-07-28 18:00:00,PZ-005,EQ-024,WBM,84.0,11.8,531.6,0
2026-07-29 00:00:00,PZ-005,EQ-024,WBM,64.1,13.2,501.8,0
2026-07-29 06:00:00,PZ-005,EQ-024,WBM,79.1,15.7,626.4,0
2026-07-29 12:00:00,PZ-005,EQ-024,OBM,72.1,10.3,385.2,0
2026-07-29 18:00:00,PZ-005,EQ-024,WBM,51.1,10.2,590.1,0
2026-07-30 00:00:00,PZ-005,EQ-024,OBM,51.7,9.7,470.6,0
2026-07-30 06:00:00,PZ-005,EQ-024,OBM,52.2,10.3,762.9,0
2026-07-30 12:00:00,PZ-005,EQ-024,WBM,65.2,12.1,378.1,0
2026-07-30 18:00:00,PZ-005,EQ-024,WBM,48.4,11.4,771.1,0
2026-07-31 00:00:00,PZ-005,EQ-024,OBM,71.3,11.4,817.3,0
2026-05-01 00:00:00,PZ-005,EQ-025,WBM,81.6,15.6,569.8,0
2026-05-01 06:00:00,PZ-005,EQ-025,OBM,78.4,15.0,504.5,0
2026-05-01 12:00:00,PZ-005,EQ-025,WBM,61.9,10.7,319.7,0
2026-05-01 18:00:00,PZ-005,EQ-025,WBM,45.4,9.6,836.3,0
2026-05-02 00:00:00,PZ-005,EQ-025,WBM,69.3,14.8,634.5,0
2026-05-02 06:00:00,PZ-005,EQ-025,WBM,61.2,14.7,674.9,0
2026-05-02 12:00:00,PZ-005,EQ-025,OBM,83.9,15.0,405.5,0
2026-05-02 18:00:00,PZ-005,EQ-025,OBM,49.0,12.2,399.4,0
2026-05-03 00:00:00,PZ-005,EQ-025,OBM,75.1,12.3,387.8,0
2026-05-03 06:00:00,PZ-005,EQ-025,WBM,69.8,11.2,537.8,0
2026-05-03 12:00:00,PZ-005,EQ-025,OBM,77.4,12.1,428.2,0
2026-05-03 18:00:00,PZ-005,EQ-025,WBM,76.1,10.9,326.1,0
2026-05-04 00:00:00,PZ-005,EQ-025,WBM,79.8,13.7,441.3,0
2026-05-04 06:00:00,PZ-005,EQ-025,OBM,81.2,15.1,338.2,0
2026-05-04 12:00:00,PZ-005,EQ-025,OBM,62.3,11.1,836.9,0
2026-05-04 18:00:00,PZ-005,EQ-025,OBM,48.2,11.0,632.8,0
2026-05-05 00:00:00,PZ-005,EQ-025,OBM,71.4,11.9,680.1,0
2026-05-05 06:00:00,PZ-005,EQ-025,OBM,80.3,13.5,304.1,0
2026-05-05 12:00:00,PZ-005,EQ-025,OBM,64.4,14.7,411.3,0
2026-05-05 18:00:00,PZ-005,EQ-025,OBM,67.2,16.0,338.1,0
2026-05-06 00:00:00,PZ-005,EQ-025,WBM,83.9,15.1,373.2,0
2026-05-06 06:00:00,PZ-005,EQ-025,WBM,68.5,11.3,441.7,0
2026-05-06 12:00:00,PZ-005,EQ-025,OBM,58.2,14.3,545.4,0
2026-05-06 18:00:00,PZ-005,EQ-025,OBM,64.2,12.2,450.9,0
2026-05-07 00:00:00,PZ-005,EQ-025,OBM,53.4,13.9,487.4,0
2026-05-07 06:00:00,PZ-005,EQ-025,OBM,77.1,13.1,598.1,0
2026-05-07 12:00:00,PZ-005,EQ-025,WBM,43.6,12.3,838.3,0
2026-05-07 18:00:00,PZ-005,EQ-025,OBM,68.9,11.5,302.0,0
2026-05-08 00:00:00,PZ-005,EQ-025,OBM,82.5,10.9,806.9,0
2026-05-08 06:00:00,PZ-005,EQ-025,OBM,40.2,14.9,457.7,0
2026-05-08 12:00:00,PZ-005,EQ-025,OBM,50.0,13.5,720.7,0
2026-05-08 18:00:00,PZ-005,EQ-025,OBM,58.2,15.9,431.9,0
2026-05-09 00:00:00,PZ-005,EQ-025,OBM,63.8,11.5,545.2,0
2026-05-09 06:00:00,PZ-005,EQ-025,OBM,74.3,11.5,359.0,0
2026-05-09 12:00:00,PZ-005,EQ-025,WBM,67.7,12.6,728.3,0
2026-05-09 18:00:00,PZ-005,EQ-025,OBM,45.4,9.8,652.2,0
2026-05-10 00:00:00,PZ-005,EQ-025,OBM,63.9,13.1,562.5,0
2026-05-10 06:00:00,PZ-005,EQ-025,OBM,46.2,12.9,726.5,0
2026-05-10 12:00:00,PZ-005,EQ-025,OBM,75.1,11.7,346.0,0
2026-05-10 18:00:00,PZ-005,EQ-025,WBM,71.7,12.4,706.3,0
2026-05-11 00:00:00,PZ-005,EQ-025,OBM,83.5,14.1,803.0,0
2026-05-11 06:00:00,PZ-005,EQ-025,OBM,66.9,15.5,580.7,0
2026-05-11 12:00:00,PZ-005,EQ-025,WBM,49.8,10.5,558.7,0
2026-05-11 18:00:00,PZ-005,EQ-025,WBM,53.0,15.0,486.6,0
2026-05-12 00:00:00,PZ-005,EQ-025,WBM,59.9,9.7,845.7,0
2026-05-12 06:00:00,PZ-005,EQ-025,OBM,47.1,15.8,811.0,0
2026-05-12 12:00:00,PZ-005,EQ-025,OBM,84.7,11.9,362.2,0
2026-05-12 18:00:00,PZ-005,EQ-025,OBM,84.4,12.9,316.2,0
2026-05-13 00:00:00,PZ-005,EQ-025,OBM,41.2,11.9,385.6,0
2026-05-13 06:00:00,PZ-005,EQ-025,OBM,68.1,13.9,518.1,0
2026-05-13 12:00:00,PZ-005,EQ-025,OBM,74.2,15.0,664.6,0
2026-05-13 18:00:00,PZ-005,EQ-025,OBM,45.6,12.6,796.8,0
2026-05-14 00:00:00,PZ-005,EQ-025,WBM,72.7,11.9,368.0,0
2026-05-14 06:00:00,PZ-005,EQ-025,OBM,62.7,9.1,748.8,0
2026-05-14 12:00:00,PZ-005,EQ-025,WBM,48.5,10.1,677.5,0
2026-05-14 18:00:00,PZ-005,EQ-025,WBM,81.3,15.7,376.2,0
2026-05-15 00:00:00,PZ-005,EQ-025,OBM,46.8,10.1,485.1,0
2026-05-15 06:00:00,PZ-005,EQ-025,OBM,77.9,13.9,696.4,0
2026-05-15 12:00:00,PZ-005,EQ-025,OBM,68.6,14.1,353.3,0
2026-05-15 18:00:00,PZ-005,EQ-025,OBM,55.1,10.9,532.1,0
2026-05-16 00:00:00,PZ-005,EQ-025,WBM,49.4,13.5,422.8,0
2026-05-16 06:00:00,PZ-005,EQ-025,WBM,41.9,15.0,718.0,0
2026-05-16 12:00:00,PZ-005,EQ-025,WBM,50.8,14.7,379.6,0
2026-05-16 18:00:00,PZ-005,EQ-025,OBM,73.3,13.5,529.3,0
2026-05-17 00:00:00,PZ-005,EQ-025,OBM,76.3,9.3,508.9,0
2026-05-17 06:00:00,PZ-005,EQ-025,OBM,45.1,15.5,601.7,0
2026-05-17 12:00:00,PZ-005,EQ-025,OBM,48.6,9.9,773.7,0
2026-05-17 18:00:00,PZ-005,EQ-025,WBM,82.0,12.3,465.5,0
2026-05-18 00:00:00,PZ-005,EQ-025,OBM,45.0,11.5,475.4,0
2026-05-18 06:00:00,PZ-005,EQ-025,OBM,58.0,13.7,516.9,0
2026-05-18 12:00:00,PZ-005,EQ-025,OBM,64.1,15.9,711.0,0
2026-05-18 18:00:00,PZ-005,EQ-025,OBM,47.3,12.7,637.3,0
2026-05-19 00:00:00,PZ-005,EQ-025,WBM,79.4,15.5,349.2,0
2026-05-19 06:00:00,PZ-005,EQ-025,WBM,43.6,15.7,515.7,0
2026-05-19 12:00:00,PZ-005,EQ-025,OBM,49.6,13.7,325.4,0
2026-05-19 18:00:00,PZ-005,EQ-025,OBM,82.9,12.4,393.0,0
2026-05-20 00:00:00,PZ-005,EQ-025,OBM,43.2,9.9,792.6,0
2026-05-20 06:00:00,PZ-005,EQ-025,WBM,46.3,15.2,569.6,0
2026-05-20 12:00:00,PZ-005,EQ-025,OBM,78.0,9.2,619.5,0
2026-05-20 18:00:00,PZ-005,EQ-025,OBM,52.6,11.2,631.0,0
2026-05-21 00:00:00,PZ-005,EQ-025,WBM,44.8,15.8,396.0,0
2026-05-21 06:00:00,PZ-005,EQ-025,WBM,71.0,9.7,426.2,0
2026-05-21 12:00:00,PZ-005,EQ-025,WBM,64.0,9.9,411.3,0
2026-05-21 18:00:00,PZ-005,EQ-025,WBM,45.0,10.5,311.1,0
2026-05-22 00:00:00,PZ-005,EQ-025,WBM,44.2,15.1,336.3,0
2026-05-22 06:00:00,PZ-005,EQ-025,OBM,44.5,9.2,327.5,0
2026-05-22 12:00:00,PZ-005,EQ-025,OBM,67.9,12.8,396.1,0
2026-05-22 18:00:00,PZ-005,EQ-025,WBM,84.4,11.7,444.7,0
2026-05-23 00:00:00,PZ-005,EQ-025,OBM,72.5,11.9,787.8,0
2026-05-23 06:00:00,PZ-005,EQ-025,OBM,50.8,13.5,825.0,0
2026-05-23 12:00:00,PZ-005,EQ-025,OBM,55.5,15.4,361.9,0
2026-05-23 18:00:00,PZ-005,EQ-025,OBM,69.4,11.1,808.3,0
2026-05-24 00:00:00,PZ-005,EQ-025,OBM,45.1,9.5,574.0,0
2026-05-24 06:00:00,PZ-005,EQ-025,WBM,68.9,12.7,699.3,0
2026-05-24 12:00:00,PZ-005,EQ-025,OBM,47.2,10.5,796.8,0
2026-05-24 18:00:00,PZ-005,EQ-025,OBM,42.1,12.5,478.7,0
2026-05-25 00:00:00,PZ-005,EQ-025,OBM,50.6,10.9,712.3,0
2026-05-25 06:00:00,PZ-005,EQ-025,OBM,78.9,9.4,652.3,0
2026-05-25 12:00:00,PZ-005,EQ-025,WBM,75.0,15.6,793.9,0
2026-05-25 18:00:00,PZ-005,EQ-025,WBM,62.5,10.1,824.7,0
2026-05-26 00:00:00,PZ-005,EQ-025,OBM,55.4,13.0,325.9,0
2026-05-26 06:00:00,PZ-005,EQ-025,OBM,70.5,14.4,316.6,0
2026-05-26 12:00:00,PZ-005,EQ-025,OBM,76.6,10.7,426.3,0
2026-05-26 18:00:00,PZ-005,EQ-025,WBM,40.4,13.1,797.1,0
2026-05-27 00:00:00,PZ-005,EQ-025,OBM,65.8,15.6,739.0,0
2026-05-27 06:00:00,PZ-005,EQ-025,OBM,76.5,11.5,415.0,0
2026-05-27 12:00:00,PZ-005,EQ-025,OBM,44.1,15.1,491.9,0
2026-05-27 18:00:00,PZ-005,EQ-025,OBM,65.6,12.8,440.2,0
2026-05-28 00:00:00,PZ-005,EQ-025,OBM,40.2,11.4,325.1,0
2026-05-28 06:00:00,PZ-005,EQ-025,OBM,63.3,14.9,686.8,0
2026-05-28 12:00:00,PZ-005,EQ-025,WBM,52.0,10.8,609.1,0
2026-05-28 18:00:00,PZ-005,EQ-025,WBM,40.5,13.3,846.9,0
2026-05-29 00:00:00,PZ-005,EQ-025,OBM,75.3,11.9,463.9,0
2026-05-29 06:00:00,PZ-005,EQ-025,WBM,68.5,10.2,719.6,0
2026-05-29 12:00:00,PZ-005,EQ-025,WBM,83.1,9.7,574.4,0
2026-05-29 18:00:00,PZ-005,EQ-025,WBM,68.5,13.4,406.2,0
2026-05-30 00:00:00,PZ-005,EQ-025,OBM,53.5,10.7,714.9,0
2026-05-30 06:00:00,PZ-005,EQ-025,WBM,55.7,10.5,461.8,0
2026-05-30 12:00:00,PZ-005,EQ-025,OBM,73.8,14.5,452.6,0
2026-05-30 18:00:00,PZ-005,EQ-025,WBM,78.2,9.7,693.3,0
2026-05-31 00:00:00,PZ-005,EQ-025,WBM,80.1,14.4,629.2,0
2026-05-31 06:00:00,PZ-005,EQ-025,WBM,42.2,13.5,677.3,0
2026-05-31 12:00:00,PZ-005,EQ-025,WBM,68.3,15.6,517.1,0
2026-05-31 18:00:00,PZ-005,EQ-025,OBM,55.4,15.1,765.4,0
2026-06-01 00:00:00,PZ-005,EQ-025,OBM,84.3,13.9,653.8,0
2026-06-01 06:00:00,PZ-005,EQ-025,OBM,50.9,10.0,559.1,0
2026-06-01 12:00:00,PZ-005,EQ-025,OBM,46.3,13.8,467.3,0
2026-06-01 18:00:00,PZ-005,EQ-025,OBM,68.0,13.6,350.1,0
2026-06-02 00:00:00,PZ-005,EQ-025,WBM,57.9,13.7,330.4,0
2026-06-02 06:00:00,PZ-005,EQ-025,OBM,42.9,14.1,575.7,0
2026-06-02 12:00:00,PZ-005,EQ-025,WBM,64.6,11.1,820.7,0
2026-06-02 18:00:00,PZ-005,EQ-025,WBM,63.8,12.8,699.7,0
2026-06-03 00:00:00,PZ-005,EQ-025,OBM,72.3,12.8,423.7,0
2026-06-03 06:00:00,PZ-005,EQ-025,OBM,45.8,10.8,841.4,0
2026-06-03 12:00:00,PZ-005,EQ-025,OBM,50.2,13.0,427.5,0
2026-06-03 18:00:00,PZ-005,EQ-025,WBM,55.6,12.8,387.6,0
2026-06-04 00:00:00,PZ-005,EQ-025,WBM,62.0,14.3,611.6,0
2026-06-04 06:00:00,PZ-005,EQ-025,OBM,60.3,11.4,740.2,0
2026-06-04 12:00:00,PZ-005,EQ-025,WBM,82.9,15.5,779.0,0
2026-06-04 18:00:00,PZ-005,EQ-025,OBM,68.3,10.4,726.2,0
2026-06-05 00:00:00,PZ-005,EQ-025,WBM,79.5,15.0,775.4,0
2026-06-05 06:00:00,PZ-005,EQ-025,OBM,67.8,15.6,371.1,0
2026-06-05 12:00:00,PZ-005,EQ-025,OBM,84.0,13.5,389.4,0
2026-06-05 18:00:00,PZ-005,EQ-025,OBM,46.7,9.1,599.0,0
2026-06-06 00:00:00,PZ-005,EQ-025,OBM,51.3,13.6,489.8,0
2026-06-06 06:00:00,PZ-005,EQ-025,WBM,62.6,13.1,619.6,0
2026-06-06 12:00:00,PZ-005,EQ-025,OBM,73.3,11.3,531.4,0
2026-06-06 18:00:00,PZ-005,EQ-025,WBM,57.3,10.5,747.1,0
2026-06-07 00:00:00,PZ-005,EQ-025,OBM,79.9,15.8,500.9,0
2026-06-07 06:00:00,PZ-005,EQ-025,WBM,83.4,11.8,364.2,0
2026-06-07 12:00:00,PZ-005,EQ-025,OBM,67.1,13.3,717.3,0
2026-06-07 18:00:00,PZ-005,EQ-025,OBM,41.4,13.9,347.0,0
2026-06-08 00:00:00,PZ-005,EQ-025,OBM,66.9,10.4,744.4,0
2026-06-08 06:00:00,PZ-005,EQ-025,OBM,68.6,14.1,335.7,0
2026-06-08 12:00:00,PZ-005,EQ-025,WBM,44.3,12.2,504.7,0
2026-06-08 18:00:00,PZ-005,EQ-025,WBM,59.8,14.8,366.7,0
2026-06-09 00:00:00,PZ-005,EQ-025,OBM,62.2,11.5,553.7,0
2026-06-09 06:00:00,PZ-005,EQ-025,OBM,40.4,12.0,387.4,0
2026-06-09 12:00:00,PZ-005,EQ-025,WBM,59.2,13.5,663.9,0
2026-06-09 18:00:00,PZ-005,EQ-025,OBM,66.9,11.5,328.2,0
2026-06-10 00:00:00,PZ-005,EQ-025,WBM,84.3,14.5,522.7,0
2026-06-10 06:00:00,PZ-005,EQ-025,OBM,63.1,11.5,492.3,0
2026-06-10 12:00:00,PZ-005,EQ-025,OBM,58.6,14.3,615.6,0
2026-06-10 18:00:00,PZ-005,EQ-025,WBM,73.8,14.5,357.4,0
2026-06-11 00:00:00,PZ-005,EQ-025,OBM,45.3,13.8,711.3,0
2026-06-11 06:00:00,PZ-005,EQ-025,OBM,58.9,10.9,665.9,0
2026-06-11 12:00:00,PZ-005,EQ-025,OBM,79.2,9.2,706.2,0
2026-06-11 18:00:00,PZ-005,EQ-025,WBM,65.8,10.9,392.5,0
2026-06-12 00:00:00,PZ-005,EQ-025,OBM,41.6,12.5,412.0,0
2026-06-12 06:00:00,PZ-005,EQ-025,OBM,61.5,13.4,330.6,0
2026-06-12 12:00:00,PZ-005,EQ-025,OBM,83.5,14.9,789.1,0
2026-06-12 18:00:00,PZ-005,EQ-025,OBM,72.8,11.3,775.5,0
2026-06-13 00:00:00,PZ-005,EQ-025,OBM,73.1,14.6,821.7,0
2026-06-13 06:00:00,PZ-005,EQ-025,OBM,79.3,12.1,386.6,0
2026-06-13 12:00:00,PZ-005,EQ-025,OBM,67.1,11.0,523.7,0
2026-06-13 18:00:00,PZ-005,EQ-025,OBM,45.6,12.8,812.0,0
2026-06-14 00:00:00,PZ-005,EQ-025,WBM,72.3,13.0,325.3,0
2026-06-14 06:00:00,PZ-005,EQ-025,OBM,62.1,12.1,685.4,0
2026-06-14 12:00:00,PZ-005,EQ-025,OBM,62.0,13.3,742.9,0
2026-06-14 18:00:00,PZ-005,EQ-025,OBM,49.1,9.4,759.9,0
2026-06-15 00:00:00,PZ-005,EQ-025,WBM,63.7,15.0,793.2,0
2026-06-15 06:00:00,PZ-005,EQ-025,OBM,72.8,12.7,373.9,0
2026-06-15 12:00:00,PZ-005,EQ-025,OBM,52.8,13.0,840.9,0
2026-06-15 18:00:00,PZ-005,EQ-025,WBM,75.8,9.2,653.8,0
2026-06-16 00:00:00,PZ-005,EQ-025,OBM,45.4,11.3,309.4,0
2026-06-16 06:00:00,PZ-005,EQ-025,OBM,48.0,13.2,365.0,0
2026-06-16 12:00:00,PZ-005,EQ-025,OBM,57.4,12.7,568.7,0
2026-06-16 18:00:00,PZ-005,EQ-025,OBM,73.1,10.5,682.8,0
2026-06-17 00:00:00,PZ-005,EQ-025,WBM,50.8,13.6,744.3,0
2026-06-17 06:00:00,PZ-005,EQ-025,OBM,82.2,14.1,598.1,0
2026-06-17 12:00:00,PZ-005,EQ-025,WBM,51.9,15.8,822.4,0
2026-06-17 18:00:00,PZ-005,EQ-025,WBM,66.4,12.7,411.7,0
2026-06-18 00:00:00,PZ-005,EQ-025,OBM,50.8,15.7,571.0,0
2026-06-18 06:00:00,PZ-005,EQ-025,OBM,79.9,12.7,597.5,0
2026-06-18 12:00:00,PZ-005,EQ-025,OBM,57.2,13.5,465.4,0
2026-06-18 18:00:00,PZ-005,EQ-025,OBM,61.4,9.7,644.8,0
2026-06-19 00:00:00,PZ-005,EQ-025,WBM,43.8,9.3,317.5,0
2026-06-19 06:00:00,PZ-005,EQ-025,OBM,49.1,15.4,374.4,0
2026-06-19 12:00:00,PZ-005,EQ-025,OBM,43.4,11.4,356.0,0
2026-06-19 18:00:00,PZ-005,EQ-025,WBM,40.8,14.1,729.5,0
2026-06-20 00:00:00,PZ-005,EQ-025,WBM,50.6,9.8,566.3,0
2026-06-20 06:00:00,PZ-005,EQ-025,OBM,75.0,9.7,668.5,0
2026-06-20 12:00:00,PZ-005,EQ-025,WBM,70.7,10.4,427.0,0
2026-06-20 18:00:00,PZ-005,EQ-025,OBM,71.4,11.2,595.2,0
2026-06-21 00:00:00,PZ-005,EQ-025,WBM,43.1,13.3,771.6,0
2026-06-21 06:00:00,PZ-005,EQ-025,OBM,47.9,13.6,826.2,0
2026-06-21 12:00:00,PZ-005,EQ-025,WBM,79.7,13.9,367.1,0
2026-06-21 18:00:00,PZ-005,EQ-025,WBM,72.8,9.0,555.5,0
2026-06-22 00:00:00,PZ-005,EQ-025,OBM,66.4,13.9,632.0,0
2026-06-22 06:00:00,PZ-005,EQ-025,OBM,74.5,10.3,504.9,0
2026-06-22 12:00:00,PZ-005,EQ-025,OBM,68.3,14.0,396.0,0
2026-06-22 18:00:00,PZ-005,EQ-025,OBM,84.3,14.6,405.9,0
2026-06-23 00:00:00,PZ-005,EQ-025,WBM,46.9,9.8,831.1,0
2026-06-23 06:00:00,PZ-005,EQ-025,OBM,64.7,14.9,656.9,0
2026-06-23 12:00:00,PZ-005,EQ-025,OBM,61.7,15.8,645.6,0
2026-06-23 18:00:00,PZ-005,EQ-025,WBM,84.4,9.5,842.1,0
2026-06-24 00:00:00,PZ-005,EQ-025,OBM,70.3,13.3,848.1,0
2026-06-24 06:00:00,PZ-005,EQ-025,OBM,43.9,11.6,776.3,0
2026-06-24 12:00:00,PZ-005,EQ-025,WBM,55.7,9.1,791.0,0
2026-06-24 18:00:00,PZ-005,EQ-025,OBM,74.2,15.5,453.9,0
2026-06-25 00:00:00,PZ-005,EQ-025,OBM,71.8,16.0,389.6,0
2026-06-25 06:00:00,PZ-005,EQ-025,WBM,72.7,15.2,401.1,0
2026-06-25 12:00:00,PZ-005,EQ-025,OBM,45.5,13.4,411.3,0
2026-06-25 18:00:00,PZ-005,EQ-025,WBM,70.8,11.8,612.0,0
2026-06-26 00:00:00,PZ-005,EQ-025,OBM,80.3,11.0,627.3,0
2026-06-26 06:00:00,PZ-005,EQ-025,WBM,62.5,9.3,534.8,0
2026-06-26 12:00:00,PZ-005,EQ-025,OBM,56.1,10.3,591.3,0
2026-06-26 18:00:00,PZ-005,EQ-025,WBM,78.1,11.3,704.6,0
2026-06-27 00:00:00,PZ-005,EQ-025,WBM,73.2,11.6,516.1,0
2026-06-27 06:00:00,PZ-005,EQ-025,OBM,47.7,11.1,656.8,0
2026-06-27 12:00:00,PZ-005,EQ-025,OBM,66.8,13.1,381.5,0
2026-06-27 18:00:00,PZ-005,EQ-025,WBM,58.8,10.5,357.4,0
2026-06-28 00:00:00,PZ-005,EQ-025,OBM,62.4,15.1,629.8,0
2026-06-28 06:00:00,PZ-005,EQ-025,OBM,50.2,10.3,825.3,0
2026-06-28 12:00:00,PZ-005,EQ-025,OBM,79.3,11.3,734.0,0
2026-06-28 18:00:00,PZ-005,EQ-025,OBM,48.5,15.7,451.1,0
2026-06-29 00:00:00,PZ-005,EQ-025,WBM,81.6,12.0,667.8,0
2026-06-29 06:00:00,PZ-005,EQ-025,WBM,57.5,11.2,455.6,0
2026-06-29 12:00:00,PZ-005,EQ-025,OBM,43.5,13.7,531.0,0
2026-06-29 18:00:00,PZ-005,EQ-025,OBM,72.4,15.0,807.4,0
2026-06-30 00:00:00,PZ-005,EQ-025,OBM,83.0,9.8,587.5,0
2026-06-30 06:00:00,PZ-005,EQ-025,OBM,74.4,15.2,657.5,0
2026-06-30 12:00:00,PZ-005,EQ-025,WBM,45.6,12.4,757.9,0
2026-06-30 18:00:00,PZ-005,EQ-025,OBM,76.5,10.4,410.2,0
2026-07-01 00:00:00,PZ-005,EQ-025,WBM,48.4,10.9,312.4,0
2026-07-01 06:00:00,PZ-005,EQ-025,WBM,50.7,9.9,550.7,0
2026-07-01 12:00:00,PZ-005,EQ-025,OBM,51.4,9.2,704.8,0
2026-07-01 18:00:00,PZ-005,EQ-025,OBM,76.4,9.3,377.8,0
2026-07-02 00:00:00,PZ-005,EQ-025,WBM,47.8,11.2,710.5,0
2026-07-02 06:00:00,PZ-005,EQ-025,WBM,65.4,12.6,560.7,0
2026-07-02 12:00:00,PZ-005,EQ-025,OBM,65.9,12.2,345.0,0
2026-07-02 18:00:00,PZ-005,EQ-025,WBM,79.1,11.7,676.2,0
2026-07-03 00:00:00,PZ-005,EQ-025,WBM,67.6,12.8,427.8,0
2026-07-03 06:00:00,PZ-005,EQ-025,WBM,48.7,11.4,834.7,0
2026-07-03 12:00:00,PZ-005,EQ-025,OBM,70.3,15.9,605.6,0
2026-07-03 18:00:00,PZ-005,EQ-025,WBM,68.2,14.3,356.8,0
2026-07-04 00:00:00,PZ-005,EQ-025,OBM,45.1,11.4,594.3,0
2026-07-04 06:00:00,PZ-005,EQ-025,WBM,61.4,14.1,532.2,0
2026-07-04 12:00:00,PZ-005,EQ-025,WBM,51.7,9.9,597.7,0
2026-07-04 18:00:00,PZ-005,EQ-025,OBM,81.3,10.5,798.7,0
2026-07-05 00:00:00,PZ-005,EQ-025,WBM,73.1,9.6,680.7,0
2026-07-05 06:00:00,PZ-005,EQ-025,OBM,42.5,9.4,811.7,0
2026-07-05 12:00:00,PZ-005,EQ-025,OBM,73.4,14.0,637.3,0
2026-07-05 18:00:00,PZ-005,EQ-025,WBM,73.3,13.1,799.1,0
2026-07-06 00:00:00,PZ-005,EQ-025,WBM,75.5,15.7,446.7,0
2026-07-06 06:00:00,PZ-005,EQ-025,OBM,57.8,14.8,778.7,0
2026-07-06 12:00:00,PZ-005,EQ-025,OBM,42.2,11.9,338.4,0
2026-07-06 18:00:00,PZ-005,EQ-025,OBM,73.1,14.3,374.0,0
2026-07-07 00:00:00,PZ-005,EQ-025,WBM,73.0,10.1,455.1,0
2026-07-07 06:00:00,PZ-005,EQ-025,WBM,68.5,11.2,345.0,0
2026-07-07 12:00:00,PZ-005,EQ-025,OBM,81.0,11.9,641.5,0
2026-07-07 18:00:00,PZ-005,EQ-025,WBM,55.5,12.7,682.4,0
2026-07-08 00:00:00,PZ-005,EQ-025,OBM,83.2,9.2,390.1,0
2026-07-08 06:00:00,PZ-005,EQ-025,WBM,74.4,13.4,326.2,0
2026-07-08 12:00:00,PZ-005,EQ-025,OBM,50.5,10.2,759.7,0
2026-07-08 18:00:00,PZ-005,EQ-025,OBM,43.8,13.4,778.2,0
2026-07-09 00:00:00,PZ-005,EQ-025,WBM,82.7,9.5,606.3,0
2026-07-09 06:00:00,PZ-005,EQ-025,OBM,70.6,15.0,670.3,0
2026-07-09 12:00:00,PZ-005,EQ-025,WBM,59.2,12.8,426.3,0
2026-07-09 18:00:00,PZ-005,EQ-025,WBM,69.6,15.1,703.0,0
2026-07-10 00:00:00,PZ-005,EQ-025,OBM,44.1,10.4,376.6,0
2026-07-10 06:00:00,PZ-005,EQ-025,OBM,50.7,15.9,376.6,0
2026-07-10 12:00:00,PZ-005,EQ-025,OBM,76.4,11.6,398.9,0
2026-07-10 18:00:00,PZ-005,EQ-025,OBM,40.7,9.1,452.7,0
2026-07-11 00:00:00,PZ-005,EQ-025,WBM,49.5,9.8,454.3,0
2026-07-11 06:00:00,PZ-005,EQ-025,WBM,40.7,9.9,705.9,0
2026-07-11 12:00:00,PZ-005,EQ-025,OBM,40.9,14.0,411.0,0
2026-07-11 18:00:00,PZ-005,EQ-025,OBM,61.9,14.2,752.0,0
2026-07-12 00:00:00,PZ-005,EQ-025,OBM,43.1,12.9,580.2,0
2026-07-12 06:00:00,PZ-005,EQ-025,WBM,58.5,10.1,304.8,0
2026-07-12 12:00:00,PZ-005,EQ-025,OBM,50.3,9.0,789.5,0
2026-07-12 18:00:00,PZ-005,EQ-025,OBM,56.5,10.1,629.3,0
2026-07-13 00:00:00,PZ-005,EQ-025,OBM,83.8,10.3,766.7,0
2026-07-13 06:00:00,PZ-005,EQ-025,WBM,45.3,15.0,698.8,0
2026-07-13 12:00:00,PZ-005,EQ-025,WBM,78.0,15.5,631.3,0
2026-07-13 18:00:00,PZ-005,EQ-025,WBM,45.7,10.0,452.2,0
2026-07-14 00:00:00,PZ-005,EQ-025,OBM,82.5,15.0,580.0,0
2026-07-14 06:00:00,PZ-005,EQ-025,WBM,78.7,11.0,474.9,0
2026-07-14 12:00:00,PZ-005,EQ-025,WBM,51.1,11.9,642.7,0
2026-07-14 18:00:00,PZ-005,EQ-025,OBM,48.2,9.4,491.5,0
2026-07-15 00:00:00,PZ-005,EQ-025,WBM,77.7,11.6,406.3,0
2026-07-15 06:00:00,PZ-005,EQ-025,OBM,84.5,11.1,410.2,0
2026-07-15 12:00:00,PZ-005,EQ-025,OBM,46.8,10.7,685.9,0
2026-07-15 18:00:00,PZ-005,EQ-025,OBM,84.1,13.6,499.5,0
2026-07-16 00:00:00,PZ-005,EQ-025,OBM,57.4,11.4,392.3,0
2026-07-16 06:00:00,PZ-005,EQ-025,OBM,79.7,13.3,406.0,0
2026-07-16 12:00:00,PZ-005,EQ-025,WBM,64.6,15.4,484.1,0
2026-07-16 18:00:00,PZ-005,EQ-025,WBM,81.8,11.5,506.0,0
2026-07-17 00:00:00,PZ-005,EQ-025,WBM,60.2,12.5,570.1,0
2026-07-17 06:00:00,PZ-005,EQ-025,WBM,52.8,14.9,515.6,0
2026-07-17 12:00:00,PZ-005,EQ-025,OBM,64.8,13.3,429.3,0
2026-07-17 18:00:00,PZ-005,EQ-025,OBM,72.4,15.1,314.4,0
2026-07-18 00:00:00,PZ-005,EQ-025,OBM,41.5,14.3,844.3,0
2026-07-18 06:00:00,PZ-005,EQ-025,OBM,60.4,13.8,613.5,0
2026-07-18 12:00:00,PZ-005,EQ-025,OBM,58.8,14.2,655.0,0
2026-07-18 18:00:00,PZ-005,EQ-025,OBM,51.9,11.2,589.8,0
2026-07-19 00:00:00,PZ-005,EQ-025,OBM,61.1,13.0,691.8,0
2026-07-19 06:00:00,PZ-005,EQ-025,WBM,55.9,9.3,668.4,0
2026-07-19 12:00:00,PZ-005,EQ-025,OBM,59.3,9.3,508.8,0
2026-07-19 18:00:00,PZ-005,EQ-025,WBM,57.0,15.8,828.0,0
2026-07-20 00:00:00,PZ-005,EQ-025,WBM,74.4,9.1,331.0,0
2026-07-20 06:00:00,PZ-005,EQ-025,OBM,56.8,14.2,362.9,0
2026-07-20 12:00:00,PZ-005,EQ-025,OBM,49.3,13.2,546.2,0
2026-07-20 18:00:00,PZ-005,EQ-025,OBM,59.6,13.2,439.2,0
2026-07-21 00:00:00,PZ-005,EQ-025,WBM,61.7,11.4,481.2,0
2026-07-21 06:00:00,PZ-005,EQ-025,OBM,60.6,10.4,835.3,0
2026-07-21 12:00:00,PZ-005,EQ-025,WBM,52.2,15.7,453.4,0
2026-07-21 18:00:00,PZ-005,EQ-025,OBM,81.8,13.2,511.4,0
2026-07-22 00:00:00,PZ-005,EQ-025,WBM,77.4,10.9,749.6,0
2026-07-22 06:00:00,PZ-005,EQ-025,WBM,42.5,10.4,631.5,0
2026-07-22 12:00:00,PZ-005,EQ-025,OBM,45.4,10.0,816.3,0
2026-07-22 18:00:00,PZ-005,EQ-025,OBM,61.5,10.1,508.6,0
2026-07-23 00:00:00,PZ-005,EQ-025,OBM,67.0,9.4,766.7,0
2026-07-23 06:00:00,PZ-005,EQ-025,OBM,48.0,10.2,699.4,0
2026-07-23 12:00:00,PZ-005,EQ-025,OBM,43.4,14.0,533.3,0
2026-07-23 18:00:00,PZ-005,EQ-025,OBM,71.5,12.7,367.6,0
2026-07-24 00:00:00,PZ-005,EQ-025,WBM,81.5,15.3,410.2,0
2026-07-24 06:00:00,PZ-005,EQ-025,WBM,70.5,15.0,656.6,0
2026-07-24 12:00:00,PZ-005,EQ-025,WBM,43.1,13.3,824.3,0
2026-07-24 18:00:00,PZ-005,EQ-025,OBM,54.8,13.1,474.1,0
2026-07-25 00:00:00,PZ-005,EQ-025,WBM,68.4,14.1,684.2,0
2026-07-25 06:00:00,PZ-005,EQ-025,OBM,69.9,15.5,574.8,0
2026-07-25 12:00:00,PZ-005,EQ-025,WBM,64.4,15.8,645.6,0
2026-07-25 18:00:00,PZ-005,EQ-025,OBM,48.2,9.3,355.1,0
2026-07-26 00:00:00,PZ-005,EQ-025,OBM,52.1,12.5,628.5,0
2026-07-26 06:00:00,PZ-005,EQ-025,WBM,42.5,12.1,738.8,0
2026-07-26 12:00:00,PZ-005,EQ-025,WBM,52.1,12.9,323.8,0
2026-07-26 18:00:00,PZ-005,EQ-025,OBM,61.8,11.3,416.6,0
2026-07-27 00:00:00,PZ-005,EQ-025,OBM,44.2,9.4,362.9,0
2026-07-27 06:00:00,PZ-005,EQ-025,WBM,55.0,12.0,578.9,0
2026-07-27 12:00:00,PZ-005,EQ-025,WBM,64.0,14.2,814.1,0
2026-07-27 18:00:00,PZ-005,EQ-025,WBM,71.7,13.9,526.7,0
2026-07-28 00:00:00,PZ-005,EQ-025,WBM,84.7,12.9,487.8,0
2026-07-28 06:00:00,PZ-005,EQ-025,OBM,66.0,13.5,621.7,0
2026-07-28 12:00:00,PZ-005,EQ-025,OBM,66.6,12.3,630.1,0
2026-07-28 18:00:00,PZ-005,EQ-025,WBM,62.3,12.1,518.9,0
2026-07-29 00:00:00,PZ-005,EQ-025,WBM,62.5,15.5,388.7,0
2026-07-29 06:00:00,PZ-005,EQ-025,WBM,54.4,14.4,713.2,0
2026-07-29 12:00:00,PZ-005,EQ-025,OBM,50.7,11.0,512.5,0
2026-07-29 18:00:00,PZ-005,EQ-025,OBM,81.8,13.0,771.4,0
2026-07-30 00:00:00,PZ-005,EQ-025,OBM,48.9,11.5,475.9,0
2026-07-30 06:00:00,PZ-005,EQ-025,OBM,59.9,10.9,461.9,0
2026-07-30 12:00:00,PZ-005,EQ-025,OBM,60.2,15.5,811.5,0
2026-07-30 18:00:00,PZ-005,EQ-025,OBM,45.2,14.0,748.3,0
2026-07-31 00:00:00,PZ-005,EQ-025,OBM,67.8,14.0,780.7,0
